line,train_id,source_file,source_pages,recorded_stops
Central Main,95001,1728294831372-SUB PTT DN ML'24(1).pdf,1,22
Central Main,95002,1728294891897-SUB PTT UP ML'24(1).pdf,2,24
Central Main,95003,1728294831372-SUB PTT DN ML'24(1).pdf,3,23
Central Main,95004,1728294891897-SUB PTT UP ML'24(1).pdf,4,23
Central Main,95005,1728294831372-SUB PTT DN ML'24(1).pdf,8,22
Central Main,95006,1728294891897-SUB PTT UP ML'24(1).pdf,9,23
Central Main,95007,1728294831372-SUB PTT DN ML'24(1).pdf,10,23
Central Main,95008,1728294891897-SUB PTT UP ML'24(1).pdf,16,22
Central Main,95009,1728294831372-SUB PTT DN ML'24(1).pdf,13,22
Central Main,95010,1728294891897-SUB PTT UP ML'24(1).pdf,21,22
Central Main,95011,1728294831372-SUB PTT DN ML'24(1).pdf,16,24
Central Main,95012,1728294891897-SUB PTT UP ML'24(1).pdf,23,23
Central Main,95013,1728294831372-SUB PTT DN ML'24(1).pdf,17,23
Central Main,95015,1728294831372-SUB PTT DN ML'24(1).pdf,18,23
Central Main,95101,1728294831372-SUB PTT DN ML'24(1).pdf,2,17
Central Main,95102,1728294891897-SUB PTT UP ML'24(1).pdf,2,20
Central Main,95103,1728294831372-SUB PTT DN ML'24(1).pdf,2,18
Central Main,95104,1728294891897-SUB PTT UP ML'24(1).pdf,3,20
Central Main,95105,1728294831372-SUB PTT DN ML'24(1).pdf,3,18
Central Main,95106,1728294891897-SUB PTT UP ML'24(1).pdf,4,18
Central Main,95107,1728294831372-SUB PTT DN ML'24(1).pdf,4,18
Central Main,95108,1728294891897-SUB PTT UP ML'24(1).pdf,5,18
Central Main,95109,1728294831372-SUB PTT DN ML'24(1).pdf,4,18
Central Main,95110,1728294891897-SUB PTT UP ML'24(1).pdf,5,19
Central Main,95111,1728294831372-SUB PTT DN ML'24(1).pdf,5,18
Central Main,95112,1728294891897-SUB PTT UP ML'24(1).pdf,7,17
Central Main,95113,1728294831372-SUB PTT DN ML'24(1).pdf,6,18
Central Main,95114,1728294891897-SUB PTT UP ML'24(1).pdf,8,17
Central Main,95115,1728294831372-SUB PTT DN ML'24(1).pdf,7,18
Central Main,95116,1728294891897-SUB PTT UP ML'24(1).pdf,10,19
Central Main,95117,1728294831372-SUB PTT DN ML'24(1).pdf,7,18
Central Main,95118,1728294891897-SUB PTT UP ML'24(1).pdf,11,17
Central Main,95119,1728294831372-SUB PTT DN ML'24(1).pdf,9,19
Central Main,95120,1728294891897-SUB PTT UP ML'24(1).pdf,12,18
Central Main,95121,1728294831372-SUB PTT DN ML'24(1).pdf,9,18
Central Main,95122,1728294891897-SUB PTT UP ML'24(1).pdf,13,19
Central Main,95123,1728294831372-SUB PTT DN ML'24(1).pdf,10,18
Central Main,95124,1728294891897-SUB PTT UP ML'24(1).pdf,14,18
Central Main,95125,1728294831372-SUB PTT DN ML'24(1).pdf,11,19
Central Main,95126,1728294891897-SUB PTT UP ML'24(1).pdf,14,17
Central Main,95127,1728294831372-SUB PTT DN ML'24(1).pdf,11,18
Central Main,95128,1728294891897-SUB PTT UP ML'24(1).pdf,16,17
Central Main,95129,1728294831372-SUB PTT DN ML'24(1).pdf,14,18
Central Main,95130,1728294891897-SUB PTT UP ML'24(1).pdf,18,18
Central Main,95131,1728294831372-SUB PTT DN ML'24(1).pdf,14,17
Central Main,95132,1728294891897-SUB PTT UP ML'24(1).pdf,19,18
Central Main,95133,1728294831372-SUB PTT DN ML'24(1).pdf,16,18
Central Main,95134,1728294891897-SUB PTT UP ML'24(1).pdf,22,17
Central Main,95135,1728294831372-SUB PTT DN ML'24(1).pdf,17,18
Central Main,95136,1728294891897-SUB PTT UP ML'24(1).pdf,23,17
Central Main,95138,1728294891897-SUB PTT UP ML'24(1).pdf,24,18
Central Main,95140,1728294891897-SUB PTT UP ML'24(1).pdf,25,17
Central Main,95142,1728294891897-SUB PTT UP ML'24(1).pdf,27,18
Central Main,95144,1728294891897-SUB PTT UP ML'24(1).pdf,27,18
Central Main,95146,1728294891897-SUB PTT UP ML'24(1).pdf,28,18
Central Main,95201,1728294831372-SUB PTT DN ML'24(1).pdf,2,13
Central Main,95202,1728294891897-SUB PTT UP ML'24(1).pdf,3,12
Central Main,95203,1728294831372-SUB PTT DN ML'24(1).pdf,3,13
Central Main,95204,1728294891897-SUB PTT UP ML'24(1).pdf,6,14
Central Main,95205,1728294831372-SUB PTT DN ML'24(1).pdf,3,14
Central Main,95206,1728294891897-SUB PTT UP ML'24(1).pdf,7,13
Central Main,95207,1728294831372-SUB PTT DN ML'24(1).pdf,4,13
Central Main,95208,1728294891897-SUB PTT UP ML'24(1).pdf,9,13
Central Main,95209,1728294831372-SUB PTT DN ML'24(1).pdf,5,14
Central Main,95210,1728294891897-SUB PTT UP ML'24(1).pdf,11,13
Central Main,95211,1728294831372-SUB PTT DN ML'24(1).pdf,5,13
Central Main,95212,1728294891897-SUB PTT UP ML'24(1).pdf,13,12
Central Main,95213,1728294831372-SUB PTT DN ML'24(1).pdf,6,14
Central Main,95214,1728294891897-SUB PTT UP ML'24(1).pdf,13,10
Central Main,95215,1728294831372-SUB PTT DN ML'24(1).pdf,6,14
Central Main,95216,1728294891897-SUB PTT UP ML'24(1).pdf,14,14
Central Main,95217,1728294831372-SUB PTT DN ML'24(1).pdf,6,14
Central Main,95218,1728294891897-SUB PTT UP ML'24(1).pdf,15,10
Central Main,95219,1728294831372-SUB PTT DN ML'24(1).pdf,7,14
Central Main,95220,1728294891897-SUB PTT UP ML'24(1).pdf,15,13
Central Main,95221,1728294831372-SUB PTT DN ML'24(1).pdf,7,10
Central Main,95222,1728294891897-SUB PTT UP ML'24(1).pdf,17,13
Central Main,95223,1728294831372-SUB PTT DN ML'24(1).pdf,8,12
Central Main,95224,1728294891897-SUB PTT UP ML'24(1).pdf,17,13
Central Main,95225,1728294831372-SUB PTT DN ML'24(1).pdf,8,10
Central Main,95226,1728294891897-SUB PTT UP ML'24(1).pdf,18,13
Central Main,95227,1728294831372-SUB PTT DN ML'24(1).pdf,9,12
Central Main,95228,1728294891897-SUB PTT UP ML'24(1).pdf,19,13
Central Main,95229,1728294831372-SUB PTT DN ML'24(1).pdf,9,14
Central Main,95230,1728294891897-SUB PTT UP ML'24(1).pdf,20,12
Central Main,95231,1728294831372-SUB PTT DN ML'24(1).pdf,10,12
Central Main,95232,1728294891897-SUB PTT UP ML'24(1).pdf,20,14
Central Main,95233,1728294831372-SUB PTT DN ML'24(1).pdf,11,13
Central Main,95234,1728294891897-SUB PTT UP ML'24(1).pdf,21,13
Central Main,95235,1728294831372-SUB PTT DN ML'24(1).pdf,12,13
Central Main,95236,1728294891897-SUB PTT UP ML'24(1).pdf,22,13
Central Main,95237,1728294831372-SUB PTT DN ML'24(1).pdf,12,12
Central Main,95238,1728294891897-SUB PTT UP ML'24(1).pdf,23,13
Central Main,95239,1728294831372-SUB PTT DN ML'24(1).pdf,13,12
Central Main,95240,1728294891897-SUB PTT UP ML'24(1).pdf,25,12
Central Main,95241,1728294831372-SUB PTT DN ML'24(1).pdf,14,14
Central Main,95242,1728294891897-SUB PTT UP ML'24(1).pdf,25,13
Central Main,95243,1728294831372-SUB PTT DN ML'24(1).pdf,15,13
Central Main,95244,1728294891897-SUB PTT UP ML'24(1).pdf,26,12
Central Main,95245,1728294831372-SUB PTT DN ML'24(1).pdf,15,12
Central Main,95246,1728294891897-SUB PTT UP ML'24(1).pdf,27,13
Central Main,95247,1728294831372-SUB PTT DN ML'24(1).pdf,17,13
Central Main,95248,1728294891897-SUB PTT UP ML'24(1).pdf,28,13
Central Main,95301,1728294831372-SUB PTT DN ML'24(1).pdf,4,10
Central Main,95302,1728294891897-SUB PTT UP ML'24(1).pdf,4,11
Central Main,95303,1728294831372-SUB PTT DN ML'24(1).pdf,4,12
Central Main,95304,1728294891897-SUB PTT UP ML'24(1).pdf,5,12
Central Main,95305,1728294831372-SUB PTT DN ML'24(1).pdf,5,12
Central Main,95306,1728294891897-SUB PTT UP ML'24(1).pdf,5,12
Central Main,95307,1728294831372-SUB PTT DN ML'24(1).pdf,6,12
Central Main,95308,1728294891897-SUB PTT UP ML'24(1).pdf,6,12
Central Main,95309,1728294831372-SUB PTT DN ML'24(1).pdf,6,12
Central Main,95310,1728294891897-SUB PTT UP ML'24(1).pdf,6,13
Central Main,95311,1728294831372-SUB PTT DN ML'24(1).pdf,6,13
Central Main,95312,1728294891897-SUB PTT UP ML'24(1).pdf,7,13
Central Main,95313,1728294831372-SUB PTT DN ML'24(1).pdf,7,11
Central Main,95314,1728294891897-SUB PTT UP ML'24(1).pdf,9,12
Central Main,95315,1728294831372-SUB PTT DN ML'24(1).pdf,7,13
Central Main,95316,1728294891897-SUB PTT UP ML'24(1).pdf,10,11
Central Main,95317,1728294831372-SUB PTT DN ML'24(1).pdf,9,10
Central Main,95318,1728294891897-SUB PTT UP ML'24(1).pdf,12,10
Central Main,95319,1728294831372-SUB PTT DN ML'24(1).pdf,11,13
Central Main,95320,1728294891897-SUB PTT UP ML'24(1).pdf,15,12
Central Main,95321,1728294831372-SUB PTT DN ML'24(1).pdf,12,13
Central Main,95322,1728294891897-SUB PTT UP ML'24(1).pdf,16,12
Central Main,95323,1728294831372-SUB PTT DN ML'24(1).pdf,13,12
Central Main,95324,1728294891897-SUB PTT UP ML'24(1).pdf,17,12
Central Main,95325,1728294831372-SUB PTT DN ML'24(1).pdf,13,11
Central Main,95326,1728294891897-SUB PTT UP ML'24(1).pdf,19,12
Central Main,95327,1728294831372-SUB PTT DN ML'24(1).pdf,14,12
Central Main,95328,1728294891897-SUB PTT UP ML'24(1).pdf,19,10
Central Main,95329,1728294831372-SUB PTT DN ML'24(1).pdf,15,10
Central Main,95330,1728294891897-SUB PTT UP ML'24(1).pdf,21,12
Central Main,95331,1728294831372-SUB PTT DN ML'24(1).pdf,15,13
Central Main,95332,1728294891897-SUB PTT UP ML'24(1).pdf,21,12
Central Main,95333,1728294831372-SUB PTT DN ML'24(1).pdf,16,13
Central Main,95334,1728294891897-SUB PTT UP ML'24(1).pdf,22,9
Central Main,95336,1728294891897-SUB PTT UP ML'24(1).pdf,23,10
Central Main,95338,1728294891897-SUB PTT UP ML'24(1).pdf,24,11
Central Main,95340,1728294891897-SUB PTT UP ML'24(1).pdf,25,12
Central Main,95342,1728294891897-SUB PTT UP ML'24(1).pdf,26,11
Central Main,95344,1728294891897-SUB PTT UP ML'24(1).pdf,26,11
Central Main,95401,1728294831372-SUB PTT DN ML'24(1).pdf,3,21
Central Main,95402,1728294891897-SUB PTT UP ML'24(1).pdf,4,21
Central Main,95403,1728294831372-SUB PTT DN ML'24(1).pdf,4,20
Central Main,95404,1728294891897-SUB PTT UP ML'24(1).pdf,6,20
Central Main,95405,1728294831372-SUB PTT DN ML'24(1).pdf,5,20
Central Main,95406,1728294891897-SUB PTT UP ML'24(1).pdf,6,21
Central Main,95407,1728294831372-SUB PTT DN ML'24(1).pdf,6,20
Central Main,95408,1728294891897-SUB PTT UP ML'24(1).pdf,9,25
Central Main,95409,1728294831372-SUB PTT DN ML'24(1).pdf,8,21
Central Main,95410,1728294891897-SUB PTT UP ML'24(1).pdf,11,21
Central Main,95411,1728294831372-SUB PTT DN ML'24(1).pdf,8,21
Central Main,95412,1728294891897-SUB PTT UP ML'24(1).pdf,12,20
Central Main,95413,1728294831372-SUB PTT DN ML'24(1).pdf,10,21
Central Main,95414,1728294891897-SUB PTT UP ML'24(1).pdf,14,20
Central Main,95415,1728294831372-SUB PTT DN ML'24(1).pdf,12,24
Central Main,95416,1728294891897-SUB PTT UP ML'24(1).pdf,16,20
Central Main,95417,1728294831372-SUB PTT DN ML'24(1).pdf,14,20
Central Main,95418,1728294891897-SUB PTT UP ML'24(1).pdf,17,21
Central Main,95419,1728294831372-SUB PTT DN ML'24(1).pdf,15,20
Central Main,95420,1728294891897-SUB PTT UP ML'24(1).pdf,19,20
Central Main,95421,1728294831372-SUB PTT DN ML'24(1).pdf,16,20
Central Main,95422,1728294891897-SUB PTT UP ML'24(1).pdf,20,20
Central Main,95423,1728294831372-SUB PTT DN ML'24(1).pdf,18,20
Central Main,95424,1728294891897-SUB PTT UP ML'24(1).pdf,22,21
Central Main,95426,1728294891897-SUB PTT UP ML'24(1).pdf,24,20
Central Main,95428,1728294891897-SUB PTT UP ML'24(1).pdf,27,20
Central Main,95430,1728294891897-SUB PTT UP ML'24(1).pdf,28,20
Central Main,95501,1728294831372-SUB PTT DN ML'24(1).pdf,3,15
Central Main,95502,1728294891897-SUB PTT UP ML'24(1).pdf,5,15
Central Main,95503,1728294831372-SUB PTT DN ML'24(1).pdf,5,15
Central Main,95504,1728294891897-SUB PTT UP ML'24(1).pdf,8,16
Central Main,95505,1728294831372-SUB PTT DN ML'24(1).pdf,9,15
Central Main,95506,1728294891897-SUB PTT UP ML'24(1).pdf,17,14
Central Main,95507,1728294831372-SUB PTT DN ML'24(1).pdf,10,15
Central Main,95508,1728294891897-SUB PTT UP ML'24(1).pdf,18,15
Central Main,95509,1728294831372-SUB PTT DN ML'24(1).pdf,11,16
Central Main,95510,1728294891897-SUB PTT UP ML'24(1).pdf,20,15
Central Main,95511,1728294831372-SUB PTT DN ML'24(1).pdf,12,15
Central Main,95512,1728294891897-SUB PTT UP ML'24(1).pdf,22,16
Central Main,95513,1728294831372-SUB PTT DN ML'24(1).pdf,13,14
Central Main,95514,1728294891897-SUB PTT UP ML'24(1).pdf,24,15
Central Main,95515,1728294831372-SUB PTT DN ML'24(1).pdf,14,14
Central Main,95516,1728294891897-SUB PTT UP ML'24(1).pdf,26,16
Central Main,95517,1728294831372-SUB PTT DN ML'24(1).pdf,16,20
Central Main,95601,1728294831372-SUB PTT DN ML'24(1).pdf,5,12
Central Main,95602,1728294891897-SUB PTT UP ML'24(1).pdf,4,12
Central Main,95603,1728294831372-SUB PTT DN ML'24(1).pdf,5,13
Central Main,95604,1728294891897-SUB PTT UP ML'24(1).pdf,8,17
Central Main,95605,1728294831372-SUB PTT DN ML'24(1).pdf,5,13
Central Main,95606,1728294891897-SUB PTT UP ML'24(1).pdf,11,11
Central Main,95607,1728294831372-SUB PTT DN ML'24(1).pdf,7,12
Central Main,95608,1728294891897-SUB PTT UP ML'24(1).pdf,18,12
Central Main,95609,1728294831372-SUB PTT DN ML'24(1).pdf,7,17
Central Main,95610,1728294891897-SUB PTT UP ML'24(1).pdf,19,11
Central Main,95611,1728294831372-SUB PTT DN ML'24(1).pdf,11,9
Central Main,95612,1728294891897-SUB PTT UP ML'24(1).pdf,20,11
Central Main,95613,1728294831372-SUB PTT DN ML'24(1).pdf,13,12
Central Main,95614,1728294891897-SUB PTT UP ML'24(1).pdf,21,11
Central Main,95615,1728294831372-SUB PTT DN ML'24(1).pdf,13,12
Central Main,95616,1728294891897-SUB PTT UP ML'24(1).pdf,23,12
Central Main,95617,1728294831372-SUB PTT DN ML'24(1).pdf,14,13
Central Main,95619,1728294831372-SUB PTT DN ML'24(1).pdf,14,13
Central Main,95621,1728294831372-SUB PTT DN ML'24(1).pdf,15,12
Central Main,95623,1728294831372-SUB PTT DN ML'24(1).pdf,15,11
Central Main,95701,1728294831372-SUB PTT DN ML'24(1).pdf,1,8
Central Main,95702,1728294891897-SUB PTT UP ML'24(1).pdf,3,8
Central Main,95703,1728294831372-SUB PTT DN ML'24(1).pdf,2,8
Central Main,95704,1728294891897-SUB PTT UP ML'24(1).pdf,4,9
Central Main,95705,1728294831372-SUB PTT DN ML'24(1).pdf,3,9
Central Main,95706,1728294891897-SUB PTT UP ML'24(1).pdf,5,12
Central Main,95707,1728294831372-SUB PTT DN ML'24(1).pdf,3,8
Central Main,95708,1728294891897-SUB PTT UP ML'24(1).pdf,5,14
Central Main,95709,1728294831372-SUB PTT DN ML'24(1).pdf,4,9
Central Main,95710,1728294891897-SUB PTT UP ML'24(1).pdf,6,14
Central Main,95711,1728294831372-SUB PTT DN ML'24(1).pdf,4,9
Central Main,95712,1728294891897-SUB PTT UP ML'24(1).pdf,6,9
Central Main,95713,1728294831372-SUB PTT DN ML'24(1).pdf,6,8
Central Main,95714,1728294891897-SUB PTT UP ML'24(1).pdf,7,9
Central Main,95715,1728294831372-SUB PTT DN ML'24(1).pdf,6,6
Central Main,95716,1728294891897-SUB PTT UP ML'24(1).pdf,7,15
Central Main,95717,1728294831372-SUB PTT DN ML'24(1).pdf,8,8
Central Main,95718,1728294891897-SUB PTT UP ML'24(1).pdf,8,14
Central Main,95719,1728294831372-SUB PTT DN ML'24(1).pdf,9,8
Central Main,95720,1728294891897-SUB PTT UP ML'24(1).pdf,9,6
Central Main,95721,1728294831372-SUB PTT DN ML'24(1).pdf,11,8
Central Main,95722,1728294891897-SUB PTT UP ML'24(1).pdf,9,14
Central Main,95723,1728294831372-SUB PTT DN ML'24(1).pdf,11,8
Central Main,95724,1728294891897-SUB PTT UP ML'24(1).pdf,9,6
Central Main,95725,1728294831372-SUB PTT DN ML'24(1).pdf,12,7
Central Main,95726,1728294891897-SUB PTT UP ML'24(1).pdf,11,7
Central Main,95727,1728294831372-SUB PTT DN ML'24(1).pdf,12,14
Central Main,95728,1728294891897-SUB PTT UP ML'24(1).pdf,12,8
Central Main,95729,1728294831372-SUB PTT DN ML'24(1).pdf,13,12
Central Main,95730,1728294891897-SUB PTT UP ML'24(1).pdf,14,8
Central Main,95731,1728294831372-SUB PTT DN ML'24(1).pdf,13,13
Central Main,95732,1728294891897-SUB PTT UP ML'24(1).pdf,15,8
Central Main,95733,1728294831372-SUB PTT DN ML'24(1).pdf,14,9
Central Main,95734,1728294891897-SUB PTT UP ML'24(1).pdf,18,6
Central Main,95735,1728294831372-SUB PTT DN ML'24(1).pdf,14,14
Central Main,95736,1728294891897-SUB PTT UP ML'24(1).pdf,19,9
Central Main,95737,1728294831372-SUB PTT DN ML'24(1).pdf,14,12
Central Main,95738,1728294891897-SUB PTT UP ML'24(1).pdf,20,8
Central Main,95739,1728294831372-SUB PTT DN ML'24(1).pdf,15,9
Central Main,95740,1728294891897-SUB PTT UP ML'24(1).pdf,21,9
Central Main,95741,1728294831372-SUB PTT DN ML'24(1).pdf,17,18
Central Main,95742,1728294891897-SUB PTT UP ML'24(1).pdf,22,8
Central Main,95743,1728294831372-SUB PTT DN ML'24(1).pdf,17,7
Central Main,95744,1728294891897-SUB PTT UP ML'24(1).pdf,22,14
Central Main,95746,1728294891897-SUB PTT UP ML'24(1).pdf,25,6
Central Main,95748,1728294891897-SUB PTT UP ML'24(1).pdf,29,9
Central Main,95801,1728294831372-SUB PTT DN ML'24(1).pdf,8,8
Central Main,95802,1728294891897-SUB PTT UP ML'24(1).pdf,2,8
Central Main,95803,1728294831372-SUB PTT DN ML'24(1).pdf,13,12
Central Main,95804,1728294891897-SUB PTT UP ML'24(1).pdf,6,12
Central Main,95901,1728294831372-SUB PTT DN ML'24(1).pdf,3,6
Central Main,95902,1728294891897-SUB PTT UP ML'24(1).pdf,1,7
Central Main,95903,1728294831372-SUB PTT DN ML'24(1).pdf,4,7
Central Main,95904,1728294891897-SUB PTT UP ML'24(1).pdf,5,7
Central Main,95905,1728294831372-SUB PTT DN ML'24(1).pdf,5,5
Central Main,95906,1728294891897-SUB PTT UP ML'24(1).pdf,5,7
Central Main,95907,1728294831372-SUB PTT DN ML'24(1).pdf,6,6
Central Main,95908,1728294891897-SUB PTT UP ML'24(1).pdf,7,7
Central Main,95909,1728294831372-SUB PTT DN ML'24(1).pdf,10,4
Central Main,95910,1728294891897-SUB PTT UP ML'24(1).pdf,8,7
Central Main,95911,1728294831372-SUB PTT DN ML'24(1).pdf,13,6
Central Main,95912,1728294891897-SUB PTT UP ML'24(1).pdf,10,7
Central Main,95913,1728294831372-SUB PTT DN ML'24(1).pdf,15,6
Central Main,95914,1728294891897-SUB PTT UP ML'24(1).pdf,16,6
Central Main,95915,1728294831372-SUB PTT DN ML'24(1).pdf,16,5
Central Main,96001,1728294831372-SUB PTT DN ML'24(1).pdf,1,6
Central Main,96002,1728294891897-SUB PTT UP ML'24(1).pdf,1,6
Central Main,96003,1728294831372-SUB PTT DN ML'24(1).pdf,2,6
Central Main,96004,1728294891897-SUB PTT UP ML'24(1).pdf,3,6
Central Main,96005,1728294831372-SUB PTT DN ML'24(1).pdf,4,6
Central Main,96006,1728294891897-SUB PTT UP ML'24(1).pdf,7,6
Central Main,96007,1728294831372-SUB PTT DN ML'24(1).pdf,6,6
Central Main,96008,1728294891897-SUB PTT UP ML'24(1).pdf,11,6
Central Main,96009,1728294831372-SUB PTT DN ML'24(1).pdf,7,6
Central Main,96010,1728294891897-SUB PTT UP ML'24(1).pdf,13,6
Central Main,96011,1728294831372-SUB PTT DN ML'24(1).pdf,9,6
Central Main,96012,1728294891897-SUB PTT UP ML'24(1).pdf,16,6
Central Main,96013,1728294831372-SUB PTT DN ML'24(1).pdf,14,6
Central Main,96014,1728294891897-SUB PTT UP ML'24(1).pdf,18,6
Central Main,96015,1728294831372-SUB PTT DN ML'24(1).pdf,15,6
Central Main,96016,1728294891897-SUB PTT UP ML'24(1).pdf,27,6
Central Main,96018,1728294891897-SUB PTT UP ML'24(1).pdf,28,6
Central Main,96019,1728294831372-SUB PTT DN ML'24(1).pdf,18,40
Central Main,96020,1728294891897-SUB PTT UP ML'24(1).pdf,29,40
Central Main,96022,1728294891897-SUB PTT UP ML'24(1).pdf,29,6
Central Main,96101,1728294831372-SUB PTT DN ML'24(1).pdf,1,35
Central Main,96102,1728294891897-SUB PTT UP ML'24(1).pdf,1,35
Central Main,96103,1728294831372-SUB PTT DN ML'24(1).pdf,1,17
Central Main,96104,1728294891897-SUB PTT UP ML'24(1).pdf,1,35
Central Main,96105,1728294831372-SUB PTT DN ML'24(1).pdf,1,17
Central Main,96106,1728294891897-SUB PTT UP ML'24(1).pdf,2,35
Central Main,96107,1728294831372-SUB PTT DN ML'24(1).pdf,1,35
Central Main,96108,1728294891897-SUB PTT UP ML'24(1).pdf,16,17
Central Main,96109,1728294831372-SUB PTT DN ML'24(1).pdf,7,17
Central Main,96110,1728294891897-SUB PTT UP ML'24(1).pdf,28,35
Central Main,96111,1728294831372-SUB PTT DN ML'24(1).pdf,12,17
Central Main,96113,1728294831372-SUB PTT DN ML'24(1).pdf,15,17
Central Main,96115,1728294831372-SUB PTT DN ML'24(1).pdf,18,35
Central Main,96201,1728294831372-SUB PTT DN ML'24(1).pdf,1,19
Central Main,96202,1728294891897-SUB PTT UP ML'24(1).pdf,3,30
Central Main,96203,1728294831372-SUB PTT DN ML'24(1).pdf,8,12
Central Main,96204,1728294891897-SUB PTT UP ML'24(1).pdf,3,30
Central Main,96205,1728294831372-SUB PTT DN ML'24(1).pdf,10,30
Central Main,96206,1728294891897-SUB PTT UP ML'24(1).pdf,4,30
Central Main,96207,1728294831372-SUB PTT DN ML'24(1).pdf,10,30
Central Main,96208,1728294891897-SUB PTT UP ML'24(1).pdf,6,12
Central Main,96209,1728294831372-SUB PTT DN ML'24(1).pdf,10,12
Central Main,96210,1728294891897-SUB PTT UP ML'24(1).pdf,8,30
Central Main,96211,1728294831372-SUB PTT DN ML'24(1).pdf,13,12
Central Main,96212,1728294891897-SUB PTT UP ML'24(1).pdf,11,30
Central Main,96213,1728294831372-SUB PTT DN ML'24(1).pdf,14,12
Central Main,96214,1728294891897-SUB PTT UP ML'24(1).pdf,12,30
Central Main,96215,1728294831372-SUB PTT DN ML'24(1).pdf,15,30
Central Main,96216,1728294891897-SUB PTT UP ML'24(1).pdf,12,30
Central Main,96217,1728294831372-SUB PTT DN ML'24(1).pdf,16,30
Central Main,96218,1728294891897-SUB PTT UP ML'24(1).pdf,13,30
Central Main,96219,1728294831372-SUB PTT DN ML'24(1).pdf,16,12
Central Main,96220,1728294891897-SUB PTT UP ML'24(1).pdf,13,30
Central Main,96221,1728294831372-SUB PTT DN ML'24(1).pdf,17,30
Central Main,96222,1728294891897-SUB PTT UP ML'24(1).pdf,26,30
Central Main,96223,1728294831372-SUB PTT DN ML'24(1).pdf,17,30
Central Main,96224,1728294891897-SUB PTT UP ML'24(1).pdf,27,30
Central Main,96225,1728294831372-SUB PTT DN ML'24(1).pdf,17,30
Central Main,96226,1728294891897-SUB PTT UP ML'24(1).pdf,29,24
Central Main,96227,1728294831372-SUB PTT DN ML'24(1).pdf,18,30
Central Main,96228,1728294891897-SUB PTT UP ML'24(1).pdf,29,12
Central Main,96229,1728294831372-SUB PTT DN ML'24(1).pdf,18,30
Central Main,96230,1728294891897-SUB PTT UP ML'24(1).pdf,29,30
Central Main,96301,1728294831372-SUB PTT DN ML'24(1).pdf,1,29
Central Main,96302,1728294891897-SUB PTT UP ML'24(1).pdf,1,29
Central Main,96303,1728294831372-SUB PTT DN ML'24(1).pdf,1,29
Central Main,96304,1728294891897-SUB PTT UP ML'24(1).pdf,1,29
Central Main,96305,1728294831372-SUB PTT DN ML'24(1).pdf,2,29
Central Main,96306,1728294891897-SUB PTT UP ML'24(1).pdf,2,29
Central Main,96307,1728294831372-SUB PTT DN ML'24(1).pdf,2,18
Central Main,96308,1728294891897-SUB PTT UP ML'24(1).pdf,2,29
Central Main,96309,1728294831372-SUB PTT DN ML'24(1).pdf,2,29
Central Main,96310,1728294891897-SUB PTT UP ML'24(1).pdf,3,29
Central Main,96311,1728294831372-SUB PTT DN ML'24(1).pdf,8,29
Central Main,96312,1728294891897-SUB PTT UP ML'24(1).pdf,11,29
Central Main,96313,1728294831372-SUB PTT DN ML'24(1).pdf,8,29
Central Main,96314,1728294891897-SUB PTT UP ML'24(1).pdf,12,29
Central Main,96315,1728294831372-SUB PTT DN ML'24(1).pdf,9,29
Central Main,96316,1728294891897-SUB PTT UP ML'24(1).pdf,13,29
Central Main,96317,1728294831372-SUB PTT DN ML'24(1).pdf,9,29
Central Main,96318,1728294891897-SUB PTT UP ML'24(1).pdf,13,29
Central Main,96319,1728294831372-SUB PTT DN ML'24(1).pdf,10,29
Central Main,96320,1728294891897-SUB PTT UP ML'24(1).pdf,14,29
Central Main,96321,1728294831372-SUB PTT DN ML'24(1).pdf,10,29
Central Main,96322,1728294891897-SUB PTT UP ML'24(1).pdf,15,29
Central Main,96323,1728294831372-SUB PTT DN ML'24(1).pdf,11,11
Central Main,96324,1728294891897-SUB PTT UP ML'24(1).pdf,16,29
Central Main,96325,1728294831372-SUB PTT DN ML'24(1).pdf,11,29
Central Main,96326,1728294891897-SUB PTT UP ML'24(1).pdf,25,29
Central Main,96327,1728294831372-SUB PTT DN ML'24(1).pdf,14,29
Central Main,96328,1728294891897-SUB PTT UP ML'24(1).pdf,27,29
Central Main,96329,1728294831372-SUB PTT DN ML'24(1).pdf,15,11
Central Main,96330,1728294891897-SUB PTT UP ML'24(1).pdf,28,29
Central Main,96331,1728294831372-SUB PTT DN ML'24(1).pdf,16,29
Central Main,96332,1728294891897-SUB PTT UP ML'24(1).pdf,28,29
Central Main,96333,1728294831372-SUB PTT DN ML'24(1).pdf,16,29
Central Main,96335,1728294831372-SUB PTT DN ML'24(1).pdf,17,29
Central Main,96337,1728294831372-SUB PTT DN ML'24(1).pdf,18,23
Central Main,96339,1728294831372-SUB PTT DN ML'24(1).pdf,18,23
Central Main,96341,1728294831372-SUB PTT DN ML'24(1).pdf,18,29
Central Main,96401,1728294831372-SUB PTT DN ML'24(1).pdf,1,37
Central Main,96402,1728294891897-SUB PTT UP ML'24(1).pdf,2,37
Central Main,96403,1728294831372-SUB PTT DN ML'24(1).pdf,1,37
Central Main,96404,1728294891897-SUB PTT UP ML'24(1).pdf,3,37
Central Main,96405,1728294831372-SUB PTT DN ML'24(1).pdf,1,37
Central Main,96406,1728294891897-SUB PTT UP ML'24(1).pdf,29,37
Central Main,96407,1728294831372-SUB PTT DN ML'24(1).pdf,9,37
Central Main,96409,1728294831372-SUB PTT DN ML'24(1).pdf,10,37
Central Main,96411,1728294831372-SUB PTT DN ML'24(1).pdf,17,37
Central Main,96501,1728294831372-SUB PTT DN ML'24(1).pdf,1,7
Central Main,96502,1728294891897-SUB PTT UP ML'24(1).pdf,4,32
Central Main,96503,1728294831372-SUB PTT DN ML'24(1).pdf,1,14
Central Main,96504,1728294891897-SUB PTT UP ML'24(1).pdf,5,32
Central Main,96505,1728294831372-SUB PTT DN ML'24(1).pdf,1,32
Central Main,96506,1728294891897-SUB PTT UP ML'24(1).pdf,9,14
Central Main,96507,1728294831372-SUB PTT DN ML'24(1).pdf,2,32
Central Main,96508,1728294891897-SUB PTT UP ML'24(1).pdf,10,32
Central Main,96509,1728294831372-SUB PTT DN ML'24(1).pdf,2,7
Central Main,96510,1728294891897-SUB PTT UP ML'24(1).pdf,10,32
Central Main,96511,1728294831372-SUB PTT DN ML'24(1).pdf,3,32
Central Main,96512,1728294891897-SUB PTT UP ML'24(1).pdf,12,32
Central Main,96513,1728294831372-SUB PTT DN ML'24(1).pdf,7,14
Central Main,96514,1728294891897-SUB PTT UP ML'24(1).pdf,15,14
Central Main,96515,1728294831372-SUB PTT DN ML'24(1).pdf,9,32
Central Main,96516,1728294891897-SUB PTT UP ML'24(1).pdf,24,32
Central Main,96517,1728294831372-SUB PTT DN ML'24(1).pdf,11,32
Central Main,96518,1728294891897-SUB PTT UP ML'24(1).pdf,26,32
Central Main,96519,1728294831372-SUB PTT DN ML'24(1).pdf,16,32
Central Main,96520,1728294891897-SUB PTT UP ML'24(1).pdf,29,32
Central Main,96522,1728294891897-SUB PTT UP ML'24(1).pdf,29,14
Central Main,96601,1728294831372-SUB PTT DN ML'24(1).pdf,1,18
Central Main,96602,1728294891897-SUB PTT UP ML'24(1).pdf,1,29
Central Main,96603,1728294831372-SUB PTT DN ML'24(1).pdf,1,11
Central Main,96604,1728294891897-SUB PTT UP ML'24(1).pdf,1,29
Central Main,96605,1728294831372-SUB PTT DN ML'24(1).pdf,2,29
Central Main,96606,1728294891897-SUB PTT UP ML'24(1).pdf,2,29
Central Main,96607,1728294831372-SUB PTT DN ML'24(1).pdf,2,29
Central Main,96608,1728294891897-SUB PTT UP ML'24(1).pdf,2,29
Central Main,96609,1728294831372-SUB PTT DN ML'24(1).pdf,2,29
Central Main,96610,1728294891897-SUB PTT UP ML'24(1).pdf,3,29
Central Main,96611,1728294831372-SUB PTT DN ML'24(1).pdf,2,29
Central Main,96612,1728294891897-SUB PTT UP ML'24(1).pdf,4,29
Central Main,96613,1728294831372-SUB PTT DN ML'24(1).pdf,3,29
Central Main,96614,1728294891897-SUB PTT UP ML'24(1).pdf,6,29
Central Main,96615,1728294831372-SUB PTT DN ML'24(1).pdf,3,11
Central Main,96616,1728294891897-SUB PTT UP ML'24(1).pdf,7,23
Central Main,96617,1728294831372-SUB PTT DN ML'24(1).pdf,4,11
Central Main,96618,1728294891897-SUB PTT UP ML'24(1).pdf,8,29
Central Main,96619,1728294831372-SUB PTT DN ML'24(1).pdf,6,29
Central Main,96620,1728294891897-SUB PTT UP ML'24(1).pdf,10,23
Central Main,96621,1728294831372-SUB PTT DN ML'24(1).pdf,7,29
Central Main,96622,1728294891897-SUB PTT UP ML'24(1).pdf,10,29
Central Main,96623,1728294831372-SUB PTT DN ML'24(1).pdf,7,29
Central Main,96624,1728294891897-SUB PTT UP ML'24(1).pdf,11,29
Central Main,96625,1728294831372-SUB PTT DN ML'24(1).pdf,8,29
Central Main,96626,1728294891897-SUB PTT UP ML'24(1).pdf,12,29
Central Main,96627,1728294831372-SUB PTT DN ML'24(1).pdf,9,29
Central Main,96628,1728294891897-SUB PTT UP ML'24(1).pdf,13,29
Central Main,96629,1728294831372-SUB PTT DN ML'24(1).pdf,9,11
Central Main,96630,1728294891897-SUB PTT UP ML'24(1).pdf,13,29
Central Main,96631,1728294831372-SUB PTT DN ML'24(1).pdf,9,29
Central Main,96632,1728294891897-SUB PTT UP ML'24(1).pdf,14,29
Central Main,96633,1728294831372-SUB PTT DN ML'24(1).pdf,10,29
Central Main,96634,1728294891897-SUB PTT UP ML'24(1).pdf,14,29
Central Main,96635,1728294831372-SUB PTT DN ML'24(1).pdf,10,29
Central Main,96636,1728294891897-SUB PTT UP ML'24(1).pdf,15,29
Central Main,96637,1728294831372-SUB PTT DN ML'24(1).pdf,11,29
Central Main,96638,1728294891897-SUB PTT UP ML'24(1).pdf,15,29
Central Main,96639,1728294831372-SUB PTT DN ML'24(1).pdf,11,29
Central Main,96640,1728294891897-SUB PTT UP ML'24(1).pdf,17,29
Central Main,96641,1728294831372-SUB PTT DN ML'24(1).pdf,16,29
Central Main,96642,1728294891897-SUB PTT UP ML'24(1).pdf,17,29
Central Main,96643,1728294831372-SUB PTT DN ML'24(1).pdf,16,29
Central Main,96644,1728294891897-SUB PTT UP ML'24(1).pdf,18,29
Central Main,96645,1728294831372-SUB PTT DN ML'24(1).pdf,17,29
Central Main,96646,1728294891897-SUB PTT UP ML'24(1).pdf,24,11
Central Main,96647,1728294831372-SUB PTT DN ML'24(1).pdf,17,29
Central Main,96648,1728294891897-SUB PTT UP ML'24(1).pdf,25,29
Central Main,96649,1728294831372-SUB PTT DN ML'24(1).pdf,18,28
Central Main,96650,1728294891897-SUB PTT UP ML'24(1).pdf,26,29
Central Main,96651,1728294831372-SUB PTT DN ML'24(1).pdf,18,28
Central Main,96652,1728294891897-SUB PTT UP ML'24(1).pdf,26,29
Central Main,96653,1728294831372-SUB PTT DN ML'24(1).pdf,18,29
Central Main,96654,1728294891897-SUB PTT UP ML'24(1).pdf,27,29
Central Main,96656,1728294891897-SUB PTT UP ML'24(1).pdf,27,29
Central Main,96658,1728294891897-SUB PTT UP ML'24(1).pdf,28,29
Central Main,96660,1728294891897-SUB PTT UP ML'24(1).pdf,28,11
Central Main,96662,1728294891897-SUB PTT UP ML'24(1).pdf,29,11
Central Main,97001,1728294831372-SUB PTT DN ML'24(1).pdf,1,8
Central Main,97002,1728294891897-SUB PTT UP ML'24(1).pdf,1,26
Central Main,97003,1728294831372-SUB PTT DN ML'24(1).pdf,1,26
Central Main,97005,1728294831372-SUB PTT DN ML'24(1).pdf,1,15
Central Main,97006,1728294891897-SUB PTT UP ML'24(1).pdf,2,26
Central Main,97007,1728294831372-SUB PTT DN ML'24(1).pdf,2,8
Central Main,97008,1728294891897-SUB PTT UP ML'24(1).pdf,2,26
Central Main,97009,1728294831372-SUB PTT DN ML'24(1).pdf,2,15
Central Main,97010,1728294891897-SUB PTT UP ML'24(1).pdf,3,26
Central Main,97011,1728294831372-SUB PTT DN ML'24(1).pdf,2,15
Central Main,97012,1728294891897-SUB PTT UP ML'24(1).pdf,3,26
Central Main,97013,1728294831372-SUB PTT DN ML'24(1).pdf,2,15
Central Main,97014,1728294891897-SUB PTT UP ML'24(1).pdf,3,26
Central Main,97015,1728294831372-SUB PTT DN ML'24(1).pdf,2,15
Central Main,97016,1728294891897-SUB PTT UP ML'24(1).pdf,4,20
Central Main,97017,1728294831372-SUB PTT DN ML'24(1).pdf,2,20
Central Main,97018,1728294891897-SUB PTT UP ML'24(1).pdf,4,20
Central Main,97019,1728294831372-SUB PTT DN ML'24(1).pdf,2,20
Central Main,97020,1728294891897-SUB PTT UP ML'24(1).pdf,4,20
Central Main,97021,1728294831372-SUB PTT DN ML'24(1).pdf,2,26
Central Main,97022,1728294891897-SUB PTT UP ML'24(1).pdf,4,26
Central Main,97023,1728294831372-SUB PTT DN ML'24(1).pdf,3,15
Central Main,97024,1728294891897-SUB PTT UP ML'24(1).pdf,5,26
Central Main,97025,1728294831372-SUB PTT DN ML'24(1).pdf,3,26
Central Main,97026,1728294891897-SUB PTT UP ML'24(1).pdf,5,26
Central Main,97027,1728294831372-SUB PTT DN ML'24(1).pdf,3,26
Central Main,97028,1728294891897-SUB PTT UP ML'24(1).pdf,5,20
Central Main,97029,1728294831372-SUB PTT DN ML'24(1).pdf,3,26
Central Main,97030,1728294891897-SUB PTT UP ML'24(1).pdf,6,26
Central Main,97031,1728294831372-SUB PTT DN ML'24(1).pdf,3,20
Central Main,97032,1728294891897-SUB PTT UP ML'24(1).pdf,6,26
Central Main,97033,1728294831372-SUB PTT DN ML'24(1).pdf,3,26
Central Main,97034,1728294891897-SUB PTT UP ML'24(1).pdf,7,26
Central Main,97035,1728294831372-SUB PTT DN ML'24(1).pdf,4,20
Central Main,97036,1728294891897-SUB PTT UP ML'24(1).pdf,7,8
Central Main,97037,1728294831372-SUB PTT DN ML'24(1).pdf,4,26
Central Main,97038,1728294891897-SUB PTT UP ML'24(1).pdf,8,20
Central Main,97039,1728294831372-SUB PTT DN ML'24(1).pdf,4,15
Central Main,97040,1728294891897-SUB PTT UP ML'24(1).pdf,9,26
Central Main,97041,1728294831372-SUB PTT DN ML'24(1).pdf,4,25
Central Main,97042,1728294891897-SUB PTT UP ML'24(1).pdf,9,26
Central Main,97043,1728294831372-SUB PTT DN ML'24(1).pdf,5,26
Central Main,97044,1728294891897-SUB PTT UP ML'24(1).pdf,10,26
Central Main,97045,1728294831372-SUB PTT DN ML'24(1).pdf,5,8
Central Main,97046,1728294891897-SUB PTT UP ML'24(1).pdf,10,26
Central Main,97047,1728294831372-SUB PTT DN ML'24(1).pdf,5,26
Central Main,97048,1728294891897-SUB PTT UP ML'24(1).pdf,10,26
Central Main,97049,1728294831372-SUB PTT DN ML'24(1).pdf,5,26
Central Main,97050,1728294891897-SUB PTT UP ML'24(1).pdf,10,16
Central Main,97051,1728294831372-SUB PTT DN ML'24(1).pdf,5,26
Central Main,97052,1728294891897-SUB PTT UP ML'24(1).pdf,11,20
Central Main,97053,1728294831372-SUB PTT DN ML'24(1).pdf,6,26
Central Main,97054,1728294891897-SUB PTT UP ML'24(1).pdf,11,8
Central Main,97055,1728294831372-SUB PTT DN ML'24(1).pdf,6,26
Central Main,97056,1728294891897-SUB PTT UP ML'24(1).pdf,11,20
Central Main,97057,1728294831372-SUB PTT DN ML'24(1).pdf,6,20
Central Main,97058,1728294891897-SUB PTT UP ML'24(1).pdf,12,8
Central Main,97059,1728294831372-SUB PTT DN ML'24(1).pdf,7,26
Central Main,97060,1728294891897-SUB PTT UP ML'24(1).pdf,12,20
Central Main,97061,1728294831372-SUB PTT DN ML'24(1).pdf,7,20
Central Main,97062,1728294891897-SUB PTT UP ML'24(1).pdf,12,26
Central Main,97063,1728294831372-SUB PTT DN ML'24(1).pdf,7,26
Central Main,97064,1728294891897-SUB PTT UP ML'24(1).pdf,13,20
Central Main,97065,1728294831372-SUB PTT DN ML'24(1).pdf,8,20
Central Main,97066,1728294891897-SUB PTT UP ML'24(1).pdf,13,8
Central Main,97067,1728294831372-SUB PTT DN ML'24(1).pdf,8,16
Central Main,97068,1728294891897-SUB PTT UP ML'24(1).pdf,13,26
Central Main,97069,1728294831372-SUB PTT DN ML'24(1).pdf,8,26
Central Main,97070,1728294891897-SUB PTT UP ML'24(1).pdf,14,26
Central Main,97071,1728294831372-SUB PTT DN ML'24(1).pdf,8,26
Central Main,97072,1728294891897-SUB PTT UP ML'24(1).pdf,14,8
Central Main,97073,1728294831372-SUB PTT DN ML'24(1).pdf,8,26
Central Main,97074,1728294891897-SUB PTT UP ML'24(1).pdf,14,16
Central Main,97075,1728294831372-SUB PTT DN ML'24(1).pdf,8,26
Central Main,97076,1728294891897-SUB PTT UP ML'24(1).pdf,14,26
Central Main,97077,1728294831372-SUB PTT DN ML'24(1).pdf,8,26
Central Main,97078,1728294891897-SUB PTT UP ML'24(1).pdf,15,26
Central Main,97079,1728294831372-SUB PTT DN ML'24(1).pdf,9,26
Central Main,97080,1728294891897-SUB PTT UP ML'24(1).pdf,15,26
Central Main,97081,1728294831372-SUB PTT DN ML'24(1).pdf,9,20
Central Main,97082,1728294891897-SUB PTT UP ML'24(1).pdf,15,20
Central Main,97083,1728294831372-SUB PTT DN ML'24(1).pdf,9,26
Central Main,97084,1728294891897-SUB PTT UP ML'24(1).pdf,15,26
Central Main,97085,1728294831372-SUB PTT DN ML'24(1).pdf,9,26
Central Main,97086,1728294891897-SUB PTT UP ML'24(1).pdf,16,26
Central Main,97087,1728294831372-SUB PTT DN ML'24(1).pdf,9,8
Central Main,97088,1728294891897-SUB PTT UP ML'24(1).pdf,16,26
Central Main,97089,1728294831372-SUB PTT DN ML'24(1).pdf,9,26
Central Main,97090,1728294891897-SUB PTT UP ML'24(1).pdf,16,26
Central Main,97091,1728294831372-SUB PTT DN ML'24(1).pdf,10,16
Central Main,97092,1728294891897-SUB PTT UP ML'24(1).pdf,17,26
Central Main,97093,1728294831372-SUB PTT DN ML'24(1).pdf,10,26
Central Main,97094,1728294891897-SUB PTT UP ML'24(1).pdf,17,8
Central Main,97095,1728294831372-SUB PTT DN ML'24(1).pdf,10,26
Central Main,97096,1728294891897-SUB PTT UP ML'24(1).pdf,17,26
Central Main,97097,1728294831372-SUB PTT DN ML'24(1).pdf,10,26
Central Main,97098,1728294891897-SUB PTT UP ML'24(1).pdf,18,26
Central Main,97099,1728294831372-SUB PTT DN ML'24(1).pdf,10,26
Central Main,97100,1728294891897-SUB PTT UP ML'24(1).pdf,18,20
Central Main,97101,1728294831372-SUB PTT DN ML'24(1).pdf,10,20
Central Main,97102,1728294891897-SUB PTT UP ML'24(1).pdf,18,8
Central Main,97103,1728294831372-SUB PTT DN ML'24(1).pdf,10,26
Central Main,97104,1728294891897-SUB PTT UP ML'24(1).pdf,18,26
Central Main,97105,1728294831372-SUB PTT DN ML'24(1).pdf,10,20
Central Main,97106,1728294891897-SUB PTT UP ML'24(1).pdf,18,26
Central Main,97107,1728294831372-SUB PTT DN ML'24(1).pdf,11,26
Central Main,97108,1728294891897-SUB PTT UP ML'24(1).pdf,19,20
Central Main,97109,1728294831372-SUB PTT DN ML'24(1).pdf,11,20
Central Main,97110,1728294891897-SUB PTT UP ML'24(1).pdf,19,26
Central Main,97112,1728294891897-SUB PTT UP ML'24(1).pdf,20,8
Central Main,97113,1728294831372-SUB PTT DN ML'24(1).pdf,11,26
Central Main,97114,1728294891897-SUB PTT UP ML'24(1).pdf,20,20
Central Main,97115,1728294831372-SUB PTT DN ML'24(1).pdf,11,26
Central Main,97116,1728294891897-SUB PTT UP ML'24(1).pdf,21,26
Central Main,97117,1728294831372-SUB PTT DN ML'24(1).pdf,11,16
Central Main,97118,1728294891897-SUB PTT UP ML'24(1).pdf,21,26
Central Main,97119,1728294831372-SUB PTT DN ML'24(1).pdf,12,8
Central Main,97120,1728294891897-SUB PTT UP ML'24(1).pdf,21,26
Central Main,97121,1728294831372-SUB PTT DN ML'24(1).pdf,12,15
Central Main,97122,1728294891897-SUB PTT UP ML'24(1).pdf,22,26
Central Main,97123,1728294831372-SUB PTT DN ML'24(1).pdf,12,26
Central Main,97124,1728294891897-SUB PTT UP ML'24(1).pdf,22,8
Central Main,97125,1728294831372-SUB PTT DN ML'24(1).pdf,12,15
Central Main,97126,1728294891897-SUB PTT UP ML'24(1).pdf,23,26
Central Main,97127,1728294831372-SUB PTT DN ML'24(1).pdf,12,26
Central Main,97128,1728294891897-SUB PTT UP ML'24(1).pdf,23,26
Central Main,97129,1728294831372-SUB PTT DN ML'24(1).pdf,12,26
Central Main,97130,1728294891897-SUB PTT UP ML'24(1).pdf,23,8
Central Main,97131,1728294831372-SUB PTT DN ML'24(1).pdf,12,20
Central Main,97132,1728294891897-SUB PTT UP ML'24(1).pdf,23,16
Central Main,97133,1728294831372-SUB PTT DN ML'24(1).pdf,13,15
Central Main,97134,1728294891897-SUB PTT UP ML'24(1).pdf,23,26
Central Main,97135,1728294831372-SUB PTT DN ML'24(1).pdf,13,26
Central Main,97136,1728294891897-SUB PTT UP ML'24(1).pdf,24,8
Central Main,97137,1728294831372-SUB PTT DN ML'24(1).pdf,13,15
Central Main,97138,1728294891897-SUB PTT UP ML'24(1).pdf,24,26
Central Main,97139,1728294831372-SUB PTT DN ML'24(1).pdf,13,26
Central Main,97140,1728294891897-SUB PTT UP ML'24(1).pdf,24,20
Central Main,97141,1728294831372-SUB PTT DN ML'24(1).pdf,13,20
Central Main,97142,1728294891897-SUB PTT UP ML'24(1).pdf,24,26
Central Main,97143,1728294831372-SUB PTT DN ML'24(1).pdf,13,26
Central Main,97144,1728294891897-SUB PTT UP ML'24(1).pdf,24,26
Central Main,97145,1728294831372-SUB PTT DN ML'24(1).pdf,14,26
Central Main,97146,1728294891897-SUB PTT UP ML'24(1).pdf,25,20
Central Main,97147,1728294831372-SUB PTT DN ML'24(1).pdf,14,8
Central Main,97148,1728294891897-SUB PTT UP ML'24(1).pdf,25,26
Central Main,97149,1728294831372-SUB PTT DN ML'24(1).pdf,14,20
Central Main,97150,1728294891897-SUB PTT UP ML'24(1).pdf,25,8
Central Main,97151,1728294831372-SUB PTT DN ML'24(1).pdf,14,20
Central Main,97152,1728294891897-SUB PTT UP ML'24(1).pdf,25,26
Central Main,97153,1728294831372-SUB PTT DN ML'24(1).pdf,15,26
Central Main,97154,1728294891897-SUB PTT UP ML'24(1).pdf,25,20
Central Main,97155,1728294831372-SUB PTT DN ML'24(1).pdf,15,26
Central Main,97156,1728294891897-SUB PTT UP ML'24(1).pdf,26,26
Central Main,97157,1728294831372-SUB PTT DN ML'24(1).pdf,15,26
Central Main,97158,1728294891897-SUB PTT UP ML'24(1).pdf,26,26
Central Main,97159,1728294831372-SUB PTT DN ML'24(1).pdf,15,16
Central Main,97160,1728294891897-SUB PTT UP ML'24(1).pdf,26,20
Central Main,97161,1728294831372-SUB PTT DN ML'24(1).pdf,15,26
Central Main,97162,1728294891897-SUB PTT UP ML'24(1).pdf,26,8
Central Main,97163,1728294831372-SUB PTT DN ML'24(1).pdf,16,26
Central Main,97164,1728294891897-SUB PTT UP ML'24(1).pdf,27,16
Central Main,97165,1728294831372-SUB PTT DN ML'24(1).pdf,16,20
Central Main,97166,1728294891897-SUB PTT UP ML'24(1).pdf,27,20
Central Main,97167,1728294831372-SUB PTT DN ML'24(1).pdf,16,26
Central Main,97168,1728294891897-SUB PTT UP ML'24(1).pdf,27,26
Central Main,97169,1728294831372-SUB PTT DN ML'24(1).pdf,16,20
Central Main,97170,1728294891897-SUB PTT UP ML'24(1).pdf,28,26
Central Main,97171,1728294831372-SUB PTT DN ML'24(1).pdf,16,26
Central Main,97172,1728294891897-SUB PTT UP ML'24(1).pdf,28,26
Central Main,97173,1728294831372-SUB PTT DN ML'24(1).pdf,17,26
Central Main,97174,1728294891897-SUB PTT UP ML'24(1).pdf,28,26
Central Main,97175,1728294831372-SUB PTT DN ML'24(1).pdf,17,20
Central Main,97176,1728294891897-SUB PTT UP ML'24(1).pdf,29,16
Central Main,97177,1728294831372-SUB PTT DN ML'24(1).pdf,17,20
Central Main,97178,1728294891897-SUB PTT UP ML'24(1).pdf,29,8
Central Main,97179,1728294831372-SUB PTT DN ML'24(1).pdf,17,26
Central Main,97180,1728294891897-SUB PTT UP ML'24(1).pdf,29,8
Central Main,97181,1728294831372-SUB PTT DN ML'24(1).pdf,17,16
Central Main,97182,1728294891897-SUB PTT UP ML'24(1).pdf,29,8
Central Main,97183,1728294831372-SUB PTT DN ML'24(1).pdf,17,26
Central Main,97185,1728294831372-SUB PTT DN ML'24(1).pdf,17,26
Central Main,97187,1728294831372-SUB PTT DN ML'24(1).pdf,17,26
Central Main,97201,1728294831372-SUB PTT DN ML'24(1).pdf,1,6
Central Main,97202,1728294891897-SUB PTT UP ML'24(1).pdf,2,24
Central Main,97203,1728294831372-SUB PTT DN ML'24(1).pdf,2,24
Central Main,97204,1728294891897-SUB PTT UP ML'24(1).pdf,4,24
Central Main,97205,1728294831372-SUB PTT DN ML'24(1).pdf,2,13
Central Main,97206,1728294891897-SUB PTT UP ML'24(1).pdf,5,24
Central Main,97207,1728294831372-SUB PTT DN ML'24(1).pdf,3,24
Central Main,97208,1728294891897-SUB PTT UP ML'24(1).pdf,7,24
Central Main,97209,1728294831372-SUB PTT DN ML'24(1).pdf,3,24
Central Main,97210,1728294891897-SUB PTT UP ML'24(1).pdf,8,24
Central Main,97211,1728294831372-SUB PTT DN ML'24(1).pdf,4,24
Central Main,97212,1728294891897-SUB PTT UP ML'24(1).pdf,9,18
Central Main,97213,1728294831372-SUB PTT DN ML'24(1).pdf,5,24
Central Main,97214,1728294891897-SUB PTT UP ML'24(1).pdf,10,24
Central Main,97215,1728294831372-SUB PTT DN ML'24(1).pdf,5,18
Central Main,97216,1728294891897-SUB PTT UP ML'24(1).pdf,11,24
Central Main,97217,1728294831372-SUB PTT DN ML'24(1).pdf,6,24
Central Main,97218,1728294891897-SUB PTT UP ML'24(1).pdf,12,24
Central Main,97219,1728294831372-SUB PTT DN ML'24(1).pdf,7,24
Central Main,97220,1728294891897-SUB PTT UP ML'24(1).pdf,12,24
Central Main,97221,1728294831372-SUB PTT DN ML'24(1).pdf,8,24
Central Main,97222,1728294891897-SUB PTT UP ML'24(1).pdf,13,24
Central Main,97223,1728294831372-SUB PTT DN ML'24(1).pdf,8,18
Central Main,97224,1728294891897-SUB PTT UP ML'24(1).pdf,14,24
Central Main,97225,1728294831372-SUB PTT DN ML'24(1).pdf,8,18
Central Main,97226,1728294891897-SUB PTT UP ML'24(1).pdf,15,18
Central Main,97227,1728294831372-SUB PTT DN ML'24(1).pdf,8,24
Central Main,97228,1728294891897-SUB PTT UP ML'24(1).pdf,15,24
Central Main,97229,1728294831372-SUB PTT DN ML'24(1).pdf,9,18
Central Main,97230,1728294891897-SUB PTT UP ML'24(1).pdf,16,24
Central Main,97231,1728294831372-SUB PTT DN ML'24(1).pdf,10,24
Central Main,97232,1728294891897-SUB PTT UP ML'24(1).pdf,17,24
Central Main,97233,1728294831372-SUB PTT DN ML'24(1).pdf,11,24
Central Main,97234,1728294891897-SUB PTT UP ML'24(1).pdf,19,24
Central Main,97235,1728294831372-SUB PTT DN ML'24(1).pdf,11,24
Central Main,97236,1728294891897-SUB PTT UP ML'24(1).pdf,20,24
Central Main,97237,1728294831372-SUB PTT DN ML'24(1).pdf,11,24
Central Main,97238,1728294891897-SUB PTT UP ML'24(1).pdf,20,24
Central Main,97239,1728294831372-SUB PTT DN ML'24(1).pdf,11,24
Central Main,97240,1728294891897-SUB PTT UP ML'24(1).pdf,21,18
Central Main,97241,1728294831372-SUB PTT DN ML'24(1).pdf,12,24
Central Main,97242,1728294891897-SUB PTT UP ML'24(1).pdf,22,24
Central Main,97243,1728294831372-SUB PTT DN ML'24(1).pdf,12,18
Central Main,97244,1728294891897-SUB PTT UP ML'24(1).pdf,22,24
Central Main,97245,1728294831372-SUB PTT DN ML'24(1).pdf,12,24
Central Main,97246,1728294891897-SUB PTT UP ML'24(1).pdf,23,18
Central Main,97247,1728294831372-SUB PTT DN ML'24(1).pdf,13,18
Central Main,97248,1728294891897-SUB PTT UP ML'24(1).pdf,23,24
Central Main,97249,1728294831372-SUB PTT DN ML'24(1).pdf,13,24
Central Main,97250,1728294891897-SUB PTT UP ML'24(1).pdf,24,24
Central Main,97251,1728294831372-SUB PTT DN ML'24(1).pdf,14,24
Central Main,97252,1728294891897-SUB PTT UP ML'24(1).pdf,25,24
Central Main,97253,1728294831372-SUB PTT DN ML'24(1).pdf,14,24
Central Main,97254,1728294891897-SUB PTT UP ML'24(1).pdf,25,24
Central Main,97255,1728294831372-SUB PTT DN ML'24(1).pdf,15,24
Central Main,97256,1728294891897-SUB PTT UP ML'24(1).pdf,26,24
Central Main,97257,1728294831372-SUB PTT DN ML'24(1).pdf,15,18
Central Main,97258,1728294891897-SUB PTT UP ML'24(1).pdf,26,24
Central Main,97259,1728294831372-SUB PTT DN ML'24(1).pdf,16,24
Central Main,97260,1728294891897-SUB PTT UP ML'24(1).pdf,28,24
Central Main,97261,1728294831372-SUB PTT DN ML'24(1).pdf,16,24
Central Main,97262,1728294891897-SUB PTT UP ML'24(1).pdf,28,24
Central Main,97263,1728294831372-SUB PTT DN ML'24(1).pdf,17,24
Central Main,97264,1728294891897-SUB PTT UP ML'24(1).pdf,28,18
Central Main,97301,1728294831372-SUB PTT DN ML'24(1).pdf,1,19
Central Main,97302,1728294891897-SUB PTT UP ML'24(1).pdf,1,19
Central Main,97303,1728294831372-SUB PTT DN ML'24(1).pdf,1,9
Central Main,97304,1728294891897-SUB PTT UP ML'24(1).pdf,1,19
Central Main,97305,1728294831372-SUB PTT DN ML'24(1).pdf,2,19
Central Main,97306,1728294891897-SUB PTT UP ML'24(1).pdf,1,19
Central Main,97307,1728294831372-SUB PTT DN ML'24(1).pdf,3,19
Central Main,97308,1728294891897-SUB PTT UP ML'24(1).pdf,1,19
Central Main,97309,1728294831372-SUB PTT DN ML'24(1).pdf,3,19
Central Main,97310,1728294891897-SUB PTT UP ML'24(1).pdf,1,19
Central Main,97311,1728294831372-SUB PTT DN ML'24(1).pdf,3,19
Central Main,97312,1728294891897-SUB PTT UP ML'24(1).pdf,2,19
Central Main,97313,1728294831372-SUB PTT DN ML'24(1).pdf,3,19
Central Main,97314,1728294891897-SUB PTT UP ML'24(1).pdf,2,19
Central Main,97315,1728294831372-SUB PTT DN ML'24(1).pdf,3,19
Central Main,97316,1728294891897-SUB PTT UP ML'24(1).pdf,2,19
Central Main,97317,1728294831372-SUB PTT DN ML'24(1).pdf,4,19
Central Main,97318,1728294891897-SUB PTT UP ML'24(1).pdf,3,19
Central Main,97319,1728294831372-SUB PTT DN ML'24(1).pdf,4,19
Central Main,97320,1728294891897-SUB PTT UP ML'24(1).pdf,3,19
Central Main,97321,1728294831372-SUB PTT DN ML'24(1).pdf,4,13
Central Main,97322,1728294891897-SUB PTT UP ML'24(1).pdf,4,19
Central Main,97323,1728294831372-SUB PTT DN ML'24(1).pdf,4,19
Central Main,97324,1728294891897-SUB PTT UP ML'24(1).pdf,5,19
Central Main,97325,1728294831372-SUB PTT DN ML'24(1).pdf,4,19
Central Main,97326,1728294891897-SUB PTT UP ML'24(1).pdf,5,19
Central Main,97327,1728294831372-SUB PTT DN ML'24(1).pdf,5,13
Central Main,97328,1728294891897-SUB PTT UP ML'24(1).pdf,6,19
Central Main,97329,1728294831372-SUB PTT DN ML'24(1).pdf,5,19
Central Main,97330,1728294891897-SUB PTT UP ML'24(1).pdf,6,19
Central Main,97331,1728294831372-SUB PTT DN ML'24(1).pdf,5,19
Central Main,97332,1728294891897-SUB PTT UP ML'24(1).pdf,6,19
Central Main,97333,1728294831372-SUB PTT DN ML'24(1).pdf,5,19
Central Main,97334,1728294891897-SUB PTT UP ML'24(1).pdf,7,19
Central Main,97335,1728294831372-SUB PTT DN ML'24(1).pdf,5,19
Central Main,97336,1728294891897-SUB PTT UP ML'24(1).pdf,7,19
Central Main,97337,1728294831372-SUB PTT DN ML'24(1).pdf,6,19
Central Main,97338,1728294891897-SUB PTT UP ML'24(1).pdf,8,19
Central Main,97339,1728294831372-SUB PTT DN ML'24(1).pdf,6,19
Central Main,97340,1728294891897-SUB PTT UP ML'24(1).pdf,8,19
Central Main,97341,1728294831372-SUB PTT DN ML'24(1).pdf,6,19
Central Main,97342,1728294891897-SUB PTT UP ML'24(1).pdf,8,19
Central Main,97343,1728294831372-SUB PTT DN ML'24(1).pdf,6,19
Central Main,97344,1728294891897-SUB PTT UP ML'24(1).pdf,8,19
Central Main,97345,1728294831372-SUB PTT DN ML'24(1).pdf,7,19
Central Main,97346,1728294891897-SUB PTT UP ML'24(1).pdf,9,19
Central Main,97347,1728294831372-SUB PTT DN ML'24(1).pdf,7,19
Central Main,97348,1728294891897-SUB PTT UP ML'24(1).pdf,9,19
Central Main,97349,1728294831372-SUB PTT DN ML'24(1).pdf,7,19
Central Main,97350,1728294891897-SUB PTT UP ML'24(1).pdf,9,19
Central Main,97351,1728294831372-SUB PTT DN ML'24(1).pdf,7,19
Central Main,97352,1728294891897-SUB PTT UP ML'24(1).pdf,10,19
Central Main,97353,1728294831372-SUB PTT DN ML'24(1).pdf,7,19
Central Main,97354,1728294891897-SUB PTT UP ML'24(1).pdf,10,19
Central Main,97355,1728294831372-SUB PTT DN ML'24(1).pdf,8,19
Central Main,97356,1728294891897-SUB PTT UP ML'24(1).pdf,10,19
Central Main,97357,1728294831372-SUB PTT DN ML'24(1).pdf,8,19
Central Main,97358,1728294891897-SUB PTT UP ML'24(1).pdf,11,19
Central Main,97359,1728294831372-SUB PTT DN ML'24(1).pdf,8,19
Central Main,97360,1728294891897-SUB PTT UP ML'24(1).pdf,11,19
Central Main,97361,1728294831372-SUB PTT DN ML'24(1).pdf,9,19
Central Main,97362,1728294891897-SUB PTT UP ML'24(1).pdf,12,19
Central Main,97363,1728294831372-SUB PTT DN ML'24(1).pdf,9,19
Central Main,97364,1728294891897-SUB PTT UP ML'24(1).pdf,13,19
Central Main,97365,1728294831372-SUB PTT DN ML'24(1).pdf,9,19
Central Main,97366,1728294891897-SUB PTT UP ML'24(1).pdf,14,19
Central Main,97367,1728294831372-SUB PTT DN ML'24(1).pdf,10,19
Central Main,97368,1728294891897-SUB PTT UP ML'24(1).pdf,14,19
Central Main,97369,1728294831372-SUB PTT DN ML'24(1).pdf,10,19
Central Main,97370,1728294891897-SUB PTT UP ML'24(1).pdf,15,19
Central Main,97371,1728294831372-SUB PTT DN ML'24(1).pdf,10,19
Central Main,97372,1728294891897-SUB PTT UP ML'24(1).pdf,16,13
Central Main,97373,1728294831372-SUB PTT DN ML'24(1).pdf,11,19
Central Main,97374,1728294891897-SUB PTT UP ML'24(1).pdf,16,19
Central Main,97375,1728294831372-SUB PTT DN ML'24(1).pdf,11,13
Central Main,97376,1728294891897-SUB PTT UP ML'24(1).pdf,16,13
Central Main,97377,1728294831372-SUB PTT DN ML'24(1).pdf,11,19
Central Main,97378,1728294891897-SUB PTT UP ML'24(1).pdf,17,19
Central Main,97379,1728294831372-SUB PTT DN ML'24(1).pdf,11,19
Central Main,97380,1728294891897-SUB PTT UP ML'24(1).pdf,17,19
Central Main,97381,1728294831372-SUB PTT DN ML'24(1).pdf,12,19
Central Main,97382,1728294891897-SUB PTT UP ML'24(1).pdf,18,19
Central Main,97383,1728294831372-SUB PTT DN ML'24(1).pdf,12,19
Central Main,97384,1728294891897-SUB PTT UP ML'24(1).pdf,18,19
Central Main,97385,1728294831372-SUB PTT DN ML'24(1).pdf,12,19
Central Main,97386,1728294891897-SUB PTT UP ML'24(1).pdf,19,19
Central Main,97387,1728294831372-SUB PTT DN ML'24(1).pdf,12,19
Central Main,97388,1728294891897-SUB PTT UP ML'24(1).pdf,19,19
Central Main,97389,1728294831372-SUB PTT DN ML'24(1).pdf,12,19
Central Main,97390,1728294891897-SUB PTT UP ML'24(1).pdf,19,19
Central Main,97391,1728294831372-SUB PTT DN ML'24(1).pdf,12,19
Central Main,97392,1728294891897-SUB PTT UP ML'24(1).pdf,19,13
Central Main,97393,1728294831372-SUB PTT DN ML'24(1).pdf,13,19
Central Main,97394,1728294891897-SUB PTT UP ML'24(1).pdf,20,19
Central Main,97395,1728294831372-SUB PTT DN ML'24(1).pdf,13,19
Central Main,97396,1728294891897-SUB PTT UP ML'24(1).pdf,20,19
Central Main,97397,1728294831372-SUB PTT DN ML'24(1).pdf,13,19
Central Main,97398,1728294891897-SUB PTT UP ML'24(1).pdf,20,19
Central Main,97399,1728294831372-SUB PTT DN ML'24(1).pdf,14,19
Central Main,97400,1728294891897-SUB PTT UP ML'24(1).pdf,20,19
Central Main,97401,1728294831372-SUB PTT DN ML'24(1).pdf,14,19
Central Main,97402,1728294891897-SUB PTT UP ML'24(1).pdf,21,19
Central Main,97403,1728294831372-SUB PTT DN ML'24(1).pdf,14,19
Central Main,97404,1728294891897-SUB PTT UP ML'24(1).pdf,21,19
Central Main,97405,1728294831372-SUB PTT DN ML'24(1).pdf,15,19
Central Main,97406,1728294891897-SUB PTT UP ML'24(1).pdf,21,19
Central Main,97407,1728294831372-SUB PTT DN ML'24(1).pdf,15,13
Central Main,97408,1728294891897-SUB PTT UP ML'24(1).pdf,21,19
Central Main,97409,1728294831372-SUB PTT DN ML'24(1).pdf,15,19
Central Main,97410,1728294891897-SUB PTT UP ML'24(1).pdf,22,13
Central Main,97411,1728294831372-SUB PTT DN ML'24(1).pdf,15,13
Central Main,97412,1728294891897-SUB PTT UP ML'24(1).pdf,22,13
Central Main,97413,1728294831372-SUB PTT DN ML'24(1).pdf,15,19
Central Main,97414,1728294891897-SUB PTT UP ML'24(1).pdf,22,19
Central Main,97415,1728294831372-SUB PTT DN ML'24(1).pdf,16,19
Central Main,97416,1728294891897-SUB PTT UP ML'24(1).pdf,23,19
Central Main,97417,1728294831372-SUB PTT DN ML'24(1).pdf,16,19
Central Main,97418,1728294891897-SUB PTT UP ML'24(1).pdf,23,13
Central Main,97419,1728294831372-SUB PTT DN ML'24(1).pdf,16,19
Central Main,97420,1728294891897-SUB PTT UP ML'24(1).pdf,24,19
Central Main,97421,1728294831372-SUB PTT DN ML'24(1).pdf,16,19
Central Main,97422,1728294891897-SUB PTT UP ML'24(1).pdf,24,19
Central Main,97423,1728294831372-SUB PTT DN ML'24(1).pdf,16,19
Central Main,97424,1728294891897-SUB PTT UP ML'24(1).pdf,24,19
Central Main,97425,1728294831372-SUB PTT DN ML'24(1).pdf,17,19
Central Main,97426,1728294891897-SUB PTT UP ML'24(1).pdf,25,19
Central Main,97427,1728294831372-SUB PTT DN ML'24(1).pdf,17,19
Central Main,97428,1728294891897-SUB PTT UP ML'24(1).pdf,26,19
Central Main,97429,1728294831372-SUB PTT DN ML'24(1).pdf,18,19
Central Main,97430,1728294891897-SUB PTT UP ML'24(1).pdf,26,19
Central Main,97431,1728294831372-SUB PTT DN ML'24(1).pdf,18,19
Central Main,97432,1728294891897-SUB PTT UP ML'24(1).pdf,27,13
Central Main,97433,1728294831372-SUB PTT DN ML'24(1).pdf,18,19
Central Main,97434,1728294891897-SUB PTT UP ML'24(1).pdf,27,13
Central Main,97435,1728294831372-SUB PTT DN ML'24(1).pdf,18,19
Central Main,97436,1728294891897-SUB PTT UP ML'24(1).pdf,29,9
Central Main,97437,1728294831372-SUB PTT DN ML'24(1).pdf,18,19
Central Main,97439,1728294831372-SUB PTT DN ML'24(1).pdf,18,19
Central Main,97441,1728294831372-SUB PTT DN ML'24(1).pdf,18,19
Central Main,97501,1728294831372-SUB PTT DN ML'24(1).pdf,4,13
Central Main,97502,1728294891897-SUB PTT UP ML'24(1).pdf,7,13
Central Main,97503,1728294831372-SUB PTT DN ML'24(1).pdf,5,13
Central Main,97504,1728294891897-SUB PTT UP ML'24(1).pdf,8,13
Central Main,97505,1728294831372-SUB PTT DN ML'24(1).pdf,6,13
Central Main,97506,1728294891897-SUB PTT UP ML'24(1).pdf,9,13
Central Main,97601,1728294831372-SUB PTT DN ML'24(1).pdf,1,11
Central Main,97602,1728294891897-SUB PTT UP ML'24(1).pdf,1,11
Central Main,97603,1728294831372-SUB PTT DN ML'24(1).pdf,4,11
Central Main,97604,1728294891897-SUB PTT UP ML'24(1).pdf,1,11
Central Main,97605,1728294831372-SUB PTT DN ML'24(1).pdf,4,11
Central Main,97606,1728294891897-SUB PTT UP ML'24(1).pdf,3,11
Central Main,97607,1728294831372-SUB PTT DN ML'24(1).pdf,4,11
Central Main,97608,1728294891897-SUB PTT UP ML'24(1).pdf,6,11
Central Main,97609,1728294831372-SUB PTT DN ML'24(1).pdf,5,11
Central Main,97610,1728294891897-SUB PTT UP ML'24(1).pdf,7,11
Central Main,97611,1728294831372-SUB PTT DN ML'24(1).pdf,5,11
Central Main,97612,1728294891897-SUB PTT UP ML'24(1).pdf,8,11
Central Main,97613,1728294831372-SUB PTT DN ML'24(1).pdf,6,11
Central Main,97614,1728294891897-SUB PTT UP ML'24(1).pdf,17,11
Central Main,97615,1728294831372-SUB PTT DN ML'24(1).pdf,6,11
Central Main,97616,1728294891897-SUB PTT UP ML'24(1).pdf,17,11
Central Main,97617,1728294831372-SUB PTT DN ML'24(1).pdf,6,11
Central Main,97618,1728294891897-SUB PTT UP ML'24(1).pdf,18,11
Central Main,97619,1728294831372-SUB PTT DN ML'24(1).pdf,7,11
Central Main,97620,1728294891897-SUB PTT UP ML'24(1).pdf,19,11
Central Main,97621,1728294831372-SUB PTT DN ML'24(1).pdf,7,11
Central Main,97622,1728294891897-SUB PTT UP ML'24(1).pdf,20,11
Central Main,97623,1728294831372-SUB PTT DN ML'24(1).pdf,7,11
Central Main,97624,1728294891897-SUB PTT UP ML'24(1).pdf,21,11
Central Main,97625,1728294831372-SUB PTT DN ML'24(1).pdf,12,11
Central Main,97626,1728294891897-SUB PTT UP ML'24(1).pdf,22,11
Central Main,97627,1728294831372-SUB PTT DN ML'24(1).pdf,13,11
Central Main,97628,1728294891897-SUB PTT UP ML'24(1).pdf,23,11
Central Main,97629,1728294831372-SUB PTT DN ML'24(1).pdf,13,11
Central Main,97630,1728294891897-SUB PTT UP ML'24(1).pdf,27,11
Central Main,97631,1728294831372-SUB PTT DN ML'24(1).pdf,14,11
Central Main,97633,1728294831372-SUB PTT DN ML'24(1).pdf,14,11
Central Main,97635,1728294831372-SUB PTT DN ML'24(1).pdf,16,11
Central Main,97637,1728294831372-SUB PTT DN ML'24(1).pdf,17,11
Central Main,97639,1728294831372-SUB PTT DN ML'24(1).pdf,17,11
Central Main,97641,1728294831372-SUB PTT DN ML'24(1).pdf,18,11
Central Main,97643,1728294831372-SUB PTT DN ML'24(1).pdf,18,11
Central Main,97645,1728294831372-SUB PTT DN ML'24(1).pdf,18,11
Central Main,97647,1728294831372-SUB PTT DN ML'24(1).pdf,18,11
Central Main,97649,1728294831372-SUB PTT DN ML'24(1).pdf,18,11
Central Main,97651,1728294831372-SUB PTT DN ML'24(1).pdf,18,11
Harbour,91392,1680671789509-HARBOUR SERVICES W.E.F   01.10.2022.pdf,10,18
Harbour,91392,1777550366723-UP HB REVISED PTT WEF 01.05.2026(1).pdf,8,18
Harbour,91393,1680671789509-HARBOUR SERVICES W.E.F   01.10.2022.pdf,3,18
Harbour,91393,1777550323377-DN HB REVISED PTT WEF 01.05.2026(1).pdf,8,18
Harbour,91394,1680671789509-HARBOUR SERVICES W.E.F   01.10.2022.pdf,11,18
Harbour,91394,1777550366723-UP HB REVISED PTT WEF 01.05.2026(1).pdf,10,18
Harbour,91395,1680671789509-HARBOUR SERVICES W.E.F   01.10.2022.pdf,4,18
Harbour,91395,1777550323377-DN HB REVISED PTT WEF 01.05.2026(1).pdf,9,18
Harbour,91396,1680671789509-HARBOUR SERVICES W.E.F   01.10.2022.pdf,13,18
Harbour,91396,1777550366723-UP HB REVISED PTT WEF 01.05.2026(1).pdf,16,18
Harbour,91491,1680671789509-HARBOUR SERVICES W.E.F   01.10.2022.pdf,6,18
Harbour,91491,1777550323377-DN HB REVISED PTT WEF 01.05.2026(1).pdf,16,19
Harbour,98001,1777550323377-DN HB REVISED PTT WEF 01.05.2026(1).pdf,1,25
Harbour,98002,1777550366723-UP HB REVISED PTT WEF 01.05.2026(1).pdf,19,25
Harbour,98003,1777550323377-DN HB REVISED PTT WEF 01.05.2026(1).pdf,18,25
Harbour,98004,1777550366723-UP HB REVISED PTT WEF 01.05.2026(1).pdf,1,25
Harbour,98005,1777550323377-DN HB REVISED PTT WEF 01.05.2026(1).pdf,1,25
Harbour,98006,1777550366723-UP HB REVISED PTT WEF 01.05.2026(1).pdf,1,25
Harbour,98007,1777550323377-DN HB REVISED PTT WEF 01.05.2026(1).pdf,1,25
Harbour,98008,1777550366723-UP HB REVISED PTT WEF 01.05.2026(1).pdf,2,25
Harbour,98009,1777550323377-DN HB REVISED PTT WEF 01.05.2026(1).pdf,1,18
Harbour,98010,1777550366723-UP HB REVISED PTT WEF 01.05.2026(1).pdf,2,25
Harbour,98011,1777550323377-DN HB REVISED PTT WEF 01.05.2026(1).pdf,1,25
Harbour,98012,1777550366723-UP HB REVISED PTT WEF 01.05.2026(1).pdf,2,25
Harbour,98013,1777550323377-DN HB REVISED PTT WEF 01.05.2026(1).pdf,1,25
Harbour,98014,1777550366723-UP HB REVISED PTT WEF 01.05.2026(1).pdf,2,25
Harbour,98015,1777550323377-DN HB REVISED PTT WEF 01.05.2026(1).pdf,1,25
Harbour,98016,1777550366723-UP HB REVISED PTT WEF 01.05.2026(1).pdf,2,25
Harbour,98017,1777550323377-DN HB REVISED PTT WEF 01.05.2026(1).pdf,1,25
Harbour,98018,1777550366723-UP HB REVISED PTT WEF 01.05.2026(1).pdf,3,25
Harbour,98019,1777550323377-DN HB REVISED PTT WEF 01.05.2026(1).pdf,1,25
Harbour,98020,1777550366723-UP HB REVISED PTT WEF 01.05.2026(1).pdf,3,25
Harbour,98021,1777550323377-DN HB REVISED PTT WEF 01.05.2026(1).pdf,2,18
Harbour,98022,1777550366723-UP HB REVISED PTT WEF 01.05.2026(1).pdf,3,25
Harbour,98023,1777550323377-DN HB REVISED PTT WEF 01.05.2026(1).pdf,2,25
Harbour,98024,1777550366723-UP HB REVISED PTT WEF 01.05.2026(1).pdf,3,18
Harbour,98025,1777550323377-DN HB REVISED PTT WEF 01.05.2026(1).pdf,2,25
Harbour,98026,1777550366723-UP HB REVISED PTT WEF 01.05.2026(1).pdf,3,25
Harbour,98027,1777550323377-DN HB REVISED PTT WEF 01.05.2026(1).pdf,2,25
Harbour,98028,1777550366723-UP HB REVISED PTT WEF 01.05.2026(1).pdf,4,25
Harbour,98029,1777550323377-DN HB REVISED PTT WEF 01.05.2026(1).pdf,2,25
Harbour,98030,1777550366723-UP HB REVISED PTT WEF 01.05.2026(1).pdf,4,18
Harbour,98031,1777550323377-DN HB REVISED PTT WEF 01.05.2026(1).pdf,2,25
Harbour,98032,1777550366723-UP HB REVISED PTT WEF 01.05.2026(1).pdf,4,25
Harbour,98033,1777550323377-DN HB REVISED PTT WEF 01.05.2026(1).pdf,2,25
Harbour,98034,1777550366723-UP HB REVISED PTT WEF 01.05.2026(1).pdf,4,18
Harbour,98035,1777550323377-DN HB REVISED PTT WEF 01.05.2026(1).pdf,2,18
Harbour,98036,1777550366723-UP HB REVISED PTT WEF 01.05.2026(1).pdf,4,25
Harbour,98037,1777550323377-DN HB REVISED PTT WEF 01.05.2026(1).pdf,2,25
Harbour,98038,1777550366723-UP HB REVISED PTT WEF 01.05.2026(1).pdf,5,25
Harbour,98039,1777550323377-DN HB REVISED PTT WEF 01.05.2026(1).pdf,3,25
Harbour,98040,1777550366723-UP HB REVISED PTT WEF 01.05.2026(1).pdf,5,18
Harbour,98041,1777550323377-DN HB REVISED PTT WEF 01.05.2026(1).pdf,3,25
Harbour,98042,1777550366723-UP HB REVISED PTT WEF 01.05.2026(1).pdf,5,25
Harbour,98043,1777550323377-DN HB REVISED PTT WEF 01.05.2026(1).pdf,3,25
Harbour,98044,1777550366723-UP HB REVISED PTT WEF 01.05.2026(1).pdf,5,25
Harbour,98045,1777550323377-DN HB REVISED PTT WEF 01.05.2026(1).pdf,3,25
Harbour,98046,1777550366723-UP HB REVISED PTT WEF 01.05.2026(1).pdf,5,25
Harbour,98047,1777550323377-DN HB REVISED PTT WEF 01.05.2026(1).pdf,3,18
Harbour,98048,1777550366723-UP HB REVISED PTT WEF 01.05.2026(1).pdf,5,25
Harbour,98049,1777550323377-DN HB REVISED PTT WEF 01.05.2026(1).pdf,3,25
Harbour,98050,1777550366723-UP HB REVISED PTT WEF 01.05.2026(1).pdf,6,18
Harbour,98051,1777550323377-DN HB REVISED PTT WEF 01.05.2026(1).pdf,3,25
Harbour,98052,1777550366723-UP HB REVISED PTT WEF 01.05.2026(1).pdf,6,25
Harbour,98053,1777550323377-DN HB REVISED PTT WEF 01.05.2026(1).pdf,3,25
Harbour,98054,1777550366723-UP HB REVISED PTT WEF 01.05.2026(1).pdf,6,18
Harbour,98055,1777550323377-DN HB REVISED PTT WEF 01.05.2026(1).pdf,3,25
Harbour,98056,1777550366723-UP HB REVISED PTT WEF 01.05.2026(1).pdf,6,25
Harbour,98057,1777550323377-DN HB REVISED PTT WEF 01.05.2026(1).pdf,4,25
Harbour,98058,1777550366723-UP HB REVISED PTT WEF 01.05.2026(1).pdf,6,25
Harbour,98059,1777550323377-DN HB REVISED PTT WEF 01.05.2026(1).pdf,4,18
Harbour,98060,1777550366723-UP HB REVISED PTT WEF 01.05.2026(1).pdf,6,25
Harbour,98061,1777550323377-DN HB REVISED PTT WEF 01.05.2026(1).pdf,4,25
Harbour,98062,1777550366723-UP HB REVISED PTT WEF 01.05.2026(1).pdf,6,25
Harbour,98063,1777550323377-DN HB REVISED PTT WEF 01.05.2026(1).pdf,4,25
Harbour,98064,1777550366723-UP HB REVISED PTT WEF 01.05.2026(1).pdf,6,18
Harbour,98065,1777550323377-DN HB REVISED PTT WEF 01.05.2026(1).pdf,4,18
Harbour,98066,1777550366723-UP HB REVISED PTT WEF 01.05.2026(1).pdf,7,25
Harbour,98067,1777550323377-DN HB REVISED PTT WEF 01.05.2026(1).pdf,4,25
Harbour,98068,1777550366723-UP HB REVISED PTT WEF 01.05.2026(1).pdf,7,18
Harbour,98069,1777550323377-DN HB REVISED PTT WEF 01.05.2026(1).pdf,5,25
Harbour,98070,1777550366723-UP HB REVISED PTT WEF 01.05.2026(1).pdf,7,25
Harbour,98071,1777550323377-DN HB REVISED PTT WEF 01.05.2026(1).pdf,5,25
Harbour,98072,1777550366723-UP HB REVISED PTT WEF 01.05.2026(1).pdf,7,25
Harbour,98073,1777550323377-DN HB REVISED PTT WEF 01.05.2026(1).pdf,5,25
Harbour,98074,1777550366723-UP HB REVISED PTT WEF 01.05.2026(1).pdf,7,25
Harbour,98075,1777550323377-DN HB REVISED PTT WEF 01.05.2026(1).pdf,5,18
Harbour,98076,1777550366723-UP HB REVISED PTT WEF 01.05.2026(1).pdf,7,18
Harbour,98077,1777550323377-DN HB REVISED PTT WEF 01.05.2026(1).pdf,5,25
Harbour,98078,1777550366723-UP HB REVISED PTT WEF 01.05.2026(1).pdf,7,25
Harbour,98079,1777550323377-DN HB REVISED PTT WEF 01.05.2026(1).pdf,5,25
Harbour,98080,1777550366723-UP HB REVISED PTT WEF 01.05.2026(1).pdf,8,25
Harbour,98081,1777550323377-DN HB REVISED PTT WEF 01.05.2026(1).pdf,6,25
Harbour,98082,1777550366723-UP HB REVISED PTT WEF 01.05.2026(1).pdf,8,25
Harbour,98083,1777550323377-DN HB REVISED PTT WEF 01.05.2026(1).pdf,6,25
Harbour,98084,1777550366723-UP HB REVISED PTT WEF 01.05.2026(1).pdf,8,18
Harbour,98085,1777550323377-DN HB REVISED PTT WEF 01.05.2026(1).pdf,6,25
Harbour,98086,1777550366723-UP HB REVISED PTT WEF 01.05.2026(1).pdf,8,25
Harbour,98087,1777550323377-DN HB REVISED PTT WEF 01.05.2026(1).pdf,6,18
Harbour,98088,1777550366723-UP HB REVISED PTT WEF 01.05.2026(1).pdf,8,18
Harbour,98089,1777550323377-DN HB REVISED PTT WEF 01.05.2026(1).pdf,6,25
Harbour,98090,1777550366723-UP HB REVISED PTT WEF 01.05.2026(1).pdf,8,25
Harbour,98091,1777550323377-DN HB REVISED PTT WEF 01.05.2026(1).pdf,6,25
Harbour,98092,1777550366723-UP HB REVISED PTT WEF 01.05.2026(1).pdf,8,25
Harbour,98093,1777550323377-DN HB REVISED PTT WEF 01.05.2026(1).pdf,6,25
Harbour,98094,1777550366723-UP HB REVISED PTT WEF 01.05.2026(1).pdf,9,25
Harbour,98095,1777550323377-DN HB REVISED PTT WEF 01.05.2026(1).pdf,7,25
Harbour,98096,1777550366723-UP HB REVISED PTT WEF 01.05.2026(1).pdf,9,18
Harbour,98097,1777550323377-DN HB REVISED PTT WEF 01.05.2026(1).pdf,7,25
Harbour,98098,1777550366723-UP HB REVISED PTT WEF 01.05.2026(1).pdf,9,25
Harbour,98099,1777550323377-DN HB REVISED PTT WEF 01.05.2026(1).pdf,7,25
Harbour,98100,1777550366723-UP HB REVISED PTT WEF 01.05.2026(1).pdf,9,25
Harbour,98101,1777550323377-DN HB REVISED PTT WEF 01.05.2026(1).pdf,7,25
Harbour,98102,1777550366723-UP HB REVISED PTT WEF 01.05.2026(1).pdf,9,25
Harbour,98103,1777550323377-DN HB REVISED PTT WEF 01.05.2026(1).pdf,7,25
Harbour,98104,1777550366723-UP HB REVISED PTT WEF 01.05.2026(1).pdf,9,18
Harbour,98105,1777550323377-DN HB REVISED PTT WEF 01.05.2026(1).pdf,7,25
Harbour,98106,1777550366723-UP HB REVISED PTT WEF 01.05.2026(1).pdf,9,25
Harbour,98107,1777550323377-DN HB REVISED PTT WEF 01.05.2026(1).pdf,7,18
Harbour,98108,1777550366723-UP HB REVISED PTT WEF 01.05.2026(1).pdf,10,25
Harbour,98109,1777550323377-DN HB REVISED PTT WEF 01.05.2026(1).pdf,7,25
Harbour,98110,1777550366723-UP HB REVISED PTT WEF 01.05.2026(1).pdf,10,25
Harbour,98111,1777550323377-DN HB REVISED PTT WEF 01.05.2026(1).pdf,8,25
Harbour,98112,1777550366723-UP HB REVISED PTT WEF 01.05.2026(1).pdf,10,25
Harbour,98113,1777550323377-DN HB REVISED PTT WEF 01.05.2026(1).pdf,8,25
Harbour,98114,1777550366723-UP HB REVISED PTT WEF 01.05.2026(1).pdf,10,25
Harbour,98115,1777550323377-DN HB REVISED PTT WEF 01.05.2026(1).pdf,8,18
Harbour,98116,1777550366723-UP HB REVISED PTT WEF 01.05.2026(1).pdf,10,25
Harbour,98117,1777550323377-DN HB REVISED PTT WEF 01.05.2026(1).pdf,8,25
Harbour,98118,1777550366723-UP HB REVISED PTT WEF 01.05.2026(1).pdf,10,25
Harbour,98119,1777550323377-DN HB REVISED PTT WEF 01.05.2026(1).pdf,8,18
Harbour,98120,1777550366723-UP HB REVISED PTT WEF 01.05.2026(1).pdf,10,25
Harbour,98121,1777550323377-DN HB REVISED PTT WEF 01.05.2026(1).pdf,8,25
Harbour,98122,1777550366723-UP HB REVISED PTT WEF 01.05.2026(1).pdf,10,25
Harbour,98123,1777550323377-DN HB REVISED PTT WEF 01.05.2026(1).pdf,8,25
Harbour,98124,1777550366723-UP HB REVISED PTT WEF 01.05.2026(1).pdf,10,18
Harbour,98125,1777550323377-DN HB REVISED PTT WEF 01.05.2026(1).pdf,9,25
Harbour,98126,1777550366723-UP HB REVISED PTT WEF 01.05.2026(1).pdf,11,25
Harbour,98127,1777550323377-DN HB REVISED PTT WEF 01.05.2026(1).pdf,9,25
Harbour,98128,1777550366723-UP HB REVISED PTT WEF 01.05.2026(1).pdf,11,25
Harbour,98129,1777550323377-DN HB REVISED PTT WEF 01.05.2026(1).pdf,9,18
Harbour,98130,1777550366723-UP HB REVISED PTT WEF 01.05.2026(1).pdf,11,18
Harbour,98131,1777550323377-DN HB REVISED PTT WEF 01.05.2026(1).pdf,9,25
Harbour,98132,1777550366723-UP HB REVISED PTT WEF 01.05.2026(1).pdf,11,25
Harbour,98133,1777550323377-DN HB REVISED PTT WEF 01.05.2026(1).pdf,9,25
Harbour,98134,1777550366723-UP HB REVISED PTT WEF 01.05.2026(1).pdf,11,25
Harbour,98135,1777550323377-DN HB REVISED PTT WEF 01.05.2026(1).pdf,9,25
Harbour,98136,1777550366723-UP HB REVISED PTT WEF 01.05.2026(1).pdf,11,25
Harbour,98137,1777550323377-DN HB REVISED PTT WEF 01.05.2026(1).pdf,9,25
Harbour,98138,1777550366723-UP HB REVISED PTT WEF 01.05.2026(1).pdf,11,18
Harbour,98139,1777550323377-DN HB REVISED PTT WEF 01.05.2026(1).pdf,9,25
Harbour,98140,1777550366723-UP HB REVISED PTT WEF 01.05.2026(1).pdf,11,25
Harbour,98141,1777550323377-DN HB REVISED PTT WEF 01.05.2026(1).pdf,10,25
Harbour,98142,1777550366723-UP HB REVISED PTT WEF 01.05.2026(1).pdf,11,25
Harbour,98143,1777550323377-DN HB REVISED PTT WEF 01.05.2026(1).pdf,10,25
Harbour,98144,1777550366723-UP HB REVISED PTT WEF 01.05.2026(1).pdf,11,25
Harbour,98145,1777550323377-DN HB REVISED PTT WEF 01.05.2026(1).pdf,10,25
Harbour,98146,1777550366723-UP HB REVISED PTT WEF 01.05.2026(1).pdf,12,25
Harbour,98147,1777550323377-DN HB REVISED PTT WEF 01.05.2026(1).pdf,10,18
Harbour,98148,1777550366723-UP HB REVISED PTT WEF 01.05.2026(1).pdf,12,25
Harbour,98149,1777550323377-DN HB REVISED PTT WEF 01.05.2026(1).pdf,10,25
Harbour,98150,1777550366723-UP HB REVISED PTT WEF 01.05.2026(1).pdf,12,25
Harbour,98151,1777550323377-DN HB REVISED PTT WEF 01.05.2026(1).pdf,10,25
Harbour,98152,1777550366723-UP HB REVISED PTT WEF 01.05.2026(1).pdf,12,25
Harbour,98153,1777550323377-DN HB REVISED PTT WEF 01.05.2026(1).pdf,10,25
Harbour,98154,1777550366723-UP HB REVISED PTT WEF 01.05.2026(1).pdf,12,25
Harbour,98155,1777550323377-DN HB REVISED PTT WEF 01.05.2026(1).pdf,10,25
Harbour,98156,1777550366723-UP HB REVISED PTT WEF 01.05.2026(1).pdf,13,25
Harbour,98157,1777550323377-DN HB REVISED PTT WEF 01.05.2026(1).pdf,10,25
Harbour,98158,1777550366723-UP HB REVISED PTT WEF 01.05.2026(1).pdf,13,25
Harbour,98159,1777550323377-DN HB REVISED PTT WEF 01.05.2026(1).pdf,10,25
Harbour,98160,1777550366723-UP HB REVISED PTT WEF 01.05.2026(1).pdf,13,25
Harbour,98161,1777550323377-DN HB REVISED PTT WEF 01.05.2026(1).pdf,11,18
Harbour,98162,1777550366723-UP HB REVISED PTT WEF 01.05.2026(1).pdf,13,18
Harbour,98163,1777550323377-DN HB REVISED PTT WEF 01.05.2026(1).pdf,11,25
Harbour,98164,1777550366723-UP HB REVISED PTT WEF 01.05.2026(1).pdf,13,25
Harbour,98165,1777550323377-DN HB REVISED PTT WEF 01.05.2026(1).pdf,11,25
Harbour,98166,1777550366723-UP HB REVISED PTT WEF 01.05.2026(1).pdf,13,25
Harbour,98167,1777550323377-DN HB REVISED PTT WEF 01.05.2026(1).pdf,11,18
Harbour,98168,1777550366723-UP HB REVISED PTT WEF 01.05.2026(1).pdf,14,18
Harbour,98169,1777550323377-DN HB REVISED PTT WEF 01.05.2026(1).pdf,11,25
Harbour,98170,1777550366723-UP HB REVISED PTT WEF 01.05.2026(1).pdf,14,25
Harbour,98171,1777550323377-DN HB REVISED PTT WEF 01.05.2026(1).pdf,11,25
Harbour,98172,1777550366723-UP HB REVISED PTT WEF 01.05.2026(1).pdf,14,25
Harbour,98173,1777550323377-DN HB REVISED PTT WEF 01.05.2026(1).pdf,11,18
Harbour,98174,1777550366723-UP HB REVISED PTT WEF 01.05.2026(1).pdf,14,18
Harbour,98175,1777550323377-DN HB REVISED PTT WEF 01.05.2026(1).pdf,11,25
Harbour,98176,1777550366723-UP HB REVISED PTT WEF 01.05.2026(1).pdf,14,25
Harbour,98177,1777550323377-DN HB REVISED PTT WEF 01.05.2026(1).pdf,12,18
Harbour,98178,1777550366723-UP HB REVISED PTT WEF 01.05.2026(1).pdf,15,25
Harbour,98179,1777550323377-DN HB REVISED PTT WEF 01.05.2026(1).pdf,12,25
Harbour,98180,1777550366723-UP HB REVISED PTT WEF 01.05.2026(1).pdf,15,25
Harbour,98181,1777550323377-DN HB REVISED PTT WEF 01.05.2026(1).pdf,12,18
Harbour,98182,1777550366723-UP HB REVISED PTT WEF 01.05.2026(1).pdf,15,18
Harbour,98183,1777550323377-DN HB REVISED PTT WEF 01.05.2026(1).pdf,12,25
Harbour,98184,1777550366723-UP HB REVISED PTT WEF 01.05.2026(1).pdf,15,25
Harbour,98185,1777550323377-DN HB REVISED PTT WEF 01.05.2026(1).pdf,12,25
Harbour,98186,1777550366723-UP HB REVISED PTT WEF 01.05.2026(1).pdf,15,25
Harbour,98187,1777550323377-DN HB REVISED PTT WEF 01.05.2026(1).pdf,12,18
Harbour,98188,1777550366723-UP HB REVISED PTT WEF 01.05.2026(1).pdf,15,18
Harbour,98189,1777550323377-DN HB REVISED PTT WEF 01.05.2026(1).pdf,12,25
Harbour,98190,1777550366723-UP HB REVISED PTT WEF 01.05.2026(1).pdf,15,25
Harbour,98191,1777550323377-DN HB REVISED PTT WEF 01.05.2026(1).pdf,13,25
Harbour,98192,1777550366723-UP HB REVISED PTT WEF 01.05.2026(1).pdf,16,25
Harbour,98193,1777550323377-DN HB REVISED PTT WEF 01.05.2026(1).pdf,13,25
Harbour,98194,1777550366723-UP HB REVISED PTT WEF 01.05.2026(1).pdf,16,25
Harbour,98195,1777550323377-DN HB REVISED PTT WEF 01.05.2026(1).pdf,13,25
Harbour,98196,1777550366723-UP HB REVISED PTT WEF 01.05.2026(1).pdf,16,25
Harbour,98197,1777550323377-DN HB REVISED PTT WEF 01.05.2026(1).pdf,13,18
Harbour,98198,1777550366723-UP HB REVISED PTT WEF 01.05.2026(1).pdf,16,25
Harbour,98199,1777550323377-DN HB REVISED PTT WEF 01.05.2026(1).pdf,13,25
Harbour,98200,1777550366723-UP HB REVISED PTT WEF 01.05.2026(1).pdf,16,25
Harbour,98201,1777550323377-DN HB REVISED PTT WEF 01.05.2026(1).pdf,13,25
Harbour,98202,1777550366723-UP HB REVISED PTT WEF 01.05.2026(1).pdf,16,25
Harbour,98203,1777550323377-DN HB REVISED PTT WEF 01.05.2026(1).pdf,13,25
Harbour,98204,1777550366723-UP HB REVISED PTT WEF 01.05.2026(1).pdf,17,25
Harbour,98205,1777550323377-DN HB REVISED PTT WEF 01.05.2026(1).pdf,14,25
Harbour,98206,1777550366723-UP HB REVISED PTT WEF 01.05.2026(1).pdf,17,25
Harbour,98207,1777550323377-DN HB REVISED PTT WEF 01.05.2026(1).pdf,14,25
Harbour,98208,1777550366723-UP HB REVISED PTT WEF 01.05.2026(1).pdf,17,18
Harbour,98209,1777550323377-DN HB REVISED PTT WEF 01.05.2026(1).pdf,14,18
Harbour,98210,1777550366723-UP HB REVISED PTT WEF 01.05.2026(1).pdf,17,25
Harbour,98211,1777550323377-DN HB REVISED PTT WEF 01.05.2026(1).pdf,14,25
Harbour,98212,1777550366723-UP HB REVISED PTT WEF 01.05.2026(1).pdf,17,25
Harbour,98213,1777550323377-DN HB REVISED PTT WEF 01.05.2026(1).pdf,14,25
Harbour,98214,1777550366723-UP HB REVISED PTT WEF 01.05.2026(1).pdf,17,25
Harbour,98215,1777550323377-DN HB REVISED PTT WEF 01.05.2026(1).pdf,15,18
Harbour,98216,1777550366723-UP HB REVISED PTT WEF 01.05.2026(1).pdf,17,25
Harbour,98217,1777550323377-DN HB REVISED PTT WEF 01.05.2026(1).pdf,15,25
Harbour,98218,1777550366723-UP HB REVISED PTT WEF 01.05.2026(1).pdf,18,25
Harbour,98219,1777550323377-DN HB REVISED PTT WEF 01.05.2026(1).pdf,15,18
Harbour,98220,1777550366723-UP HB REVISED PTT WEF 01.05.2026(1).pdf,18,25
Harbour,98221,1777550323377-DN HB REVISED PTT WEF 01.05.2026(1).pdf,15,25
Harbour,98222,1777550366723-UP HB REVISED PTT WEF 01.05.2026(1).pdf,18,25
Harbour,98223,1777550323377-DN HB REVISED PTT WEF 01.05.2026(1).pdf,15,25
Harbour,98224,1777550366723-UP HB REVISED PTT WEF 01.05.2026(1).pdf,18,25
Harbour,98225,1777550323377-DN HB REVISED PTT WEF 01.05.2026(1).pdf,15,25
Harbour,98226,1777550366723-UP HB REVISED PTT WEF 01.05.2026(1).pdf,18,25
Harbour,98227,1777550323377-DN HB REVISED PTT WEF 01.05.2026(1).pdf,15,18
Harbour,98228,1777550366723-UP HB REVISED PTT WEF 01.05.2026(1).pdf,18,25
Harbour,98229,1777550323377-DN HB REVISED PTT WEF 01.05.2026(1).pdf,16,25
Harbour,98230,1777550366723-UP HB REVISED PTT WEF 01.05.2026(1).pdf,18,25
Harbour,98231,1777550323377-DN HB REVISED PTT WEF 01.05.2026(1).pdf,16,18
Harbour,98232,1777550366723-UP HB REVISED PTT WEF 01.05.2026(1).pdf,18,25
Harbour,98233,1777550323377-DN HB REVISED PTT WEF 01.05.2026(1).pdf,16,25
Harbour,98234,1777550366723-UP HB REVISED PTT WEF 01.05.2026(1).pdf,18,25
Harbour,98235,1777550323377-DN HB REVISED PTT WEF 01.05.2026(1).pdf,16,25
Harbour,98236,1777550366723-UP HB REVISED PTT WEF 01.05.2026(1).pdf,19,25
Harbour,98237,1777550323377-DN HB REVISED PTT WEF 01.05.2026(1).pdf,16,18
Harbour,98238,1777550366723-UP HB REVISED PTT WEF 01.05.2026(1).pdf,19,25
Harbour,98239,1777550323377-DN HB REVISED PTT WEF 01.05.2026(1).pdf,16,25
Harbour,98240,1777550366723-UP HB REVISED PTT WEF 01.05.2026(1).pdf,19,10
Harbour,98241,1777550323377-DN HB REVISED PTT WEF 01.05.2026(1).pdf,17,25
Harbour,98242,1777550366723-UP HB REVISED PTT WEF 01.05.2026(1).pdf,19,25
Harbour,98243,1777550323377-DN HB REVISED PTT WEF 01.05.2026(1).pdf,17,25
Harbour,98244,1777550366723-UP HB REVISED PTT WEF 01.05.2026(1).pdf,19,25
Harbour,98245,1777550323377-DN HB REVISED PTT WEF 01.05.2026(1).pdf,17,25
Harbour,98246,1777550366723-UP HB REVISED PTT WEF 01.05.2026(1).pdf,19,5
Harbour,98247,1777550323377-DN HB REVISED PTT WEF 01.05.2026(1).pdf,17,25
Harbour,98248,1777550366723-UP HB REVISED PTT WEF 01.05.2026(1).pdf,19,10
Harbour,98249,1777550323377-DN HB REVISED PTT WEF 01.05.2026(1).pdf,17,25
Harbour,98250,1777550366723-UP HB REVISED PTT WEF 01.05.2026(1).pdf,19,18
Harbour,98251,1777550323377-DN HB REVISED PTT WEF 01.05.2026(1).pdf,18,25
Harbour,98252,1777550366723-UP HB REVISED PTT WEF 01.05.2026(1).pdf,1,5
Harbour,98253,1777550323377-DN HB REVISED PTT WEF 01.05.2026(1).pdf,18,25
Harbour,98255,1777550323377-DN HB REVISED PTT WEF 01.05.2026(1).pdf,18,25
Harbour,98257,1777550323377-DN HB REVISED PTT WEF 01.05.2026(1).pdf,18,25
Harbour,98259,1777550323377-DN HB REVISED PTT WEF 01.05.2026(1).pdf,18,25
Harbour,98301,1777550323377-DN HB REVISED PTT WEF 01.05.2026(1).pdf,1,21
Harbour,98302,1777550366723-UP HB REVISED PTT WEF 01.05.2026(1).pdf,1,21
Harbour,98303,1777550323377-DN HB REVISED PTT WEF 01.05.2026(1).pdf,1,14
Harbour,98304,1777550366723-UP HB REVISED PTT WEF 01.05.2026(1).pdf,1,21
Harbour,98305,1777550323377-DN HB REVISED PTT WEF 01.05.2026(1).pdf,2,21
Harbour,98306,1777550366723-UP HB REVISED PTT WEF 01.05.2026(1).pdf,1,21
Harbour,98307,1777550323377-DN HB REVISED PTT WEF 01.05.2026(1).pdf,2,21
Harbour,98308,1777550366723-UP HB REVISED PTT WEF 01.05.2026(1).pdf,1,21
Harbour,98309,1777550323377-DN HB REVISED PTT WEF 01.05.2026(1).pdf,3,21
Harbour,98310,1777550366723-UP HB REVISED PTT WEF 01.05.2026(1).pdf,2,21
Harbour,98311,1777550323377-DN HB REVISED PTT WEF 01.05.2026(1).pdf,3,21
Harbour,98312,1777550366723-UP HB REVISED PTT WEF 01.05.2026(1).pdf,2,14
Harbour,98313,1777550323377-DN HB REVISED PTT WEF 01.05.2026(1).pdf,4,14
Harbour,98314,1777550366723-UP HB REVISED PTT WEF 01.05.2026(1).pdf,2,21
Harbour,98315,1777550323377-DN HB REVISED PTT WEF 01.05.2026(1).pdf,4,21
Harbour,98316,1777550366723-UP HB REVISED PTT WEF 01.05.2026(1).pdf,3,21
Harbour,98317,1777550323377-DN HB REVISED PTT WEF 01.05.2026(1).pdf,4,21
Harbour,98318,1777550366723-UP HB REVISED PTT WEF 01.05.2026(1).pdf,3,21
Harbour,98319,1777550323377-DN HB REVISED PTT WEF 01.05.2026(1).pdf,5,14
Harbour,98320,1777550366723-UP HB REVISED PTT WEF 01.05.2026(1).pdf,4,21
Harbour,98321,1777550323377-DN HB REVISED PTT WEF 01.05.2026(1).pdf,5,21
Harbour,98322,1777550366723-UP HB REVISED PTT WEF 01.05.2026(1).pdf,4,21
Harbour,98323,1777550323377-DN HB REVISED PTT WEF 01.05.2026(1).pdf,6,21
Harbour,98324,1777550366723-UP HB REVISED PTT WEF 01.05.2026(1).pdf,5,21
Harbour,98325,1777550323377-DN HB REVISED PTT WEF 01.05.2026(1).pdf,6,21
Harbour,98326,1777550366723-UP HB REVISED PTT WEF 01.05.2026(1).pdf,5,21
Harbour,98327,1777550323377-DN HB REVISED PTT WEF 01.05.2026(1).pdf,6,14
Harbour,98328,1777550366723-UP HB REVISED PTT WEF 01.05.2026(1).pdf,6,21
Harbour,98329,1777550323377-DN HB REVISED PTT WEF 01.05.2026(1).pdf,7,21
Harbour,98330,1777550366723-UP HB REVISED PTT WEF 01.05.2026(1).pdf,6,21
Harbour,98331,1777550323377-DN HB REVISED PTT WEF 01.05.2026(1).pdf,7,14
Harbour,98332,1777550366723-UP HB REVISED PTT WEF 01.05.2026(1).pdf,6,21
Harbour,98333,1777550323377-DN HB REVISED PTT WEF 01.05.2026(1).pdf,7,21
Harbour,98334,1777550366723-UP HB REVISED PTT WEF 01.05.2026(1).pdf,7,21
Harbour,98335,1777550323377-DN HB REVISED PTT WEF 01.05.2026(1).pdf,8,21
Harbour,98336,1777550366723-UP HB REVISED PTT WEF 01.05.2026(1).pdf,7,21
Harbour,98337,1777550323377-DN HB REVISED PTT WEF 01.05.2026(1).pdf,8,21
Harbour,98338,1777550366723-UP HB REVISED PTT WEF 01.05.2026(1).pdf,8,21
Harbour,98339,1777550323377-DN HB REVISED PTT WEF 01.05.2026(1).pdf,8,21
Harbour,98340,1777550366723-UP HB REVISED PTT WEF 01.05.2026(1).pdf,8,21
Harbour,98341,1777550323377-DN HB REVISED PTT WEF 01.05.2026(1).pdf,9,14
Harbour,98342,1777550366723-UP HB REVISED PTT WEF 01.05.2026(1).pdf,8,21
Harbour,98343,1777550323377-DN HB REVISED PTT WEF 01.05.2026(1).pdf,10,21
Harbour,98344,1777550366723-UP HB REVISED PTT WEF 01.05.2026(1).pdf,8,21
Harbour,98345,1777550323377-DN HB REVISED PTT WEF 01.05.2026(1).pdf,10,21
Harbour,98346,1777550366723-UP HB REVISED PTT WEF 01.05.2026(1).pdf,9,21
Harbour,98347,1777550323377-DN HB REVISED PTT WEF 01.05.2026(1).pdf,11,21
Harbour,98348,1777550366723-UP HB REVISED PTT WEF 01.05.2026(1).pdf,9,21
Harbour,98349,1777550323377-DN HB REVISED PTT WEF 01.05.2026(1).pdf,11,21
Harbour,98350,1777550366723-UP HB REVISED PTT WEF 01.05.2026(1).pdf,9,21
Harbour,98351,1777550323377-DN HB REVISED PTT WEF 01.05.2026(1).pdf,12,21
Harbour,98352,1777550366723-UP HB REVISED PTT WEF 01.05.2026(1).pdf,10,14
Harbour,98353,1777550323377-DN HB REVISED PTT WEF 01.05.2026(1).pdf,12,21
Harbour,98354,1777550366723-UP HB REVISED PTT WEF 01.05.2026(1).pdf,10,21
Harbour,98355,1777550323377-DN HB REVISED PTT WEF 01.05.2026(1).pdf,13,21
Harbour,98356,1777550366723-UP HB REVISED PTT WEF 01.05.2026(1).pdf,11,21
Harbour,98357,1777550323377-DN HB REVISED PTT WEF 01.05.2026(1).pdf,13,14
Harbour,98358,1777550366723-UP HB REVISED PTT WEF 01.05.2026(1).pdf,12,21
Harbour,98359,1777550323377-DN HB REVISED PTT WEF 01.05.2026(1).pdf,14,21
Harbour,98360,1777550366723-UP HB REVISED PTT WEF 01.05.2026(1).pdf,12,21
Harbour,98361,1777550323377-DN HB REVISED PTT WEF 01.05.2026(1).pdf,14,21
Harbour,98362,1777550366723-UP HB REVISED PTT WEF 01.05.2026(1).pdf,13,21
Harbour,98363,1777550323377-DN HB REVISED PTT WEF 01.05.2026(1).pdf,14,21
Harbour,98364,1777550366723-UP HB REVISED PTT WEF 01.05.2026(1).pdf,13,21
Harbour,98365,1777550323377-DN HB REVISED PTT WEF 01.05.2026(1).pdf,15,21
Harbour,98366,1777550366723-UP HB REVISED PTT WEF 01.05.2026(1).pdf,14,21
Harbour,98367,1777550323377-DN HB REVISED PTT WEF 01.05.2026(1).pdf,15,21
Harbour,98368,1777550366723-UP HB REVISED PTT WEF 01.05.2026(1).pdf,14,21
Harbour,98369,1777550323377-DN HB REVISED PTT WEF 01.05.2026(1).pdf,16,21
Harbour,98370,1777550366723-UP HB REVISED PTT WEF 01.05.2026(1).pdf,14,21
Harbour,98371,1777550323377-DN HB REVISED PTT WEF 01.05.2026(1).pdf,17,21
Harbour,98372,1777550366723-UP HB REVISED PTT WEF 01.05.2026(1).pdf,15,21
Harbour,98373,1777550323377-DN HB REVISED PTT WEF 01.05.2026(1).pdf,17,21
Harbour,98374,1777550366723-UP HB REVISED PTT WEF 01.05.2026(1).pdf,16,14
Harbour,98376,1777550366723-UP HB REVISED PTT WEF 01.05.2026(1).pdf,16,14
Harbour,98378,1777550366723-UP HB REVISED PTT WEF 01.05.2026(1).pdf,17,14
Harbour,98380,1777550366723-UP HB REVISED PTT WEF 01.05.2026(1).pdf,17,21
Harbour,98382,1777550366723-UP HB REVISED PTT WEF 01.05.2026(1).pdf,17,21
Harbour,98384,1777550366723-UP HB REVISED PTT WEF 01.05.2026(1).pdf,17,21
Harbour,98501,1777550323377-DN HB REVISED PTT WEF 01.05.2026(1).pdf,3,16
Harbour,98502,1777550366723-UP HB REVISED PTT WEF 01.05.2026(1).pdf,1,16
Harbour,98503,1777550323377-DN HB REVISED PTT WEF 01.05.2026(1).pdf,3,9
Harbour,98504,1777550366723-UP HB REVISED PTT WEF 01.05.2026(1).pdf,1,16
Harbour,98505,1777550323377-DN HB REVISED PTT WEF 01.05.2026(1).pdf,4,16
Harbour,98506,1777550366723-UP HB REVISED PTT WEF 01.05.2026(1).pdf,1,9
Harbour,98507,1777550323377-DN HB REVISED PTT WEF 01.05.2026(1).pdf,4,16
Harbour,98508,1777550366723-UP HB REVISED PTT WEF 01.05.2026(1).pdf,1,16
Harbour,98509,1777550323377-DN HB REVISED PTT WEF 01.05.2026(1).pdf,5,16
Harbour,98510,1777550366723-UP HB REVISED PTT WEF 01.05.2026(1).pdf,1,16
Harbour,98511,1777550323377-DN HB REVISED PTT WEF 01.05.2026(1).pdf,5,16
Harbour,98512,1777550366723-UP HB REVISED PTT WEF 01.05.2026(1).pdf,1,9
Harbour,98513,1777550323377-DN HB REVISED PTT WEF 01.05.2026(1).pdf,5,16
Harbour,98514,1777550366723-UP HB REVISED PTT WEF 01.05.2026(1).pdf,2,16
Harbour,98515,1777550323377-DN HB REVISED PTT WEF 01.05.2026(1).pdf,5,16
Harbour,98516,1777550366723-UP HB REVISED PTT WEF 01.05.2026(1).pdf,2,16
Harbour,98517,1777550323377-DN HB REVISED PTT WEF 01.05.2026(1).pdf,6,16
Harbour,98518,1777550366723-UP HB REVISED PTT WEF 01.05.2026(1).pdf,2,16
Harbour,98519,1777550323377-DN HB REVISED PTT WEF 01.05.2026(1).pdf,6,16
Harbour,98520,1777550366723-UP HB REVISED PTT WEF 01.05.2026(1).pdf,3,16
Harbour,98521,1777550323377-DN HB REVISED PTT WEF 01.05.2026(1).pdf,6,16
Harbour,98522,1777550366723-UP HB REVISED PTT WEF 01.05.2026(1).pdf,3,9
Harbour,98523,1777550323377-DN HB REVISED PTT WEF 01.05.2026(1).pdf,7,16
Harbour,98524,1777550366723-UP HB REVISED PTT WEF 01.05.2026(1).pdf,3,16
Harbour,98525,1777550323377-DN HB REVISED PTT WEF 01.05.2026(1).pdf,7,16
Harbour,98526,1777550366723-UP HB REVISED PTT WEF 01.05.2026(1).pdf,4,16
Harbour,98527,1777550323377-DN HB REVISED PTT WEF 01.05.2026(1).pdf,8,16
Harbour,98528,1777550366723-UP HB REVISED PTT WEF 01.05.2026(1).pdf,4,16
Harbour,98529,1777550323377-DN HB REVISED PTT WEF 01.05.2026(1).pdf,9,16
Harbour,98530,1777550366723-UP HB REVISED PTT WEF 01.05.2026(1).pdf,5,16
Harbour,98531,1777550323377-DN HB REVISED PTT WEF 01.05.2026(1).pdf,10,9
Harbour,98532,1777550366723-UP HB REVISED PTT WEF 01.05.2026(1).pdf,5,16
Harbour,98533,1777550323377-DN HB REVISED PTT WEF 01.05.2026(1).pdf,11,16
Harbour,98534,1777550366723-UP HB REVISED PTT WEF 01.05.2026(1).pdf,6,16
Harbour,98535,1777550323377-DN HB REVISED PTT WEF 01.05.2026(1).pdf,11,16
Harbour,98536,1777550366723-UP HB REVISED PTT WEF 01.05.2026(1).pdf,6,16
Harbour,98537,1777550323377-DN HB REVISED PTT WEF 01.05.2026(1).pdf,11,16
Harbour,98538,1777550366723-UP HB REVISED PTT WEF 01.05.2026(1).pdf,7,16
Harbour,98539,1777550323377-DN HB REVISED PTT WEF 01.05.2026(1).pdf,12,16
Harbour,98540,1777550366723-UP HB REVISED PTT WEF 01.05.2026(1).pdf,7,16
Harbour,98541,1777550323377-DN HB REVISED PTT WEF 01.05.2026(1).pdf,12,16
Harbour,98542,1777550366723-UP HB REVISED PTT WEF 01.05.2026(1).pdf,10,16
Harbour,98543,1777550323377-DN HB REVISED PTT WEF 01.05.2026(1).pdf,12,16
Harbour,98544,1777550366723-UP HB REVISED PTT WEF 01.05.2026(1).pdf,11,16
Harbour,98545,1777550323377-DN HB REVISED PTT WEF 01.05.2026(1).pdf,13,16
Harbour,98546,1777550366723-UP HB REVISED PTT WEF 01.05.2026(1).pdf,11,16
Harbour,98547,1777550323377-DN HB REVISED PTT WEF 01.05.2026(1).pdf,13,16
Harbour,98548,1777550366723-UP HB REVISED PTT WEF 01.05.2026(1).pdf,12,9
Harbour,98549,1777550323377-DN HB REVISED PTT WEF 01.05.2026(1).pdf,14,16
Harbour,98550,1777550366723-UP HB REVISED PTT WEF 01.05.2026(1).pdf,12,16
Harbour,98551,1777550323377-DN HB REVISED PTT WEF 01.05.2026(1).pdf,14,16
Harbour,98552,1777550366723-UP HB REVISED PTT WEF 01.05.2026(1).pdf,12,9
Harbour,98553,1777550323377-DN HB REVISED PTT WEF 01.05.2026(1).pdf,15,16
Harbour,98554,1777550366723-UP HB REVISED PTT WEF 01.05.2026(1).pdf,12,9
Harbour,98555,1777550323377-DN HB REVISED PTT WEF 01.05.2026(1).pdf,15,16
Harbour,98556,1777550366723-UP HB REVISED PTT WEF 01.05.2026(1).pdf,12,16
Harbour,98557,1777550323377-DN HB REVISED PTT WEF 01.05.2026(1).pdf,16,16
Harbour,98558,1777550366723-UP HB REVISED PTT WEF 01.05.2026(1).pdf,13,9
Harbour,98559,1777550323377-DN HB REVISED PTT WEF 01.05.2026(1).pdf,16,16
Harbour,98560,1777550366723-UP HB REVISED PTT WEF 01.05.2026(1).pdf,13,16
Harbour,98561,1777550323377-DN HB REVISED PTT WEF 01.05.2026(1).pdf,16,16
Harbour,98562,1777550366723-UP HB REVISED PTT WEF 01.05.2026(1).pdf,13,16
Harbour,98563,1777550323377-DN HB REVISED PTT WEF 01.05.2026(1).pdf,17,16
Harbour,98564,1777550366723-UP HB REVISED PTT WEF 01.05.2026(1).pdf,14,16
Harbour,98565,1777550323377-DN HB REVISED PTT WEF 01.05.2026(1).pdf,17,16
Harbour,98566,1777550366723-UP HB REVISED PTT WEF 01.05.2026(1).pdf,14,16
Harbour,98567,1777550323377-DN HB REVISED PTT WEF 01.05.2026(1).pdf,17,16
Harbour,98568,1777550366723-UP HB REVISED PTT WEF 01.05.2026(1).pdf,14,16
Harbour,98569,1777550323377-DN HB REVISED PTT WEF 01.05.2026(1).pdf,18,16
Harbour,98570,1777550366723-UP HB REVISED PTT WEF 01.05.2026(1).pdf,15,16
Harbour,98571,1777550323377-DN HB REVISED PTT WEF 01.05.2026(1).pdf,18,16
Harbour,98572,1777550366723-UP HB REVISED PTT WEF 01.05.2026(1).pdf,15,16
Harbour,98573,1777550323377-DN HB REVISED PTT WEF 01.05.2026(1).pdf,1,16
Harbour,98574,1777550366723-UP HB REVISED PTT WEF 01.05.2026(1).pdf,16,16
Harbour,98575,1777550323377-DN HB REVISED PTT WEF 01.05.2026(1).pdf,18,16
Harbour,98576,1777550366723-UP HB REVISED PTT WEF 01.05.2026(1).pdf,16,16
Harbour,98578,1777550366723-UP HB REVISED PTT WEF 01.05.2026(1).pdf,17,16
Harbour,98602,1777550366723-UP HB REVISED PTT WEF 01.05.2026(1).pdf,4,15
Harbour,98604,1777550366723-UP HB REVISED PTT WEF 01.05.2026(1).pdf,5,15
Harbour,98605,1777550323377-DN HB REVISED PTT WEF 01.05.2026(1).pdf,4,13
Harbour,98606,1777550366723-UP HB REVISED PTT WEF 01.05.2026(1).pdf,5,13
Harbour,98701,1680671789509-HARBOUR SERVICES W.E.F   01.10.2022.pdf,1,18
Harbour,98701,1777550323377-DN HB REVISED PTT WEF 01.05.2026(1).pdf,1,18
Harbour,98702,1680671789509-HARBOUR SERVICES W.E.F   01.10.2022.pdf,8,18
Harbour,98702,1777550366723-UP HB REVISED PTT WEF 01.05.2026(1).pdf,1,18
Harbour,98703,1680671789509-HARBOUR SERVICES W.E.F   01.10.2022.pdf,1,18
Harbour,98703,1777550323377-DN HB REVISED PTT WEF 01.05.2026(1).pdf,1,18
Harbour,98704,1680671789509-HARBOUR SERVICES W.E.F   01.10.2022.pdf,8,18
Harbour,98704,1777550366723-UP HB REVISED PTT WEF 01.05.2026(1).pdf,1,18
Harbour,98705,1680671789509-HARBOUR SERVICES W.E.F   01.10.2022.pdf,1,18
Harbour,98705,1777550323377-DN HB REVISED PTT WEF 01.05.2026(1).pdf,1,18
Harbour,98706,1680671789509-HARBOUR SERVICES W.E.F   01.10.2022.pdf,8,18
Harbour,98706,1777550366723-UP HB REVISED PTT WEF 01.05.2026(1).pdf,2,18
Harbour,98707,1680671789509-HARBOUR SERVICES W.E.F   01.10.2022.pdf,1,18
Harbour,98707,1777550323377-DN HB REVISED PTT WEF 01.05.2026(1).pdf,1,18
Harbour,98708,1680671789509-HARBOUR SERVICES W.E.F   01.10.2022.pdf,8,18
Harbour,98708,1777550366723-UP HB REVISED PTT WEF 01.05.2026(1).pdf,2,18
Harbour,98709,1680671789509-HARBOUR SERVICES W.E.F   01.10.2022.pdf,1,18
Harbour,98709,1777550323377-DN HB REVISED PTT WEF 01.05.2026(1).pdf,2,18
Harbour,98710,1680671789509-HARBOUR SERVICES W.E.F   01.10.2022.pdf,8,18
Harbour,98710,1777550366723-UP HB REVISED PTT WEF 01.05.2026(1).pdf,2,18
Harbour,98711,1680671789509-HARBOUR SERVICES W.E.F   01.10.2022.pdf,1,18
Harbour,98711,1777550323377-DN HB REVISED PTT WEF 01.05.2026(1).pdf,2,18
Harbour,98712,1680671789509-HARBOUR SERVICES W.E.F   01.10.2022.pdf,8,18
Harbour,98712,1777550366723-UP HB REVISED PTT WEF 01.05.2026(1).pdf,2,18
Harbour,98713,1680671789509-HARBOUR SERVICES W.E.F   01.10.2022.pdf,1,18
Harbour,98713,1777550323377-DN HB REVISED PTT WEF 01.05.2026(1).pdf,2,18
Harbour,98714,1680671789509-HARBOUR SERVICES W.E.F   01.10.2022.pdf,8,18
Harbour,98714,1777550366723-UP HB REVISED PTT WEF 01.05.2026(1).pdf,3,18
Harbour,98715,1680671789509-HARBOUR SERVICES W.E.F   01.10.2022.pdf,1,18
Harbour,98715,1777550323377-DN HB REVISED PTT WEF 01.05.2026(1).pdf,3,18
Harbour,98716,1680671789509-HARBOUR SERVICES W.E.F   01.10.2022.pdf,8,18
Harbour,98716,1777550366723-UP HB REVISED PTT WEF 01.05.2026(1).pdf,3,18
Harbour,98717,1680671789509-HARBOUR SERVICES W.E.F   01.10.2022.pdf,1,18
Harbour,98717,1777550323377-DN HB REVISED PTT WEF 01.05.2026(1).pdf,3,18
Harbour,98718,1680671789509-HARBOUR SERVICES W.E.F   01.10.2022.pdf,8,18
Harbour,98718,1777550366723-UP HB REVISED PTT WEF 01.05.2026(1).pdf,3,18
Harbour,98719,1680671789509-HARBOUR SERVICES W.E.F   01.10.2022.pdf,2,18
Harbour,98719,1777550323377-DN HB REVISED PTT WEF 01.05.2026(1).pdf,4,18
Harbour,98720,1680671789509-HARBOUR SERVICES W.E.F   01.10.2022.pdf,9,18
Harbour,98720,1777550366723-UP HB REVISED PTT WEF 01.05.2026(1).pdf,4,18
Harbour,98721,1680671789509-HARBOUR SERVICES W.E.F   01.10.2022.pdf,2,18
Harbour,98721,1777550323377-DN HB REVISED PTT WEF 01.05.2026(1).pdf,4,18
Harbour,98722,1680671789509-HARBOUR SERVICES W.E.F   01.10.2022.pdf,9,18
Harbour,98722,1777550366723-UP HB REVISED PTT WEF 01.05.2026(1).pdf,5,18
Harbour,98723,1680671789509-HARBOUR SERVICES W.E.F   01.10.2022.pdf,2,18
Harbour,98723,1777550323377-DN HB REVISED PTT WEF 01.05.2026(1).pdf,5,18
Harbour,98724,1680671789509-HARBOUR SERVICES W.E.F   01.10.2022.pdf,9,18
Harbour,98724,1777550366723-UP HB REVISED PTT WEF 01.05.2026(1).pdf,5,18
Harbour,98725,1680671789509-HARBOUR SERVICES W.E.F   01.10.2022.pdf,2,18
Harbour,98725,1777550323377-DN HB REVISED PTT WEF 01.05.2026(1).pdf,5,18
Harbour,98726,1680671789509-HARBOUR SERVICES W.E.F   01.10.2022.pdf,9,18
Harbour,98726,1777550366723-UP HB REVISED PTT WEF 01.05.2026(1).pdf,6,18
Harbour,98727,1680671789509-HARBOUR SERVICES W.E.F   01.10.2022.pdf,2,18
Harbour,98727,1777550323377-DN HB REVISED PTT WEF 01.05.2026(1).pdf,5,18
Harbour,98728,1680671789509-HARBOUR SERVICES W.E.F   01.10.2022.pdf,9,18
Harbour,98728,1777550366723-UP HB REVISED PTT WEF 01.05.2026(1).pdf,6,18
Harbour,98729,1680671789509-HARBOUR SERVICES W.E.F   01.10.2022.pdf,3,18
Harbour,98729,1777550323377-DN HB REVISED PTT WEF 01.05.2026(1).pdf,6,18
Harbour,98730,1680671789509-HARBOUR SERVICES W.E.F   01.10.2022.pdf,10,18
Harbour,98730,1777550366723-UP HB REVISED PTT WEF 01.05.2026(1).pdf,7,18
Harbour,98731,1680671789509-HARBOUR SERVICES W.E.F   01.10.2022.pdf,3,18
Harbour,98731,1777550323377-DN HB REVISED PTT WEF 01.05.2026(1).pdf,6,18
Harbour,98732,1680671789509-HARBOUR SERVICES W.E.F   01.10.2022.pdf,10,18
Harbour,98732,1777550366723-UP HB REVISED PTT WEF 01.05.2026(1).pdf,7,18
Harbour,98733,1680671789509-HARBOUR SERVICES W.E.F   01.10.2022.pdf,3,18
Harbour,98733,1777550323377-DN HB REVISED PTT WEF 01.05.2026(1).pdf,7,18
Harbour,98734,1680671789509-HARBOUR SERVICES W.E.F   01.10.2022.pdf,10,18
Harbour,98734,1777550366723-UP HB REVISED PTT WEF 01.05.2026(1).pdf,8,18
Harbour,98735,1680671789509-HARBOUR SERVICES W.E.F   01.10.2022.pdf,3,18
Harbour,98735,1777550323377-DN HB REVISED PTT WEF 01.05.2026(1).pdf,7,18
Harbour,98736,1680671789509-HARBOUR SERVICES W.E.F   01.10.2022.pdf,10,18
Harbour,98736,1777550366723-UP HB REVISED PTT WEF 01.05.2026(1).pdf,8,18
Harbour,98737,1680671789509-HARBOUR SERVICES W.E.F   01.10.2022.pdf,3,18
Harbour,98737,1777550323377-DN HB REVISED PTT WEF 01.05.2026(1).pdf,8,18
Harbour,98738,1680671789509-HARBOUR SERVICES W.E.F   01.10.2022.pdf,10,18
Harbour,98738,1777550366723-UP HB REVISED PTT WEF 01.05.2026(1).pdf,8,18
Harbour,98739,1680671789509-HARBOUR SERVICES W.E.F   01.10.2022.pdf,3,18
Harbour,98739,1777550323377-DN HB REVISED PTT WEF 01.05.2026(1).pdf,8,18
Harbour,98740,1680671789509-HARBOUR SERVICES W.E.F   01.10.2022.pdf,10,18
Harbour,98740,1777550366723-UP HB REVISED PTT WEF 01.05.2026(1).pdf,9,18
Harbour,98741,1680671789509-HARBOUR SERVICES W.E.F   01.10.2022.pdf,3,18
Harbour,98741,1777550323377-DN HB REVISED PTT WEF 01.05.2026(1).pdf,9,18
Harbour,98742,1680671789509-HARBOUR SERVICES W.E.F   01.10.2022.pdf,11,18
Harbour,98742,1777550366723-UP HB REVISED PTT WEF 01.05.2026(1).pdf,9,18
Harbour,98743,1680671789509-HARBOUR SERVICES W.E.F   01.10.2022.pdf,4,18
Harbour,98743,1777550323377-DN HB REVISED PTT WEF 01.05.2026(1).pdf,9,18
Harbour,98744,1680671789509-HARBOUR SERVICES W.E.F   01.10.2022.pdf,11,18
Harbour,98744,1777550366723-UP HB REVISED PTT WEF 01.05.2026(1).pdf,9,18
Harbour,98745,1680671789509-HARBOUR SERVICES W.E.F   01.10.2022.pdf,4,18
Harbour,98745,1777550323377-DN HB REVISED PTT WEF 01.05.2026(1).pdf,9,18
Harbour,98746,1680671789509-HARBOUR SERVICES W.E.F   01.10.2022.pdf,11,18
Harbour,98746,1777550366723-UP HB REVISED PTT WEF 01.05.2026(1).pdf,10,18
Harbour,98747,1680671789509-HARBOUR SERVICES W.E.F   01.10.2022.pdf,4,18
Harbour,98747,1777550323377-DN HB REVISED PTT WEF 01.05.2026(1).pdf,10,18
Harbour,98748,1680671789509-HARBOUR SERVICES W.E.F   01.10.2022.pdf,11,18
Harbour,98748,1777550366723-UP HB REVISED PTT WEF 01.05.2026(1).pdf,10,18
Harbour,98749,1680671789509-HARBOUR SERVICES W.E.F   01.10.2022.pdf,4,18
Harbour,98749,1777550323377-DN HB REVISED PTT WEF 01.05.2026(1).pdf,10,18
Harbour,98750,1680671789509-HARBOUR SERVICES W.E.F   01.10.2022.pdf,11,18
Harbour,98750,1777550366723-UP HB REVISED PTT WEF 01.05.2026(1).pdf,11,18
Harbour,98751,1680671789509-HARBOUR SERVICES W.E.F   01.10.2022.pdf,4,18
Harbour,98751,1777550323377-DN HB REVISED PTT WEF 01.05.2026(1).pdf,10,18
Harbour,98752,1680671789509-HARBOUR SERVICES W.E.F   01.10.2022.pdf,11,18
Harbour,98752,1777550366723-UP HB REVISED PTT WEF 01.05.2026(1).pdf,11,18
Harbour,98753,1680671789509-HARBOUR SERVICES W.E.F   01.10.2022.pdf,4,18
Harbour,98753,1777550323377-DN HB REVISED PTT WEF 01.05.2026(1).pdf,11,18
Harbour,98754,1680671789509-HARBOUR SERVICES W.E.F   01.10.2022.pdf,12,18
Harbour,98754,1777550366723-UP HB REVISED PTT WEF 01.05.2026(1).pdf,12,18
Harbour,98755,1680671789509-HARBOUR SERVICES W.E.F   01.10.2022.pdf,4,18
Harbour,98755,1777550323377-DN HB REVISED PTT WEF 01.05.2026(1).pdf,11,18
Harbour,98756,1680671789509-HARBOUR SERVICES W.E.F   01.10.2022.pdf,12,18
Harbour,98756,1777550366723-UP HB REVISED PTT WEF 01.05.2026(1).pdf,12,18
Harbour,98757,1680671789509-HARBOUR SERVICES W.E.F   01.10.2022.pdf,4,18
Harbour,98757,1777550323377-DN HB REVISED PTT WEF 01.05.2026(1).pdf,12,18
Harbour,98758,1680671789509-HARBOUR SERVICES W.E.F   01.10.2022.pdf,12,18
Harbour,98758,1777550366723-UP HB REVISED PTT WEF 01.05.2026(1).pdf,13,18
Harbour,98759,1680671789509-HARBOUR SERVICES W.E.F   01.10.2022.pdf,5,18
Harbour,98759,1777550323377-DN HB REVISED PTT WEF 01.05.2026(1).pdf,12,18
Harbour,98760,1680671789509-HARBOUR SERVICES W.E.F   01.10.2022.pdf,12,18
Harbour,98760,1777550366723-UP HB REVISED PTT WEF 01.05.2026(1).pdf,13,18
Harbour,98761,1680671789509-HARBOUR SERVICES W.E.F   01.10.2022.pdf,5,18
Harbour,98761,1777550323377-DN HB REVISED PTT WEF 01.05.2026(1).pdf,13,18
Harbour,98762,1680671789509-HARBOUR SERVICES W.E.F   01.10.2022.pdf,12,18
Harbour,98762,1777550366723-UP HB REVISED PTT WEF 01.05.2026(1).pdf,14,18
Harbour,98763,1680671789509-HARBOUR SERVICES W.E.F   01.10.2022.pdf,5,18
Harbour,98763,1777550323377-DN HB REVISED PTT WEF 01.05.2026(1).pdf,13,18
Harbour,98764,1680671789509-HARBOUR SERVICES W.E.F   01.10.2022.pdf,12,18
Harbour,98764,1777550366723-UP HB REVISED PTT WEF 01.05.2026(1).pdf,14,18
Harbour,98765,1680671789509-HARBOUR SERVICES W.E.F   01.10.2022.pdf,5,18
Harbour,98765,1777550323377-DN HB REVISED PTT WEF 01.05.2026(1).pdf,14,18
Harbour,98766,1680671789509-HARBOUR SERVICES W.E.F   01.10.2022.pdf,13,18
Harbour,98766,1777550366723-UP HB REVISED PTT WEF 01.05.2026(1).pdf,15,18
Harbour,98767,1680671789509-HARBOUR SERVICES W.E.F   01.10.2022.pdf,5,18
Harbour,98767,1777550323377-DN HB REVISED PTT WEF 01.05.2026(1).pdf,14,18
Harbour,98768,1680671789509-HARBOUR SERVICES W.E.F   01.10.2022.pdf,13,18
Harbour,98768,1777550366723-UP HB REVISED PTT WEF 01.05.2026(1).pdf,15,18
Harbour,98769,1680671789509-HARBOUR SERVICES W.E.F   01.10.2022.pdf,5,18
Harbour,98769,1777550323377-DN HB REVISED PTT WEF 01.05.2026(1).pdf,15,18
Harbour,98770,1680671789509-HARBOUR SERVICES W.E.F   01.10.2022.pdf,13,18
Harbour,98770,1777550366723-UP HB REVISED PTT WEF 01.05.2026(1).pdf,15,18
Harbour,98771,1680671789509-HARBOUR SERVICES W.E.F   01.10.2022.pdf,6,18
Harbour,98771,1777550323377-DN HB REVISED PTT WEF 01.05.2026(1).pdf,15,18
Harbour,98772,1680671789509-HARBOUR SERVICES W.E.F   01.10.2022.pdf,13,18
Harbour,98772,1777550366723-UP HB REVISED PTT WEF 01.05.2026(1).pdf,16,18
Harbour,98773,1680671789509-HARBOUR SERVICES W.E.F   01.10.2022.pdf,6,18
Harbour,98773,1777550323377-DN HB REVISED PTT WEF 01.05.2026(1).pdf,16,18
Harbour,98774,1680671789509-HARBOUR SERVICES W.E.F   01.10.2022.pdf,13,18
Harbour,98774,1777550366723-UP HB REVISED PTT WEF 01.05.2026(1).pdf,17,18
Harbour,98775,1680671789509-HARBOUR SERVICES W.E.F   01.10.2022.pdf,6,18
Harbour,98775,1777550323377-DN HB REVISED PTT WEF 01.05.2026(1).pdf,16,18
Harbour,98776,1680671789509-HARBOUR SERVICES W.E.F   01.10.2022.pdf,14,18
Harbour,98776,1777550366723-UP HB REVISED PTT WEF 01.05.2026(1).pdf,17,18
Harbour,98777,1680671789509-HARBOUR SERVICES W.E.F   01.10.2022.pdf,6,18
Harbour,98777,1777550323377-DN HB REVISED PTT WEF 01.05.2026(1).pdf,17,18
Harbour,98778,1680671789509-HARBOUR SERVICES W.E.F   01.10.2022.pdf,14,18
Harbour,98778,1777550366723-UP HB REVISED PTT WEF 01.05.2026(1).pdf,17,18
Harbour,98779,1680671789509-HARBOUR SERVICES W.E.F   01.10.2022.pdf,6,18
Harbour,98779,1777550323377-DN HB REVISED PTT WEF 01.05.2026(1).pdf,17,18
Harbour,98780,1680671789509-HARBOUR SERVICES W.E.F   01.10.2022.pdf,14,18
Harbour,98780,1777550366723-UP HB REVISED PTT WEF 01.05.2026(1).pdf,18,18
Harbour,98781,1680671789509-HARBOUR SERVICES W.E.F   01.10.2022.pdf,6,18
Harbour,98781,1777550323377-DN HB REVISED PTT WEF 01.05.2026(1).pdf,17,18
Harbour,98782,1680671789509-HARBOUR SERVICES W.E.F   01.10.2022.pdf,14,18
Harbour,98782,1777550366723-UP HB REVISED PTT WEF 01.05.2026(1).pdf,18,18
Harbour,98783,1680671789509-HARBOUR SERVICES W.E.F   01.10.2022.pdf,7,18
Harbour,98783,1777550323377-DN HB REVISED PTT WEF 01.05.2026(1).pdf,18,18
Harbour,98784,1680671789509-HARBOUR SERVICES W.E.F   01.10.2022.pdf,14,18
Harbour,98784,1777550366723-UP HB REVISED PTT WEF 01.05.2026(1).pdf,18,18
Harbour,98785,1680671789509-HARBOUR SERVICES W.E.F   01.10.2022.pdf,7,18
Harbour,98785,1777550323377-DN HB REVISED PTT WEF 01.05.2026(1).pdf,18,17
Harbour,98786,1680671789509-HARBOUR SERVICES W.E.F   01.10.2022.pdf,14,18
Harbour,98786,1777550366723-UP HB REVISED PTT WEF 01.05.2026(1).pdf,19,18
Harbour,98787,1680671789509-HARBOUR SERVICES W.E.F   01.10.2022.pdf,7,18
Harbour,98787,1777550323377-DN HB REVISED PTT WEF 01.05.2026(1).pdf,18,18
Harbour,98788,1680671789509-HARBOUR SERVICES W.E.F   01.10.2022.pdf,14,18
Harbour,98788,1777550366723-UP HB REVISED PTT WEF 01.05.2026(1).pdf,19,18
Harbour,98801,1680671789509-HARBOUR SERVICES W.E.F   01.10.2022.pdf,1,11
Harbour,98801,1777550323377-DN HB REVISED PTT WEF 01.05.2026(1).pdf,1,11
Harbour,98802,1680671789509-HARBOUR SERVICES W.E.F   01.10.2022.pdf,8,11
Harbour,98802,1777550366723-UP HB REVISED PTT WEF 01.05.2026(1).pdf,1,11
Harbour,98803,1680671789509-HARBOUR SERVICES W.E.F   01.10.2022.pdf,1,11
Harbour,98803,1777550323377-DN HB REVISED PTT WEF 01.05.2026(1).pdf,1,11
Harbour,98804,1680671789509-HARBOUR SERVICES W.E.F   01.10.2022.pdf,8,11
Harbour,98804,1777550366723-UP HB REVISED PTT WEF 01.05.2026(1).pdf,1,11
Harbour,98805,1680671789509-HARBOUR SERVICES W.E.F   01.10.2022.pdf,1,11
Harbour,98805,1777550323377-DN HB REVISED PTT WEF 01.05.2026(1).pdf,1,11
Harbour,98806,1680671789509-HARBOUR SERVICES W.E.F   01.10.2022.pdf,8,11
Harbour,98806,1777550366723-UP HB REVISED PTT WEF 01.05.2026(1).pdf,1,11
Harbour,98807,1680671789509-HARBOUR SERVICES W.E.F   01.10.2022.pdf,1,11
Harbour,98807,1777550323377-DN HB REVISED PTT WEF 01.05.2026(1).pdf,2,11
Harbour,98808,1680671789509-HARBOUR SERVICES W.E.F   01.10.2022.pdf,8,11
Harbour,98808,1777550366723-UP HB REVISED PTT WEF 01.05.2026(1).pdf,2,11
Harbour,98809,1680671789509-HARBOUR SERVICES W.E.F   01.10.2022.pdf,1,11
Harbour,98809,1777550323377-DN HB REVISED PTT WEF 01.05.2026(1).pdf,2,11
Harbour,98810,1680671789509-HARBOUR SERVICES W.E.F   01.10.2022.pdf,8,11
Harbour,98810,1777550366723-UP HB REVISED PTT WEF 01.05.2026(1).pdf,3,11
Harbour,98811,1680671789509-HARBOUR SERVICES W.E.F   01.10.2022.pdf,1,11
Harbour,98811,1777550323377-DN HB REVISED PTT WEF 01.05.2026(1).pdf,2,11
Harbour,98812,1680671789509-HARBOUR SERVICES W.E.F   01.10.2022.pdf,8,11
Harbour,98812,1777550366723-UP HB REVISED PTT WEF 01.05.2026(1).pdf,3,11
Harbour,98813,1680671789509-HARBOUR SERVICES W.E.F   01.10.2022.pdf,1,11
Harbour,98813,1777550323377-DN HB REVISED PTT WEF 01.05.2026(1).pdf,3,11
Harbour,98814,1680671789509-HARBOUR SERVICES W.E.F   01.10.2022.pdf,8,11
Harbour,98814,1777550366723-UP HB REVISED PTT WEF 01.05.2026(1).pdf,3,11
Harbour,98815,1680671789509-HARBOUR SERVICES W.E.F   01.10.2022.pdf,2,11
Harbour,98815,1777550323377-DN HB REVISED PTT WEF 01.05.2026(1).pdf,3,11
Harbour,98816,1680671789509-HARBOUR SERVICES W.E.F   01.10.2022.pdf,9,11
Harbour,98816,1777550366723-UP HB REVISED PTT WEF 01.05.2026(1).pdf,4,11
Harbour,98817,1680671789509-HARBOUR SERVICES W.E.F   01.10.2022.pdf,2,11
Harbour,98817,1777550323377-DN HB REVISED PTT WEF 01.05.2026(1).pdf,4,11
Harbour,98818,1680671789509-HARBOUR SERVICES W.E.F   01.10.2022.pdf,9,11
Harbour,98818,1777550366723-UP HB REVISED PTT WEF 01.05.2026(1).pdf,4,11
Harbour,98819,1680671789509-HARBOUR SERVICES W.E.F   01.10.2022.pdf,2,11
Harbour,98819,1777550323377-DN HB REVISED PTT WEF 01.05.2026(1).pdf,4,11
Harbour,98820,1680671789509-HARBOUR SERVICES W.E.F   01.10.2022.pdf,9,11
Harbour,98820,1777550366723-UP HB REVISED PTT WEF 01.05.2026(1).pdf,5,11
Harbour,98821,1680671789509-HARBOUR SERVICES W.E.F   01.10.2022.pdf,2,11
Harbour,98821,1777550323377-DN HB REVISED PTT WEF 01.05.2026(1).pdf,4,11
Harbour,98822,1680671789509-HARBOUR SERVICES W.E.F   01.10.2022.pdf,9,11
Harbour,98822,1777550366723-UP HB REVISED PTT WEF 01.05.2026(1).pdf,5,11
Harbour,98823,1680671789509-HARBOUR SERVICES W.E.F   01.10.2022.pdf,2,11
Harbour,98823,1777550323377-DN HB REVISED PTT WEF 01.05.2026(1).pdf,5,11
Harbour,98824,1680671789509-HARBOUR SERVICES W.E.F   01.10.2022.pdf,9,11
Harbour,98824,1777550366723-UP HB REVISED PTT WEF 01.05.2026(1).pdf,6,11
Harbour,98825,1680671789509-HARBOUR SERVICES W.E.F   01.10.2022.pdf,2,11
Harbour,98825,1777550323377-DN HB REVISED PTT WEF 01.05.2026(1).pdf,5,11
Harbour,98826,1680671789509-HARBOUR SERVICES W.E.F   01.10.2022.pdf,9,11
Harbour,98826,1777550366723-UP HB REVISED PTT WEF 01.05.2026(1).pdf,6,11
Harbour,98827,1680671789509-HARBOUR SERVICES W.E.F   01.10.2022.pdf,2,11
Harbour,98827,1777550323377-DN HB REVISED PTT WEF 01.05.2026(1).pdf,6,11
Harbour,98828,1680671789509-HARBOUR SERVICES W.E.F   01.10.2022.pdf,10,11
Harbour,98828,1777550366723-UP HB REVISED PTT WEF 01.05.2026(1).pdf,7,11
Harbour,98829,1680671789509-HARBOUR SERVICES W.E.F   01.10.2022.pdf,3,11
Harbour,98829,1777550323377-DN HB REVISED PTT WEF 01.05.2026(1).pdf,6,11
Harbour,98830,1680671789509-HARBOUR SERVICES W.E.F   01.10.2022.pdf,10,11
Harbour,98830,1777550366723-UP HB REVISED PTT WEF 01.05.2026(1).pdf,7,11
Harbour,98831,1680671789509-HARBOUR SERVICES W.E.F   01.10.2022.pdf,3,11
Harbour,98831,1777550323377-DN HB REVISED PTT WEF 01.05.2026(1).pdf,7,11
Harbour,98832,1680671789509-HARBOUR SERVICES W.E.F   01.10.2022.pdf,10,11
Harbour,98832,1777550366723-UP HB REVISED PTT WEF 01.05.2026(1).pdf,7,11
Harbour,98833,1680671789509-HARBOUR SERVICES W.E.F   01.10.2022.pdf,3,11
Harbour,98833,1777550323377-DN HB REVISED PTT WEF 01.05.2026(1).pdf,7,11
Harbour,98834,1680671789509-HARBOUR SERVICES W.E.F   01.10.2022.pdf,10,11
Harbour,98834,1777550366723-UP HB REVISED PTT WEF 01.05.2026(1).pdf,8,11
Harbour,98835,1680671789509-HARBOUR SERVICES W.E.F   01.10.2022.pdf,3,11
Harbour,98835,1777550323377-DN HB REVISED PTT WEF 01.05.2026(1).pdf,7,11
Harbour,98836,1680671789509-HARBOUR SERVICES W.E.F   01.10.2022.pdf,10,11
Harbour,98836,1777550366723-UP HB REVISED PTT WEF 01.05.2026(1).pdf,8,11
Harbour,98837,1680671789509-HARBOUR SERVICES W.E.F   01.10.2022.pdf,3,11
Harbour,98837,1777550323377-DN HB REVISED PTT WEF 01.05.2026(1).pdf,8,11
Harbour,98838,1680671789509-HARBOUR SERVICES W.E.F   01.10.2022.pdf,10,11
Harbour,98838,1777550366723-UP HB REVISED PTT WEF 01.05.2026(1).pdf,9,11
Harbour,98839,1680671789509-HARBOUR SERVICES W.E.F   01.10.2022.pdf,3,11
Harbour,98839,1777550323377-DN HB REVISED PTT WEF 01.05.2026(1).pdf,8,11
Harbour,98840,1680671789509-HARBOUR SERVICES W.E.F   01.10.2022.pdf,10,11
Harbour,98840,1777550366723-UP HB REVISED PTT WEF 01.05.2026(1).pdf,9,11
Harbour,98841,1680671789509-HARBOUR SERVICES W.E.F   01.10.2022.pdf,3,11
Harbour,98841,1777550323377-DN HB REVISED PTT WEF 01.05.2026(1).pdf,8,11
Harbour,98842,1680671789509-HARBOUR SERVICES W.E.F   01.10.2022.pdf,11,11
Harbour,98842,1777550366723-UP HB REVISED PTT WEF 01.05.2026(1).pdf,9,11
Harbour,98843,1680671789509-HARBOUR SERVICES W.E.F   01.10.2022.pdf,4,11
Harbour,98843,1777550323377-DN HB REVISED PTT WEF 01.05.2026(1).pdf,9,11
Harbour,98844,1680671789509-HARBOUR SERVICES W.E.F   01.10.2022.pdf,11,11
Harbour,98844,1777550366723-UP HB REVISED PTT WEF 01.05.2026(1).pdf,9,11
Harbour,98845,1680671789509-HARBOUR SERVICES W.E.F   01.10.2022.pdf,4,11
Harbour,98845,1777550323377-DN HB REVISED PTT WEF 01.05.2026(1).pdf,9,11
Harbour,98846,1680671789509-HARBOUR SERVICES W.E.F   01.10.2022.pdf,11,11
Harbour,98846,1777550366723-UP HB REVISED PTT WEF 01.05.2026(1).pdf,10,11
Harbour,98847,1680671789509-HARBOUR SERVICES W.E.F   01.10.2022.pdf,4,11
Harbour,98847,1777550323377-DN HB REVISED PTT WEF 01.05.2026(1).pdf,9,11
Harbour,98848,1680671789509-HARBOUR SERVICES W.E.F   01.10.2022.pdf,11,11
Harbour,98848,1777550366723-UP HB REVISED PTT WEF 01.05.2026(1).pdf,10,11
Harbour,98849,1680671789509-HARBOUR SERVICES W.E.F   01.10.2022.pdf,4,11
Harbour,98849,1777550323377-DN HB REVISED PTT WEF 01.05.2026(1).pdf,10,11
Harbour,98850,1680671789509-HARBOUR SERVICES W.E.F   01.10.2022.pdf,11,11
Harbour,98850,1777550366723-UP HB REVISED PTT WEF 01.05.2026(1).pdf,11,11
Harbour,98851,1680671789509-HARBOUR SERVICES W.E.F   01.10.2022.pdf,4,11
Harbour,98851,1777550323377-DN HB REVISED PTT WEF 01.05.2026(1).pdf,10,11
Harbour,98852,1680671789509-HARBOUR SERVICES W.E.F   01.10.2022.pdf,11,11
Harbour,98852,1777550366723-UP HB REVISED PTT WEF 01.05.2026(1).pdf,11,11
Harbour,98853,1680671789509-HARBOUR SERVICES W.E.F   01.10.2022.pdf,4,11
Harbour,98853,1777550323377-DN HB REVISED PTT WEF 01.05.2026(1).pdf,11,11
Harbour,98854,1680671789509-HARBOUR SERVICES W.E.F   01.10.2022.pdf,11,11
Harbour,98854,1777550366723-UP HB REVISED PTT WEF 01.05.2026(1).pdf,12,11
Harbour,98855,1680671789509-HARBOUR SERVICES W.E.F   01.10.2022.pdf,4,11
Harbour,98855,1777550323377-DN HB REVISED PTT WEF 01.05.2026(1).pdf,11,11
Harbour,98856,1680671789509-HARBOUR SERVICES W.E.F   01.10.2022.pdf,12,11
Harbour,98856,1777550366723-UP HB REVISED PTT WEF 01.05.2026(1).pdf,12,11
Harbour,98857,1680671789509-HARBOUR SERVICES W.E.F   01.10.2022.pdf,4,11
Harbour,98857,1777550323377-DN HB REVISED PTT WEF 01.05.2026(1).pdf,12,11
Harbour,98858,1680671789509-HARBOUR SERVICES W.E.F   01.10.2022.pdf,12,11
Harbour,98858,1777550366723-UP HB REVISED PTT WEF 01.05.2026(1).pdf,13,11
Harbour,98859,1680671789509-HARBOUR SERVICES W.E.F   01.10.2022.pdf,5,11
Harbour,98859,1777550323377-DN HB REVISED PTT WEF 01.05.2026(1).pdf,12,11
Harbour,98860,1680671789509-HARBOUR SERVICES W.E.F   01.10.2022.pdf,12,11
Harbour,98860,1777550366723-UP HB REVISED PTT WEF 01.05.2026(1).pdf,13,11
Harbour,98861,1680671789509-HARBOUR SERVICES W.E.F   01.10.2022.pdf,5,11
Harbour,98861,1777550323377-DN HB REVISED PTT WEF 01.05.2026(1).pdf,13,11
Harbour,98862,1680671789509-HARBOUR SERVICES W.E.F   01.10.2022.pdf,12,11
Harbour,98862,1777550366723-UP HB REVISED PTT WEF 01.05.2026(1).pdf,14,11
Harbour,98863,1680671789509-HARBOUR SERVICES W.E.F   01.10.2022.pdf,5,11
Harbour,98863,1777550323377-DN HB REVISED PTT WEF 01.05.2026(1).pdf,13,11
Harbour,98864,1680671789509-HARBOUR SERVICES W.E.F   01.10.2022.pdf,12,11
Harbour,98864,1777550366723-UP HB REVISED PTT WEF 01.05.2026(1).pdf,14,11
Harbour,98865,1680671789509-HARBOUR SERVICES W.E.F   01.10.2022.pdf,5,11
Harbour,98865,1777550323377-DN HB REVISED PTT WEF 01.05.2026(1).pdf,14,11
Harbour,98866,1680671789509-HARBOUR SERVICES W.E.F   01.10.2022.pdf,12,11
Harbour,98866,1777550366723-UP HB REVISED PTT WEF 01.05.2026(1).pdf,15,11
Harbour,98867,1680671789509-HARBOUR SERVICES W.E.F   01.10.2022.pdf,5,11
Harbour,98867,1777550323377-DN HB REVISED PTT WEF 01.05.2026(1).pdf,14,11
Harbour,98868,1680671789509-HARBOUR SERVICES W.E.F   01.10.2022.pdf,13,11
Harbour,98868,1777550366723-UP HB REVISED PTT WEF 01.05.2026(1).pdf,15,11
Harbour,98869,1680671789509-HARBOUR SERVICES W.E.F   01.10.2022.pdf,6,11
Harbour,98869,1777550323377-DN HB REVISED PTT WEF 01.05.2026(1).pdf,15,11
Harbour,98870,1680671789509-HARBOUR SERVICES W.E.F   01.10.2022.pdf,13,11
Harbour,98870,1777550366723-UP HB REVISED PTT WEF 01.05.2026(1).pdf,16,11
Harbour,98871,1680671789509-HARBOUR SERVICES W.E.F   01.10.2022.pdf,6,11
Harbour,98871,1777550323377-DN HB REVISED PTT WEF 01.05.2026(1).pdf,15,11
Harbour,98872,1680671789509-HARBOUR SERVICES W.E.F   01.10.2022.pdf,13,11
Harbour,98872,1777550366723-UP HB REVISED PTT WEF 01.05.2026(1).pdf,16,11
Harbour,98873,1680671789509-HARBOUR SERVICES W.E.F   01.10.2022.pdf,6,11
Harbour,98873,1777550323377-DN HB REVISED PTT WEF 01.05.2026(1).pdf,16,11
Harbour,98874,1680671789509-HARBOUR SERVICES W.E.F   01.10.2022.pdf,13,11
Harbour,98874,1777550366723-UP HB REVISED PTT WEF 01.05.2026(1).pdf,17,11
Harbour,98875,1680671789509-HARBOUR SERVICES W.E.F   01.10.2022.pdf,6,11
Harbour,98875,1777550323377-DN HB REVISED PTT WEF 01.05.2026(1).pdf,16,11
Harbour,98876,1680671789509-HARBOUR SERVICES W.E.F   01.10.2022.pdf,14,11
Harbour,98876,1777550366723-UP HB REVISED PTT WEF 01.05.2026(1).pdf,17,11
Harbour,98877,1680671789509-HARBOUR SERVICES W.E.F   01.10.2022.pdf,6,11
Harbour,98877,1777550323377-DN HB REVISED PTT WEF 01.05.2026(1).pdf,17,11
Harbour,98878,1680671789509-HARBOUR SERVICES W.E.F   01.10.2022.pdf,14,11
Harbour,98878,1777550366723-UP HB REVISED PTT WEF 01.05.2026(1).pdf,18,11
Harbour,98879,1680671789509-HARBOUR SERVICES W.E.F   01.10.2022.pdf,6,11
Harbour,98879,1777550323377-DN HB REVISED PTT WEF 01.05.2026(1).pdf,17,11
Harbour,98880,1680671789509-HARBOUR SERVICES W.E.F   01.10.2022.pdf,14,11
Harbour,98880,1777550366723-UP HB REVISED PTT WEF 01.05.2026(1).pdf,18,11
Harbour,98881,1680671789509-HARBOUR SERVICES W.E.F   01.10.2022.pdf,7,11
Harbour,98881,1777550323377-DN HB REVISED PTT WEF 01.05.2026(1).pdf,17,11
Harbour,98882,1680671789509-HARBOUR SERVICES W.E.F   01.10.2022.pdf,14,11
Harbour,98882,1777550366723-UP HB REVISED PTT WEF 01.05.2026(1).pdf,18,11
Harbour,98883,1680671789509-HARBOUR SERVICES W.E.F   01.10.2022.pdf,7,11
Harbour,98883,1777550323377-DN HB REVISED PTT WEF 01.05.2026(1).pdf,18,11
Harbour,98884,1680671789509-HARBOUR SERVICES W.E.F   01.10.2022.pdf,14,11
Harbour,98884,1777550366723-UP HB REVISED PTT WEF 01.05.2026(1).pdf,18,11
Harbour,98885,1680671789509-HARBOUR SERVICES W.E.F   01.10.2022.pdf,7,11
Harbour,98885,1777550323377-DN HB REVISED PTT WEF 01.05.2026(1).pdf,18,11
Harbour,98886,1680671789509-HARBOUR SERVICES W.E.F   01.10.2022.pdf,14,11
Harbour,98886,1777550366723-UP HB REVISED PTT WEF 01.05.2026(1).pdf,19,11
Harbour,98901,1680671789509-HARBOUR SERVICES W.E.F   01.10.2022.pdf,"1,8",16
Harbour,98901,1777550323377-DN HB REVISED PTT WEF 01.05.2026(1).pdf,2,11
Harbour,98901,1777550366723-UP HB REVISED PTT WEF 01.05.2026(1).pdf,3,18
Harbour,98902,1680671789509-HARBOUR SERVICES W.E.F   01.10.2022.pdf,"2,9",16
Harbour,98902,1777550323377-DN HB REVISED PTT WEF 01.05.2026(1).pdf,3,18
Harbour,98902,1777550366723-UP HB REVISED PTT WEF 01.05.2026(1).pdf,4,11
Harbour,98903,1680671789509-HARBOUR SERVICES W.E.F   01.10.2022.pdf,"2,9",16
Harbour,98903,1777550323377-DN HB REVISED PTT WEF 01.05.2026(1).pdf,3,11
Harbour,98903,1777550366723-UP HB REVISED PTT WEF 01.05.2026(1).pdf,4,18
Harbour,98904,1680671789509-HARBOUR SERVICES W.E.F   01.10.2022.pdf,"2,9",16
Harbour,98904,1777550323377-DN HB REVISED PTT WEF 01.05.2026(1).pdf,5,18
Harbour,98904,1777550366723-UP HB REVISED PTT WEF 01.05.2026(1).pdf,5,11
Harbour,98905,1680671789509-HARBOUR SERVICES W.E.F   01.10.2022.pdf,"2,9",16
Harbour,98905,1777550323377-DN HB REVISED PTT WEF 01.05.2026(1).pdf,4,11
Harbour,98905,1777550366723-UP HB REVISED PTT WEF 01.05.2026(1).pdf,4,18
Harbour,98906,1680671789509-HARBOUR SERVICES W.E.F   01.10.2022.pdf,"2,9",16
Harbour,98906,1777550323377-DN HB REVISED PTT WEF 01.05.2026(1).pdf,6,18
Harbour,98906,1777550366723-UP HB REVISED PTT WEF 01.05.2026(1).pdf,6,11
Harbour,98907,1680671789509-HARBOUR SERVICES W.E.F   01.10.2022.pdf,"3,10",16
Harbour,98907,1777550323377-DN HB REVISED PTT WEF 01.05.2026(1).pdf,7,11
Harbour,98907,1777550366723-UP HB REVISED PTT WEF 01.05.2026(1).pdf,7,18
Harbour,98908,1680671789509-HARBOUR SERVICES W.E.F   01.10.2022.pdf,"3,10",16
Harbour,98908,1777550323377-DN HB REVISED PTT WEF 01.05.2026(1).pdf,8,18
Harbour,98908,1777550366723-UP HB REVISED PTT WEF 01.05.2026(1).pdf,9,11
Harbour,98909,1680671789509-HARBOUR SERVICES W.E.F   01.10.2022.pdf,"5,12",16
Harbour,98909,1777550323377-DN HB REVISED PTT WEF 01.05.2026(1).pdf,12,11
Harbour,98909,1777550366723-UP HB REVISED PTT WEF 01.05.2026(1).pdf,13,18
Harbour,98910,1680671789509-HARBOUR SERVICES W.E.F   01.10.2022.pdf,"5,12",16
Harbour,98910,1777550323377-DN HB REVISED PTT WEF 01.05.2026(1).pdf,14,18
Harbour,98910,1777550366723-UP HB REVISED PTT WEF 01.05.2026(1).pdf,14,11
Harbour,98911,1680671789509-HARBOUR SERVICES W.E.F   01.10.2022.pdf,"5,12",16
Harbour,98911,1777550323377-DN HB REVISED PTT WEF 01.05.2026(1).pdf,13,11
Harbour,98911,1777550366723-UP HB REVISED PTT WEF 01.05.2026(1).pdf,13,18
Harbour,98912,1680671789509-HARBOUR SERVICES W.E.F   01.10.2022.pdf,"5,13",16
Harbour,98912,1777550323377-DN HB REVISED PTT WEF 01.05.2026(1).pdf,14,18
Harbour,98912,1777550366723-UP HB REVISED PTT WEF 01.05.2026(1).pdf,15,11
Harbour,98913,1680671789509-HARBOUR SERVICES W.E.F   01.10.2022.pdf,"5,12",16
Harbour,98913,1777550323377-DN HB REVISED PTT WEF 01.05.2026(1).pdf,13,11
Harbour,98913,1777550366723-UP HB REVISED PTT WEF 01.05.2026(1).pdf,14,18
Harbour,98914,1680671789509-HARBOUR SERVICES W.E.F   01.10.2022.pdf,"6,13",16
Harbour,98914,1777550323377-DN HB REVISED PTT WEF 01.05.2026(1).pdf,15,18
Harbour,98914,1777550366723-UP HB REVISED PTT WEF 01.05.2026(1).pdf,16,11
Harbour,98915,1680671789509-HARBOUR SERVICES W.E.F   01.10.2022.pdf,"5,13",16
Harbour,98915,1777550323377-DN HB REVISED PTT WEF 01.05.2026(1).pdf,14,11
Harbour,98915,1777550366723-UP HB REVISED PTT WEF 01.05.2026(1).pdf,15,18
Harbour,98916,1680671789509-HARBOUR SERVICES W.E.F   01.10.2022.pdf,"6,13",16
Harbour,98916,1777550323377-DN HB REVISED PTT WEF 01.05.2026(1).pdf,16,18
Harbour,98916,1777550366723-UP HB REVISED PTT WEF 01.05.2026(1).pdf,16,11
Harbour,98917,1680671789509-HARBOUR SERVICES W.E.F   01.10.2022.pdf,"6,13",16
Harbour,98917,1777550323377-DN HB REVISED PTT WEF 01.05.2026(1).pdf,15,11
Harbour,98917,1777550366723-UP HB REVISED PTT WEF 01.05.2026(1).pdf,16,18
Harbour,98918,1680671789509-HARBOUR SERVICES W.E.F   01.10.2022.pdf,"6,14",16
Harbour,98918,1777550323377-DN HB REVISED PTT WEF 01.05.2026(1).pdf,17,18
Harbour,98918,1777550366723-UP HB REVISED PTT WEF 01.05.2026(1).pdf,18,11
Harbour,99001,1777550323377-DN HB REVISED PTT WEF 01.05.2026(1).pdf,18,8
Harbour,99002,1777550366723-UP HB REVISED PTT WEF 01.05.2026(1).pdf,1,7
Harbour,99003,1777550323377-DN HB REVISED PTT WEF 01.05.2026(1).pdf,1,8
Harbour,99004,1777550366723-UP HB REVISED PTT WEF 01.05.2026(1).pdf,2,7
Harbour,99005,1777550323377-DN HB REVISED PTT WEF 01.05.2026(1).pdf,2,8
Harbour,99006,1777550366723-UP HB REVISED PTT WEF 01.05.2026(1).pdf,2,7
Harbour,99007,1777550323377-DN HB REVISED PTT WEF 01.05.2026(1).pdf,2,8
Harbour,99008,1777550366723-UP HB REVISED PTT WEF 01.05.2026(1).pdf,2,7
Harbour,99009,1777550323377-DN HB REVISED PTT WEF 01.05.2026(1).pdf,3,8
Harbour,99010,1777550366723-UP HB REVISED PTT WEF 01.05.2026(1).pdf,3,7
Harbour,99011,1777550323377-DN HB REVISED PTT WEF 01.05.2026(1).pdf,4,8
Harbour,99012,1777550366723-UP HB REVISED PTT WEF 01.05.2026(1).pdf,3,7
Harbour,99013,1777550323377-DN HB REVISED PTT WEF 01.05.2026(1).pdf,4,8
Harbour,99014,1777550366723-UP HB REVISED PTT WEF 01.05.2026(1).pdf,4,7
Harbour,99015,1777550323377-DN HB REVISED PTT WEF 01.05.2026(1).pdf,5,8
Harbour,99016,1777550366723-UP HB REVISED PTT WEF 01.05.2026(1).pdf,4,7
Harbour,99017,1777550323377-DN HB REVISED PTT WEF 01.05.2026(1).pdf,5,8
Harbour,99018,1777550366723-UP HB REVISED PTT WEF 01.05.2026(1).pdf,4,7
Harbour,99019,1777550323377-DN HB REVISED PTT WEF 01.05.2026(1).pdf,6,8
Harbour,99020,1777550366723-UP HB REVISED PTT WEF 01.05.2026(1).pdf,5,7
Harbour,99021,1777550323377-DN HB REVISED PTT WEF 01.05.2026(1).pdf,6,8
Harbour,99022,1777550366723-UP HB REVISED PTT WEF 01.05.2026(1).pdf,5,7
Harbour,99023,1777550323377-DN HB REVISED PTT WEF 01.05.2026(1).pdf,7,8
Harbour,99024,1777550366723-UP HB REVISED PTT WEF 01.05.2026(1).pdf,6,7
Harbour,99025,1777550323377-DN HB REVISED PTT WEF 01.05.2026(1).pdf,8,8
Harbour,99026,1777550366723-UP HB REVISED PTT WEF 01.05.2026(1).pdf,7,7
Harbour,99027,1777550323377-DN HB REVISED PTT WEF 01.05.2026(1).pdf,8,8
Harbour,99028,1777550366723-UP HB REVISED PTT WEF 01.05.2026(1).pdf,7,7
Harbour,99029,1777550323377-DN HB REVISED PTT WEF 01.05.2026(1).pdf,9,8
Harbour,99030,1777550366723-UP HB REVISED PTT WEF 01.05.2026(1).pdf,8,7
Harbour,99031,1777550323377-DN HB REVISED PTT WEF 01.05.2026(1).pdf,9,8
Harbour,99032,1777550366723-UP HB REVISED PTT WEF 01.05.2026(1).pdf,8,7
Harbour,99033,1777550323377-DN HB REVISED PTT WEF 01.05.2026(1).pdf,9,8
Harbour,99034,1777550366723-UP HB REVISED PTT WEF 01.05.2026(1).pdf,9,7
Harbour,99035,1777550323377-DN HB REVISED PTT WEF 01.05.2026(1).pdf,10,8
Harbour,99036,1777550366723-UP HB REVISED PTT WEF 01.05.2026(1).pdf,10,7
Harbour,99037,1777550323377-DN HB REVISED PTT WEF 01.05.2026(1).pdf,10,8
Harbour,99038,1777550366723-UP HB REVISED PTT WEF 01.05.2026(1).pdf,10,7
Harbour,99039,1777550323377-DN HB REVISED PTT WEF 01.05.2026(1).pdf,11,8
Harbour,99040,1777550366723-UP HB REVISED PTT WEF 01.05.2026(1).pdf,11,7
Harbour,99041,1777550323377-DN HB REVISED PTT WEF 01.05.2026(1).pdf,11,8
Harbour,99042,1777550366723-UP HB REVISED PTT WEF 01.05.2026(1).pdf,11,7
Harbour,99043,1777550323377-DN HB REVISED PTT WEF 01.05.2026(1).pdf,11,8
Harbour,99044,1777550366723-UP HB REVISED PTT WEF 01.05.2026(1).pdf,12,7
Harbour,99045,1777550323377-DN HB REVISED PTT WEF 01.05.2026(1).pdf,12,8
Harbour,99046,1777550366723-UP HB REVISED PTT WEF 01.05.2026(1).pdf,12,7
Harbour,99047,1777550323377-DN HB REVISED PTT WEF 01.05.2026(1).pdf,12,8
Harbour,99048,1777550366723-UP HB REVISED PTT WEF 01.05.2026(1).pdf,12,7
Harbour,99049,1777550323377-DN HB REVISED PTT WEF 01.05.2026(1).pdf,13,8
Harbour,99050,1777550366723-UP HB REVISED PTT WEF 01.05.2026(1).pdf,13,7
Harbour,99051,1777550323377-DN HB REVISED PTT WEF 01.05.2026(1).pdf,13,8
Harbour,99052,1777550366723-UP HB REVISED PTT WEF 01.05.2026(1).pdf,13,7
Harbour,99053,1777550323377-DN HB REVISED PTT WEF 01.05.2026(1).pdf,14,8
Harbour,99054,1777550366723-UP HB REVISED PTT WEF 01.05.2026(1).pdf,14,7
Harbour,99055,1777550323377-DN HB REVISED PTT WEF 01.05.2026(1).pdf,14,8
Harbour,99056,1777550366723-UP HB REVISED PTT WEF 01.05.2026(1).pdf,14,7
Harbour,99057,1777550323377-DN HB REVISED PTT WEF 01.05.2026(1).pdf,15,8
Harbour,99058,1777550366723-UP HB REVISED PTT WEF 01.05.2026(1).pdf,15,7
Harbour,99059,1777550323377-DN HB REVISED PTT WEF 01.05.2026(1).pdf,15,8
Harbour,99060,1777550366723-UP HB REVISED PTT WEF 01.05.2026(1).pdf,15,7
Harbour,99061,1777550323377-DN HB REVISED PTT WEF 01.05.2026(1).pdf,16,8
Harbour,99062,1777550366723-UP HB REVISED PTT WEF 01.05.2026(1).pdf,16,7
Harbour,99063,1777550323377-DN HB REVISED PTT WEF 01.05.2026(1).pdf,16,8
Harbour,99064,1777550366723-UP HB REVISED PTT WEF 01.05.2026(1).pdf,16,7
Harbour,99065,1777550323377-DN HB REVISED PTT WEF 01.05.2026(1).pdf,16,8
Harbour,99066,1777550366723-UP HB REVISED PTT WEF 01.05.2026(1).pdf,17,7
Harbour,99067,1777550323377-DN HB REVISED PTT WEF 01.05.2026(1).pdf,17,8
Harbour,99068,1777550366723-UP HB REVISED PTT WEF 01.05.2026(1).pdf,17,7
Harbour,99069,1777550323377-DN HB REVISED PTT WEF 01.05.2026(1).pdf,17,8
Harbour,99070,1777550366723-UP HB REVISED PTT WEF 01.05.2026(1).pdf,18,7
Harbour,99071,1777550323377-DN HB REVISED PTT WEF 01.05.2026(1).pdf,18,8
Harbour,99072,1777550366723-UP HB REVISED PTT WEF 01.05.2026(1).pdf,18,7
Harbour,99073,1777550323377-DN HB REVISED PTT WEF 01.05.2026(1).pdf,18,8
Harbour,99074,1777550366723-UP HB REVISED PTT WEF 01.05.2026(1).pdf,19,7
Port,99601,1781160975368-PORT LINE PTT WEF 15.12.2025(1).pdf,1,10
Port,99602,1781160975368-PORT LINE PTT WEF 15.12.2025(1).pdf,1,10
Port,99603,1781160975368-PORT LINE PTT WEF 15.12.2025(1).pdf,1,10
Port,99604,1781160975368-PORT LINE PTT WEF 15.12.2025(1).pdf,1,10
Port,99605,1781160975368-PORT LINE PTT WEF 15.12.2025(1).pdf,1,10
Port,99606,1781160975368-PORT LINE PTT WEF 15.12.2025(1).pdf,1,10
Port,99607,1781160975368-PORT LINE PTT WEF 15.12.2025(1).pdf,1,10
Port,99608,1781160975368-PORT LINE PTT WEF 15.12.2025(1).pdf,1,10
Port,99609,1781160975368-PORT LINE PTT WEF 15.12.2025(1).pdf,1,10
Port,99610,1781160975368-PORT LINE PTT WEF 15.12.2025(1).pdf,1,10
Port,99611,1781160975368-PORT LINE PTT WEF 15.12.2025(1).pdf,1,10
Port,99612,1781160975368-PORT LINE PTT WEF 15.12.2025(1).pdf,1,10
Port,99613,1781160975368-PORT LINE PTT WEF 15.12.2025(1).pdf,1,10
Port,99614,1781160975368-PORT LINE PTT WEF 15.12.2025(1).pdf,1,10
Port,99615,1781160975368-PORT LINE PTT WEF 15.12.2025(1).pdf,1,10
Port,99616,1781160975368-PORT LINE PTT WEF 15.12.2025(1).pdf,1,10
Port,99617,1781160975368-PORT LINE PTT WEF 15.12.2025(1).pdf,1,10
Port,99618,1781160975368-PORT LINE PTT WEF 15.12.2025(1).pdf,1,10
Port,99619,1781160975368-PORT LINE PTT WEF 15.12.2025(1).pdf,1,10
Port,99620,1781160975368-PORT LINE PTT WEF 15.12.2025(1).pdf,1,10
Port,99621,1781160975368-PORT LINE PTT WEF 15.12.2025(1).pdf,1,10
Port,99622,1781160975368-PORT LINE PTT WEF 15.12.2025(1).pdf,1,10
Port,99623,1781160975368-PORT LINE PTT WEF 15.12.2025(1).pdf,1,10
Port,99624,1781160975368-PORT LINE PTT WEF 15.12.2025(1).pdf,1,10
Port,99701,1781160975368-PORT LINE PTT WEF 15.12.2025(1).pdf,1,9
Port,99702,1781160975368-PORT LINE PTT WEF 15.12.2025(1).pdf,1,9
Port,99703,1781160975368-PORT LINE PTT WEF 15.12.2025(1).pdf,1,9
Port,99704,1781160975368-PORT LINE PTT WEF 15.12.2025(1).pdf,1,9
Port,99705,1781160975368-PORT LINE PTT WEF 15.12.2025(1).pdf,1,9
Port,99706,1781160975368-PORT LINE PTT WEF 15.12.2025(1).pdf,1,9
Port,99707,1781160975368-PORT LINE PTT WEF 15.12.2025(1).pdf,1,9
Port,99708,1781160975368-PORT LINE PTT WEF 15.12.2025(1).pdf,1,9
Port,99709,1781160975368-PORT LINE PTT WEF 15.12.2025(1).pdf,1,9
Port,99710,1781160975368-PORT LINE PTT WEF 15.12.2025(1).pdf,1,9
Port,99711,1781160975368-PORT LINE PTT WEF 15.12.2025(1).pdf,1,9
Port,99712,1781160975368-PORT LINE PTT WEF 15.12.2025(1).pdf,1,9
Port,99713,1781160975368-PORT LINE PTT WEF 15.12.2025(1).pdf,1,9
Port,99714,1781160975368-PORT LINE PTT WEF 15.12.2025(1).pdf,1,9
Port,99715,1781160975368-PORT LINE PTT WEF 15.12.2025(1).pdf,1,9
Port,99716,1781160975368-PORT LINE PTT WEF 15.12.2025(1).pdf,1,9
Port,99717,1781160975368-PORT LINE PTT WEF 15.12.2025(1).pdf,1,9
Port,99718,1781160975368-PORT LINE PTT WEF 15.12.2025(1).pdf,1,9
Port,99719,1781160975368-PORT LINE PTT WEF 15.12.2025(1).pdf,1,9
Port,99720,1781160975368-PORT LINE PTT WEF 15.12.2025(1).pdf,1,9
Port,99721,1781160975368-PORT LINE PTT WEF 15.12.2025(1).pdf,1,9
Port,99722,1781160975368-PORT LINE PTT WEF 15.12.2025(1).pdf,1,9
Port,99723,1781160975368-PORT LINE PTT WEF 15.12.2025(1).pdf,1,9
Port,99724,1781160975368-PORT LINE PTT WEF 15.12.2025(1).pdf,1,9
Port,99725,1781160975368-PORT LINE PTT WEF 15.12.2025(1).pdf,1,9
Port,99726,1781160975368-PORT LINE PTT WEF 15.12.2025(1).pdf,1,9
Trans-Harbour,99001,1781174782507-THB PTT wef   13.01.2024(1).pdf,1,15
Trans-Harbour,99002,1781174782507-THB PTT wef   13.01.2024(1).pdf,8,15
Trans-Harbour,99003,1781174782507-THB PTT wef   13.01.2024(1).pdf,1,15
Trans-Harbour,99004,1781174782507-THB PTT wef   13.01.2024(1).pdf,8,15
Trans-Harbour,99005,1781174782507-THB PTT wef   13.01.2024(1).pdf,1,15
Trans-Harbour,99006,1781174782507-THB PTT wef   13.01.2024(1).pdf,8,15
Trans-Harbour,99007,1781174782507-THB PTT wef   13.01.2024(1).pdf,1,15
Trans-Harbour,99008,1781174782507-THB PTT wef   13.01.2024(1).pdf,8,15
Trans-Harbour,99009,1781174782507-THB PTT wef   13.01.2024(1).pdf,1,15
Trans-Harbour,99010,1781174782507-THB PTT wef   13.01.2024(1).pdf,8,15
Trans-Harbour,99011,1781174782507-THB PTT wef   13.01.2024(1).pdf,2,15
Trans-Harbour,99012,1781174782507-THB PTT wef   13.01.2024(1).pdf,8,15
Trans-Harbour,99013,1781174782507-THB PTT wef   13.01.2024(1).pdf,2,15
Trans-Harbour,99014,1781174782507-THB PTT wef   13.01.2024(1).pdf,8,15
Trans-Harbour,99015,1781174782507-THB PTT wef   13.01.2024(1).pdf,2,15
Trans-Harbour,99016,1781174782507-THB PTT wef   13.01.2024(1).pdf,8,15
Trans-Harbour,99017,1781174782507-THB PTT wef   13.01.2024(1).pdf,2,15
Trans-Harbour,99018,1781174782507-THB PTT wef   13.01.2024(1).pdf,9,15
Trans-Harbour,99019,1781174782507-THB PTT wef   13.01.2024(1).pdf,3,15
Trans-Harbour,99020,1781174782507-THB PTT wef   13.01.2024(1).pdf,9,15
Trans-Harbour,99021,1781174782507-THB PTT wef   13.01.2024(1).pdf,3,15
Trans-Harbour,99022,1781174782507-THB PTT wef   13.01.2024(1).pdf,9,15
Trans-Harbour,99023,1781174782507-THB PTT wef   13.01.2024(1).pdf,3,15
Trans-Harbour,99024,1781174782507-THB PTT wef   13.01.2024(1).pdf,9,15
Trans-Harbour,99025,1781174782507-THB PTT wef   13.01.2024(1).pdf,3,15
Trans-Harbour,99026,1781174782507-THB PTT wef   13.01.2024(1).pdf,9,15
Trans-Harbour,99027,1781174782507-THB PTT wef   13.01.2024(1).pdf,4,15
Trans-Harbour,99028,1781174782507-THB PTT wef   13.01.2024(1).pdf,10,15
Trans-Harbour,99029,1781174782507-THB PTT wef   13.01.2024(1).pdf,4,15
Trans-Harbour,99030,1781174782507-THB PTT wef   13.01.2024(1).pdf,10,15
Trans-Harbour,99031,1781174782507-THB PTT wef   13.01.2024(1).pdf,4,15
Trans-Harbour,99032,1781174782507-THB PTT wef   13.01.2024(1).pdf,10,15
Trans-Harbour,99033,1781174782507-THB PTT wef   13.01.2024(1).pdf,4,15
Trans-Harbour,99034,1781174782507-THB PTT wef   13.01.2024(1).pdf,10,15
Trans-Harbour,99035,1781174782507-THB PTT wef   13.01.2024(1).pdf,4,15
Trans-Harbour,99036,1781174782507-THB PTT wef   13.01.2024(1).pdf,11,15
Trans-Harbour,99037,1781174782507-THB PTT wef   13.01.2024(1).pdf,4,15
Trans-Harbour,99038,1781174782507-THB PTT wef   13.01.2024(1).pdf,11,15
Trans-Harbour,99039,1781174782507-THB PTT wef   13.01.2024(1).pdf,5,15
Trans-Harbour,99040,1781174782507-THB PTT wef   13.01.2024(1).pdf,11,15
Trans-Harbour,99041,1781174782507-THB PTT wef   13.01.2024(1).pdf,5,15
Trans-Harbour,99042,1781174782507-THB PTT wef   13.01.2024(1).pdf,11,15
Trans-Harbour,99043,1781174782507-THB PTT wef   13.01.2024(1).pdf,5,15
Trans-Harbour,99044,1781174782507-THB PTT wef   13.01.2024(1).pdf,12,15
Trans-Harbour,99045,1781174782507-THB PTT wef   13.01.2024(1).pdf,5,15
Trans-Harbour,99046,1781174782507-THB PTT wef   13.01.2024(1).pdf,12,15
Trans-Harbour,99047,1781174782507-THB PTT wef   13.01.2024(1).pdf,5,15
Trans-Harbour,99048,1781174782507-THB PTT wef   13.01.2024(1).pdf,12,15
Trans-Harbour,99049,1781174782507-THB PTT wef   13.01.2024(1).pdf,6,15
Trans-Harbour,99050,1781174782507-THB PTT wef   13.01.2024(1).pdf,12,15
Trans-Harbour,99051,1781174782507-THB PTT wef   13.01.2024(1).pdf,6,15
Trans-Harbour,99052,1781174782507-THB PTT wef   13.01.2024(1).pdf,12,15
Trans-Harbour,99053,1781174782507-THB PTT wef   13.01.2024(1).pdf,6,15
Trans-Harbour,99054,1781174782507-THB PTT wef   13.01.2024(1).pdf,12,15
Trans-Harbour,99055,1781174782507-THB PTT wef   13.01.2024(1).pdf,6,15
Trans-Harbour,99056,1781174782507-THB PTT wef   13.01.2024(1).pdf,13,15
Trans-Harbour,99057,1781174782507-THB PTT wef   13.01.2024(1).pdf,6,15
Trans-Harbour,99058,1781174782507-THB PTT wef   13.01.2024(1).pdf,13,15
Trans-Harbour,99059,1781174782507-THB PTT wef   13.01.2024(1).pdf,7,15
Trans-Harbour,99060,1781174782507-THB PTT wef   13.01.2024(1).pdf,13,15
Trans-Harbour,99061,1781174782507-THB PTT wef   13.01.2024(1).pdf,7,15
Trans-Harbour,99062,1781174782507-THB PTT wef   13.01.2024(1).pdf,13,15
Trans-Harbour,99063,1781174782507-THB PTT wef   13.01.2024(1).pdf,7,15
Trans-Harbour,99064,1781174782507-THB PTT wef   13.01.2024(1).pdf,13,15
Trans-Harbour,99065,1781174782507-THB PTT wef   13.01.2024(1).pdf,7,15
Trans-Harbour,99066,1781174782507-THB PTT wef   13.01.2024(1).pdf,14,15
Trans-Harbour,99067,1781174782507-THB PTT wef   13.01.2024(1).pdf,7,15
Trans-Harbour,99068,1781174782507-THB PTT wef   13.01.2024(1).pdf,14,15
Trans-Harbour,99069,1781174782507-THB PTT wef   13.01.2024(1).pdf,7,15
Trans-Harbour,99070,1781174782507-THB PTT wef   13.01.2024(1).pdf,14,15
Trans-Harbour,99071,1781174782507-THB PTT wef   13.01.2024(1).pdf,7,15
Trans-Harbour,99072,1781174782507-THB PTT wef   13.01.2024(1).pdf,14,15
Trans-Harbour,99073,1781174782507-THB PTT wef   13.01.2024(1).pdf,7,15
Trans-Harbour,99074,1781174782507-THB PTT wef   13.01.2024(1).pdf,14,15
Trans-Harbour,99201,1781174782507-THB PTT wef   13.01.2024(1).pdf,1,9
Trans-Harbour,99202,1781174782507-THB PTT wef   13.01.2024(1).pdf,8,9
Trans-Harbour,99203,1781174782507-THB PTT wef   13.01.2024(1).pdf,1,9
Trans-Harbour,99204,1781174782507-THB PTT wef   13.01.2024(1).pdf,8,9
Trans-Harbour,99205,1781174782507-THB PTT wef   13.01.2024(1).pdf,1,9
Trans-Harbour,99206,1781174782507-THB PTT wef   13.01.2024(1).pdf,8,9
Trans-Harbour,99207,1781174782507-THB PTT wef   13.01.2024(1).pdf,1,9
Trans-Harbour,99208,1781174782507-THB PTT wef   13.01.2024(1).pdf,9,9
Trans-Harbour,99209,1781174782507-THB PTT wef   13.01.2024(1).pdf,1,9
Trans-Harbour,99210,1781174782507-THB PTT wef   13.01.2024(1).pdf,9,9
Trans-Harbour,99211,1781174782507-THB PTT wef   13.01.2024(1).pdf,2,9
Trans-Harbour,99212,1781174782507-THB PTT wef   13.01.2024(1).pdf,9,9
Trans-Harbour,99213,1781174782507-THB PTT wef   13.01.2024(1).pdf,2,9
Trans-Harbour,99214,1781174782507-THB PTT wef   13.01.2024(1).pdf,9,9
Trans-Harbour,99215,1781174782507-THB PTT wef   13.01.2024(1).pdf,2,9
Trans-Harbour,99216,1781174782507-THB PTT wef   13.01.2024(1).pdf,9,9
Trans-Harbour,99217,1781174782507-THB PTT wef   13.01.2024(1).pdf,2,9
Trans-Harbour,99218,1781174782507-THB PTT wef   13.01.2024(1).pdf,9,9
Trans-Harbour,99219,1781174782507-THB PTT wef   13.01.2024(1).pdf,2,9
Trans-Harbour,99220,1781174782507-THB PTT wef   13.01.2024(1).pdf,9,9
Trans-Harbour,99221,1781174782507-THB PTT wef   13.01.2024(1).pdf,2,9
Trans-Harbour,99222,1781174782507-THB PTT wef   13.01.2024(1).pdf,10,9
Trans-Harbour,99223,1781174782507-THB PTT wef   13.01.2024(1).pdf,2,9
Trans-Harbour,99224,1781174782507-THB PTT wef   13.01.2024(1).pdf,10,9
Trans-Harbour,99225,1781174782507-THB PTT wef   13.01.2024(1).pdf,3,9
Trans-Harbour,99226,1781174782507-THB PTT wef   13.01.2024(1).pdf,10,9
Trans-Harbour,99227,1781174782507-THB PTT wef   13.01.2024(1).pdf,3,9
Trans-Harbour,99228,1781174782507-THB PTT wef   13.01.2024(1).pdf,10,9
Trans-Harbour,99229,1781174782507-THB PTT wef   13.01.2024(1).pdf,3,9
Trans-Harbour,99230,1781174782507-THB PTT wef   13.01.2024(1).pdf,10,9
Trans-Harbour,99231,1781174782507-THB PTT wef   13.01.2024(1).pdf,3,9
Trans-Harbour,99232,1781174782507-THB PTT wef   13.01.2024(1).pdf,11,9
Trans-Harbour,99233,1781174782507-THB PTT wef   13.01.2024(1).pdf,3,9
Trans-Harbour,99234,1781174782507-THB PTT wef   13.01.2024(1).pdf,11,9
Trans-Harbour,99235,1781174782507-THB PTT wef   13.01.2024(1).pdf,4,9
Trans-Harbour,99236,1781174782507-THB PTT wef   13.01.2024(1).pdf,11,9
Trans-Harbour,99237,1781174782507-THB PTT wef   13.01.2024(1).pdf,4,9
Trans-Harbour,99238,1781174782507-THB PTT wef   13.01.2024(1).pdf,11,9
Trans-Harbour,99239,1781174782507-THB PTT wef   13.01.2024(1).pdf,4,9
Trans-Harbour,99240,1781174782507-THB PTT wef   13.01.2024(1).pdf,11,9
Trans-Harbour,99241,1781174782507-THB PTT wef   13.01.2024(1).pdf,4,9
Trans-Harbour,99242,1781174782507-THB PTT wef   13.01.2024(1).pdf,11,9
Trans-Harbour,99243,1781174782507-THB PTT wef   13.01.2024(1).pdf,4,9
Trans-Harbour,99244,1781174782507-THB PTT wef   13.01.2024(1).pdf,12,9
Trans-Harbour,99245,1781174782507-THB PTT wef   13.01.2024(1).pdf,5,9
Trans-Harbour,99246,1781174782507-THB PTT wef   13.01.2024(1).pdf,12,9
Trans-Harbour,99247,1781174782507-THB PTT wef   13.01.2024(1).pdf,5,9
Trans-Harbour,99248,1781174782507-THB PTT wef   13.01.2024(1).pdf,12,9
Trans-Harbour,99249,1781174782507-THB PTT wef   13.01.2024(1).pdf,5,9
Trans-Harbour,99250,1781174782507-THB PTT wef   13.01.2024(1).pdf,12,9
Trans-Harbour,99251,1781174782507-THB PTT wef   13.01.2024(1).pdf,5,9
Trans-Harbour,99252,1781174782507-THB PTT wef   13.01.2024(1).pdf,13,9
Trans-Harbour,99253,1781174782507-THB PTT wef   13.01.2024(1).pdf,5,9
Trans-Harbour,99254,1781174782507-THB PTT wef   13.01.2024(1).pdf,13,9
Trans-Harbour,99255,1781174782507-THB PTT wef   13.01.2024(1).pdf,6,9
Trans-Harbour,99256,1781174782507-THB PTT wef   13.01.2024(1).pdf,13,9
Trans-Harbour,99257,1781174782507-THB PTT wef   13.01.2024(1).pdf,6,9
Trans-Harbour,99258,1781174782507-THB PTT wef   13.01.2024(1).pdf,13,9
Trans-Harbour,99259,1781174782507-THB PTT wef   13.01.2024(1).pdf,6,9
Trans-Harbour,99260,1781174782507-THB PTT wef   13.01.2024(1).pdf,13,9
Trans-Harbour,99261,1781174782507-THB PTT wef   13.01.2024(1).pdf,6,9
Trans-Harbour,99262,1781174782507-THB PTT wef   13.01.2024(1).pdf,13,9
Trans-Harbour,99263,1781174782507-THB PTT wef   13.01.2024(1).pdf,6,9
Trans-Harbour,99264,1781174782507-THB PTT wef   13.01.2024(1).pdf,14,9
Trans-Harbour,99265,1781174782507-THB PTT wef   13.01.2024(1).pdf,6,9
Trans-Harbour,99266,1781174782507-THB PTT wef   13.01.2024(1).pdf,14,9
Trans-Harbour,99267,1781174782507-THB PTT wef   13.01.2024(1).pdf,7,9
Trans-Harbour,99268,1781174782507-THB PTT wef   13.01.2024(1).pdf,14,9
Trans-Harbour,99401,1781174782507-THB PTT wef   13.01.2024(1).pdf,1,9
Trans-Harbour,99402,1781174782507-THB PTT wef   13.01.2024(1).pdf,8,9
Trans-Harbour,99403,1781174782507-THB PTT wef   13.01.2024(1).pdf,1,9
Trans-Harbour,99404,1781174782507-THB PTT wef   13.01.2024(1).pdf,8,9
Trans-Harbour,99405,1781174782507-THB PTT wef   13.01.2024(1).pdf,1,9
Trans-Harbour,99406,1781174782507-THB PTT wef   13.01.2024(1).pdf,8,9
Trans-Harbour,99407,1781174782507-THB PTT wef   13.01.2024(1).pdf,1,9
Trans-Harbour,99408,1781174782507-THB PTT wef   13.01.2024(1).pdf,8,9
Trans-Harbour,99409,1781174782507-THB PTT wef   13.01.2024(1).pdf,1,9
Trans-Harbour,99410,1781174782507-THB PTT wef   13.01.2024(1).pdf,8,9
Trans-Harbour,99411,1781174782507-THB PTT wef   13.01.2024(1).pdf,1,9
Trans-Harbour,99412,1781174782507-THB PTT wef   13.01.2024(1).pdf,8,9
Trans-Harbour,99413,1781174782507-THB PTT wef   13.01.2024(1).pdf,1,9
Trans-Harbour,99414,1781174782507-THB PTT wef   13.01.2024(1).pdf,8,9
Trans-Harbour,99415,1781174782507-THB PTT wef   13.01.2024(1).pdf,1,9
Trans-Harbour,99416,1781174782507-THB PTT wef   13.01.2024(1).pdf,8,9
Trans-Harbour,99417,1781174782507-THB PTT wef   13.01.2024(1).pdf,1,9
Trans-Harbour,99418,1781174782507-THB PTT wef   13.01.2024(1).pdf,9,9
Trans-Harbour,99419,1781174782507-THB PTT wef   13.01.2024(1).pdf,2,9
Trans-Harbour,99420,1781174782507-THB PTT wef   13.01.2024(1).pdf,9,9
Trans-Harbour,99421,1781174782507-THB PTT wef   13.01.2024(1).pdf,2,9
Trans-Harbour,99422,1781174782507-THB PTT wef   13.01.2024(1).pdf,9,9
Trans-Harbour,99423,1781174782507-THB PTT wef   13.01.2024(1).pdf,2,9
Trans-Harbour,99424,1781174782507-THB PTT wef   13.01.2024(1).pdf,9,9
Trans-Harbour,99425,1781174782507-THB PTT wef   13.01.2024(1).pdf,2,9
Trans-Harbour,99426,1781174782507-THB PTT wef   13.01.2024(1).pdf,9,9
Trans-Harbour,99427,1781174782507-THB PTT wef   13.01.2024(1).pdf,2,9
Trans-Harbour,99428,1781174782507-THB PTT wef   13.01.2024(1).pdf,9,9
Trans-Harbour,99429,1781174782507-THB PTT wef   13.01.2024(1).pdf,2,9
Trans-Harbour,99430,1781174782507-THB PTT wef   13.01.2024(1).pdf,9,9
Trans-Harbour,99431,1781174782507-THB PTT wef   13.01.2024(1).pdf,2,9
Trans-Harbour,99432,1781174782507-THB PTT wef   13.01.2024(1).pdf,10,9
Trans-Harbour,99433,1781174782507-THB PTT wef   13.01.2024(1).pdf,2,9
Trans-Harbour,99434,1781174782507-THB PTT wef   13.01.2024(1).pdf,10,9
Trans-Harbour,99435,1781174782507-THB PTT wef   13.01.2024(1).pdf,3,9
Trans-Harbour,99436,1781174782507-THB PTT wef   13.01.2024(1).pdf,10,9
Trans-Harbour,99437,1781174782507-THB PTT wef   13.01.2024(1).pdf,3,9
Trans-Harbour,99438,1781174782507-THB PTT wef   13.01.2024(1).pdf,10,9
Trans-Harbour,99439,1781174782507-THB PTT wef   13.01.2024(1).pdf,3,9
Trans-Harbour,99440,1781174782507-THB PTT wef   13.01.2024(1).pdf,10,9
Trans-Harbour,99441,1781174782507-THB PTT wef   13.01.2024(1).pdf,3,9
Trans-Harbour,99442,1781174782507-THB PTT wef   13.01.2024(1).pdf,10,9
Trans-Harbour,99443,1781174782507-THB PTT wef   13.01.2024(1).pdf,3,9
Trans-Harbour,99444,1781174782507-THB PTT wef   13.01.2024(1).pdf,10,9
Trans-Harbour,99445,1781174782507-THB PTT wef   13.01.2024(1).pdf,3,9
Trans-Harbour,99446,1781174782507-THB PTT wef   13.01.2024(1).pdf,10,9
Trans-Harbour,99447,1781174782507-THB PTT wef   13.01.2024(1).pdf,3,9
Trans-Harbour,99448,1781174782507-THB PTT wef   13.01.2024(1).pdf,10,9
Trans-Harbour,99449,1781174782507-THB PTT wef   13.01.2024(1).pdf,3,9
Trans-Harbour,99450,1781174782507-THB PTT wef   13.01.2024(1).pdf,10,9
Trans-Harbour,99451,1781174782507-THB PTT wef   13.01.2024(1).pdf,3,9
Trans-Harbour,99452,1781174782507-THB PTT wef   13.01.2024(1).pdf,11,9
Trans-Harbour,99453,1781174782507-THB PTT wef   13.01.2024(1).pdf,3,9
Trans-Harbour,99454,1781174782507-THB PTT wef   13.01.2024(1).pdf,11,9
Trans-Harbour,99455,1781174782507-THB PTT wef   13.01.2024(1).pdf,4,9
Trans-Harbour,99456,1781174782507-THB PTT wef   13.01.2024(1).pdf,11,9
Trans-Harbour,99457,1781174782507-THB PTT wef   13.01.2024(1).pdf,4,9
Trans-Harbour,99458,1781174782507-THB PTT wef   13.01.2024(1).pdf,11,9
Trans-Harbour,99459,1781174782507-THB PTT wef   13.01.2024(1).pdf,4,9
Trans-Harbour,99460,1781174782507-THB PTT wef   13.01.2024(1).pdf,11,9
Trans-Harbour,99461,1781174782507-THB PTT wef   13.01.2024(1).pdf,4,9
Trans-Harbour,99462,1781174782507-THB PTT wef   13.01.2024(1).pdf,11,9
Trans-Harbour,99463,1781174782507-THB PTT wef   13.01.2024(1).pdf,4,9
Trans-Harbour,99464,1781174782507-THB PTT wef   13.01.2024(1).pdf,11,9
Trans-Harbour,99465,1781174782507-THB PTT wef   13.01.2024(1).pdf,4,9
Trans-Harbour,99466,1781174782507-THB PTT wef   13.01.2024(1).pdf,11,9
Trans-Harbour,99467,1781174782507-THB PTT wef   13.01.2024(1).pdf,4,9
Trans-Harbour,99468,1781174782507-THB PTT wef   13.01.2024(1).pdf,11,9
Trans-Harbour,99469,1781174782507-THB PTT wef   13.01.2024(1).pdf,4,9
Trans-Harbour,99470,1781174782507-THB PTT wef   13.01.2024(1).pdf,12,9
Trans-Harbour,99471,1781174782507-THB PTT wef   13.01.2024(1).pdf,5,9
Trans-Harbour,99472,1781174782507-THB PTT wef   13.01.2024(1).pdf,12,9
Trans-Harbour,99473,1781174782507-THB PTT wef   13.01.2024(1).pdf,5,9
Trans-Harbour,99474,1781174782507-THB PTT wef   13.01.2024(1).pdf,12,9
Trans-Harbour,99475,1781174782507-THB PTT wef   13.01.2024(1).pdf,5,9
Trans-Harbour,99476,1781174782507-THB PTT wef   13.01.2024(1).pdf,12,9
Trans-Harbour,99477,1781174782507-THB PTT wef   13.01.2024(1).pdf,5,9
Trans-Harbour,99478,1781174782507-THB PTT wef   13.01.2024(1).pdf,12,9
Trans-Harbour,99479,1781174782507-THB PTT wef   13.01.2024(1).pdf,5,9
Trans-Harbour,99480,1781174782507-THB PTT wef   13.01.2024(1).pdf,12,9
Trans-Harbour,99481,1781174782507-THB PTT wef   13.01.2024(1).pdf,5,9
Trans-Harbour,99482,1781174782507-THB PTT wef   13.01.2024(1).pdf,12,9
Trans-Harbour,99483,1781174782507-THB PTT wef   13.01.2024(1).pdf,5,9
Trans-Harbour,99484,1781174782507-THB PTT wef   13.01.2024(1).pdf,12,9
Trans-Harbour,99485,1781174782507-THB PTT wef   13.01.2024(1).pdf,5,9
Trans-Harbour,99486,1781174782507-THB PTT wef   13.01.2024(1).pdf,12,9
Trans-Harbour,99487,1781174782507-THB PTT wef   13.01.2024(1).pdf,5,9
Trans-Harbour,99488,1781174782507-THB PTT wef   13.01.2024(1).pdf,13,9
Trans-Harbour,99489,1781174782507-THB PTT wef   13.01.2024(1).pdf,6,9
Trans-Harbour,99490,1781174782507-THB PTT wef   13.01.2024(1).pdf,13,9
Trans-Harbour,99491,1781174782507-THB PTT wef   13.01.2024(1).pdf,6,9
Trans-Harbour,99492,1781174782507-THB PTT wef   13.01.2024(1).pdf,13,9
Trans-Harbour,99493,1781174782507-THB PTT wef   13.01.2024(1).pdf,6,9
Trans-Harbour,99494,1781174782507-THB PTT wef   13.01.2024(1).pdf,13,9
Trans-Harbour,99495,1781174782507-THB PTT wef   13.01.2024(1).pdf,6,9
Trans-Harbour,99496,1781174782507-THB PTT wef   13.01.2024(1).pdf,13,9
Trans-Harbour,99497,1781174782507-THB PTT wef   13.01.2024(1).pdf,6,9
Trans-Harbour,99498,1781174782507-THB PTT wef   13.01.2024(1).pdf,13,9
Trans-Harbour,99499,1781174782507-THB PTT wef   13.01.2024(1).pdf,6,9
Trans-Harbour,99500,1781174782507-THB PTT wef   13.01.2024(1).pdf,13,9
Trans-Harbour,99501,1781174782507-THB PTT wef   13.01.2024(1).pdf,6,9
Trans-Harbour,99502,1781174782507-THB PTT wef   13.01.2024(1).pdf,13,9
Trans-Harbour,99503,1781174782507-THB PTT wef   13.01.2024(1).pdf,6,9
Trans-Harbour,99504,1781174782507-THB PTT wef   13.01.2024(1).pdf,14,9
Trans-Harbour,99505,1781174782507-THB PTT wef   13.01.2024(1).pdf,7,9
Trans-Harbour,99506,1781174782507-THB PTT wef   13.01.2024(1).pdf,14,9
Trans-Harbour,99507,1781174782507-THB PTT wef   13.01.2024(1).pdf,7,9
Trans-Harbour,99508,1781174782507-THB PTT wef   13.01.2024(1).pdf,14,9
Trans-Harbour,99509,1781174782507-THB PTT wef   13.01.2024(1).pdf,7,9
Trans-Harbour,99510,1781174782507-THB PTT wef   13.01.2024(1).pdf,14,9
Trans-Harbour,99511,1781174782507-THB PTT wef   13.01.2024(1).pdf,7,9
Trans-Harbour,99512,1781174782507-THB PTT wef   13.01.2024(1).pdf,14,9
Trans-Harbour,99513,1781174782507-THB PTT wef   13.01.2024(1).pdf,7,9
Trans-Harbour,99514,1781174782507-THB PTT wef   13.01.2024(1).pdf,14,9
Trans-Harbour,99515,1781174782507-THB PTT wef   13.01.2024(1).pdf,7,9
Trans-Harbour,99516,1781174782507-THB PTT wef   13.01.2024(1).pdf,14,9
Trans-Harbour,99517,1781174782507-THB PTT wef   13.01.2024(1).pdf,7,9
Trans-Harbour,99518,1781174782507-THB PTT wef   13.01.2024(1).pdf,14,9
Trans-Harbour,99519,1781174782507-THB PTT wef   13.01.2024(1).pdf,7,9
Trans-Harbour,99520,1781174782507-THB PTT wef   13.01.2024(1).pdf,14,9
Western,90001,1777701123504-DN PTT W.E.F.  01.05.2026.pdf,1,11
Western,90002,1777701192855-UP PTT W.E.F 01.05.2026.pdf,1,16
Western,90003,1777701123504-DN PTT W.E.F.  01.05.2026.pdf,1,5
Western,90004,1777701192855-UP PTT W.E.F 01.05.2026.pdf,1,22
Western,90006,1777701192855-UP PTT W.E.F 01.05.2026.pdf,1,29
Western,90007,1777701123504-DN PTT W.E.F.  01.05.2026.pdf,1,8
Western,90008,1777701192855-UP PTT W.E.F 01.05.2026.pdf,1,22
Western,90009,1777701123504-DN PTT W.E.F.  01.05.2026.pdf,1,8
Western,90010,1777701192855-UP PTT W.E.F 01.05.2026.pdf,1,22
Western,90011,1777701123504-DN PTT W.E.F.  01.05.2026.pdf,1,28
Western,90012,1777701192855-UP PTT W.E.F 01.05.2026.pdf,1,7
Western,90013,1777701123504-DN PTT W.E.F.  01.05.2026.pdf,1,6
Western,90014,1777701192855-UP PTT W.E.F 01.05.2026.pdf,1,22
Western,90015,1777701123504-DN PTT W.E.F.  01.05.2026.pdf,1,22
Western,90016,1777701192855-UP PTT W.E.F 01.05.2026.pdf,1,22
Western,90017,1777701123504-DN PTT W.E.F.  01.05.2026.pdf,2,11
Western,90018,1777701192855-UP PTT W.E.F 01.05.2026.pdf,1,16
Western,90019,1777701123504-DN PTT W.E.F.  01.05.2026.pdf,2,22
Western,90020,1777701192855-UP PTT W.E.F 01.05.2026.pdf,1,12
Western,90021,1777701123504-DN PTT W.E.F.  01.05.2026.pdf,2,16
Western,90022,1777701192855-UP PTT W.E.F 01.05.2026.pdf,1,22
Western,90025,1777701123504-DN PTT W.E.F.  01.05.2026.pdf,2,22
Western,90027,1777701123504-DN PTT W.E.F.  01.05.2026.pdf,2,11
Western,90028,1777701192855-UP PTT W.E.F 01.05.2026.pdf,2,8
Western,90029,1777701123504-DN PTT W.E.F.  01.05.2026.pdf,2,22
Western,90030,1777701192855-UP PTT W.E.F 01.05.2026.pdf,2,22
Western,90031,1777701123504-DN PTT W.E.F.  01.05.2026.pdf,2,22
Western,90032,1777701192855-UP PTT W.E.F 01.05.2026.pdf,2,22
Western,90033,1777701123504-DN PTT W.E.F.  01.05.2026.pdf,2,16
Western,90035,1777701123504-DN PTT W.E.F.  01.05.2026.pdf,2,5
Western,90036,1777701192855-UP PTT W.E.F 01.05.2026.pdf,2,22
Western,90037,1777701123504-DN PTT W.E.F.  01.05.2026.pdf,2,17
Western,90038,1777701192855-UP PTT W.E.F 01.05.2026.pdf,2,16
Western,90039,1777701123504-DN PTT W.E.F.  01.05.2026.pdf,2,11
Western,90040,1777701192855-UP PTT W.E.F 01.05.2026.pdf,2,22
Western,90041,1777701123504-DN PTT W.E.F.  01.05.2026.pdf,2,16
Western,90042,1777701192855-UP PTT W.E.F 01.05.2026.pdf,2,12
Western,90043,1777701123504-DN PTT W.E.F.  01.05.2026.pdf,3,6
Western,90045,1777701123504-DN PTT W.E.F.  01.05.2026.pdf,3,22
Western,90047,1777701123504-DN PTT W.E.F.  01.05.2026.pdf,3,19
Western,90048,1777701192855-UP PTT W.E.F 01.05.2026.pdf,2,22
Western,90049,1777701123504-DN PTT W.E.F.  01.05.2026.pdf,3,16
Western,90050,1777701192855-UP PTT W.E.F 01.05.2026.pdf,2,25
Western,90051,1777701123504-DN PTT W.E.F.  01.05.2026.pdf,3,22
Western,90052,1777701192855-UP PTT W.E.F 01.05.2026.pdf,3,16
Western,90053,1777701123504-DN PTT W.E.F.  01.05.2026.pdf,3,16
Western,90054,1777701192855-UP PTT W.E.F 01.05.2026.pdf,3,16
Western,90056,1777701192855-UP PTT W.E.F 01.05.2026.pdf,3,22
Western,90057,1777701123504-DN PTT W.E.F.  01.05.2026.pdf,3,17
Western,90058,1777701192855-UP PTT W.E.F 01.05.2026.pdf,3,25
Western,90059,1777701123504-DN PTT W.E.F.  01.05.2026.pdf,3,22
Western,90060,1777701192855-UP PTT W.E.F 01.05.2026.pdf,3,22
Western,90061,1777701123504-DN PTT W.E.F.  01.05.2026.pdf,4,11
Western,90064,1777701192855-UP PTT W.E.F 01.05.2026.pdf,3,22
Western,90067,1777701123504-DN PTT W.E.F.  01.05.2026.pdf,4,8
Western,90068,1777701192855-UP PTT W.E.F 01.05.2026.pdf,3,19
Western,90069,1777701123504-DN PTT W.E.F.  01.05.2026.pdf,4,17
Western,90070,1777701192855-UP PTT W.E.F 01.05.2026.pdf,4,16
Western,90071,1777701123504-DN PTT W.E.F.  01.05.2026.pdf,4,22
Western,90072,1777701192855-UP PTT W.E.F 01.05.2026.pdf,4,25
Western,90074,1777701192855-UP PTT W.E.F 01.05.2026.pdf,4,12
Western,90076,1777701192855-UP PTT W.E.F 01.05.2026.pdf,4,22
Western,90077,1777701123504-DN PTT W.E.F.  01.05.2026.pdf,4,22
Western,90078,1777701192855-UP PTT W.E.F 01.05.2026.pdf,4,22
Western,90079,1777701123504-DN PTT W.E.F.  01.05.2026.pdf,4,22
Western,90080,1777701192855-UP PTT W.E.F 01.05.2026.pdf,4,22
Western,90082,1777701192855-UP PTT W.E.F 01.05.2026.pdf,4,22
Western,90083,1777701123504-DN PTT W.E.F.  01.05.2026.pdf,4,12
Western,90084,1777701192855-UP PTT W.E.F 01.05.2026.pdf,4,14
Western,90085,1777701123504-DN PTT W.E.F.  01.05.2026.pdf,4,14
Western,90086,1777701192855-UP PTT W.E.F 01.05.2026.pdf,4,16
Western,90087,1777701123504-DN PTT W.E.F.  01.05.2026.pdf,4,22
Western,90088,1777701192855-UP PTT W.E.F 01.05.2026.pdf,4,19
Western,90090,1777701192855-UP PTT W.E.F 01.05.2026.pdf,5,22
Western,90091,1777701123504-DN PTT W.E.F.  01.05.2026.pdf,5,16
Western,90093,1777701123504-DN PTT W.E.F.  01.05.2026.pdf,5,22
Western,90097,1777701123504-DN PTT W.E.F.  01.05.2026.pdf,5,22
Western,90098,1777701192855-UP PTT W.E.F 01.05.2026.pdf,5,15
Western,90100,1777701192855-UP PTT W.E.F 01.05.2026.pdf,5,22
Western,90101,1777701123504-DN PTT W.E.F.  01.05.2026.pdf,5,22
Western,90102,1777701192855-UP PTT W.E.F 01.05.2026.pdf,5,14
Western,90104,1777701192855-UP PTT W.E.F 01.05.2026.pdf,5,13
Western,90105,1777701123504-DN PTT W.E.F.  01.05.2026.pdf,5,16
Western,90106,1777701192855-UP PTT W.E.F 01.05.2026.pdf,5,16
Western,90107,1777701123504-DN PTT W.E.F.  01.05.2026.pdf,5,19
Western,90108,1777701192855-UP PTT W.E.F 01.05.2026.pdf,5,25
Western,90109,1777701123504-DN PTT W.E.F.  01.05.2026.pdf,5,9
Western,90110,1777701192855-UP PTT W.E.F 01.05.2026.pdf,5,22
Western,90111,1777701123504-DN PTT W.E.F.  01.05.2026.pdf,5,22
Western,90112,1777701192855-UP PTT W.E.F 01.05.2026.pdf,5,22
Western,90113,1777701123504-DN PTT W.E.F.  01.05.2026.pdf,6,16
Western,90115,1777701123504-DN PTT W.E.F.  01.05.2026.pdf,6,19
Western,90116,1777701192855-UP PTT W.E.F 01.05.2026.pdf,6,22
Western,90120,1777701192855-UP PTT W.E.F 01.05.2026.pdf,6,16
Western,90121,1777701123504-DN PTT W.E.F.  01.05.2026.pdf,6,29
Western,90122,1777701192855-UP PTT W.E.F 01.05.2026.pdf,6,16
Western,90124,1777701192855-UP PTT W.E.F 01.05.2026.pdf,6,22
Western,90125,1777701123504-DN PTT W.E.F.  01.05.2026.pdf,6,22
Western,90126,1777701192855-UP PTT W.E.F 01.05.2026.pdf,6,22
Western,90127,1777701123504-DN PTT W.E.F.  01.05.2026.pdf,6,16
Western,90128,1777701192855-UP PTT W.E.F 01.05.2026.pdf,6,22
Western,90129,1777701123504-DN PTT W.E.F.  01.05.2026.pdf,6,22
Western,90130,1777701192855-UP PTT W.E.F 01.05.2026.pdf,6,16
Western,90131,1777701123504-DN PTT W.E.F.  01.05.2026.pdf,6,19
Western,90132,1777701192855-UP PTT W.E.F 01.05.2026.pdf,6,19
Western,90133,1777701123504-DN PTT W.E.F.  01.05.2026.pdf,7,15
Western,90135,1777701123504-DN PTT W.E.F.  01.05.2026.pdf,7,10
Western,90138,1777701192855-UP PTT W.E.F 01.05.2026.pdf,6,19
Western,90139,1777701123504-DN PTT W.E.F.  01.05.2026.pdf,7,22
Western,90140,1777701192855-UP PTT W.E.F 01.05.2026.pdf,6,22
Western,90141,1777701123504-DN PTT W.E.F.  01.05.2026.pdf,7,11
Western,90142,1777701192855-UP PTT W.E.F 01.05.2026.pdf,7,22
Western,90143,1777701123504-DN PTT W.E.F.  01.05.2026.pdf,7,5
Western,90144,1777701192855-UP PTT W.E.F 01.05.2026.pdf,7,22
Western,90145,1777701123504-DN PTT W.E.F.  01.05.2026.pdf,7,17
Western,90146,1777701192855-UP PTT W.E.F 01.05.2026.pdf,7,14
Western,90147,1777701123504-DN PTT W.E.F.  01.05.2026.pdf,7,12
Western,90148,1777701192855-UP PTT W.E.F 01.05.2026.pdf,7,13
Western,90149,1777701123504-DN PTT W.E.F.  01.05.2026.pdf,7,19
Western,90150,1777701192855-UP PTT W.E.F 01.05.2026.pdf,7,16
Western,90151,1777701123504-DN PTT W.E.F.  01.05.2026.pdf,7,22
Western,90152,1777701192855-UP PTT W.E.F 01.05.2026.pdf,7,29
Western,90153,1777701123504-DN PTT W.E.F.  01.05.2026.pdf,7,16
Western,90154,1777701192855-UP PTT W.E.F 01.05.2026.pdf,7,22
Western,90155,1777701123504-DN PTT W.E.F.  01.05.2026.pdf,7,12
Western,90157,1777701123504-DN PTT W.E.F.  01.05.2026.pdf,7,19
Western,90158,1777701192855-UP PTT W.E.F 01.05.2026.pdf,7,16
Western,90160,1777701192855-UP PTT W.E.F 01.05.2026.pdf,7,19
Western,90161,1777701123504-DN PTT W.E.F.  01.05.2026.pdf,8,29
Western,90162,1777701192855-UP PTT W.E.F 01.05.2026.pdf,7,22
Western,90163,1777701123504-DN PTT W.E.F.  01.05.2026.pdf,8,22
Western,90164,1777701192855-UP PTT W.E.F 01.05.2026.pdf,8,16
Western,90165,1777701123504-DN PTT W.E.F.  01.05.2026.pdf,8,15
Western,90166,1777701192855-UP PTT W.E.F 01.05.2026.pdf,8,22
Western,90167,1777701123504-DN PTT W.E.F.  01.05.2026.pdf,8,16
Western,90168,1777701192855-UP PTT W.E.F 01.05.2026.pdf,8,13
Western,90169,1777701123504-DN PTT W.E.F.  01.05.2026.pdf,8,22
Western,90170,1777701192855-UP PTT W.E.F 01.05.2026.pdf,8,12
Western,90171,1777701123504-DN PTT W.E.F.  01.05.2026.pdf,8,6
Western,90172,1777701192855-UP PTT W.E.F 01.05.2026.pdf,8,22
Western,90173,1777701123504-DN PTT W.E.F.  01.05.2026.pdf,8,19
Western,90175,1777701123504-DN PTT W.E.F.  01.05.2026.pdf,8,16
Western,90176,1777701192855-UP PTT W.E.F 01.05.2026.pdf,8,16
Western,90178,1777701192855-UP PTT W.E.F 01.05.2026.pdf,8,22
Western,90179,1777701123504-DN PTT W.E.F.  01.05.2026.pdf,8,22
Western,90180,1777701192855-UP PTT W.E.F 01.05.2026.pdf,8,19
Western,90181,1777701123504-DN PTT W.E.F.  01.05.2026.pdf,9,5
Western,90182,1777701192855-UP PTT W.E.F 01.05.2026.pdf,8,16
Western,90183,1777701123504-DN PTT W.E.F.  01.05.2026.pdf,9,22
Western,90185,1777701123504-DN PTT W.E.F.  01.05.2026.pdf,9,8
Western,90186,1777701192855-UP PTT W.E.F 01.05.2026.pdf,9,12
Western,90187,1777701123504-DN PTT W.E.F.  01.05.2026.pdf,9,22
Western,90188,1777701192855-UP PTT W.E.F 01.05.2026.pdf,9,19
Western,90189,1777701123504-DN PTT W.E.F.  01.05.2026.pdf,9,13
Western,90190,1777701192855-UP PTT W.E.F 01.05.2026.pdf,9,18
Western,90191,1777701123504-DN PTT W.E.F.  01.05.2026.pdf,9,16
Western,90192,1777701192855-UP PTT W.E.F 01.05.2026.pdf,9,9
Western,90193,1777701123504-DN PTT W.E.F.  01.05.2026.pdf,9,6
Western,90194,1777701192855-UP PTT W.E.F 01.05.2026.pdf,9,22
Western,90195,1777701123504-DN PTT W.E.F.  01.05.2026.pdf,9,14
Western,90197,1777701123504-DN PTT W.E.F.  01.05.2026.pdf,9,22
Western,90199,1777701123504-DN PTT W.E.F.  01.05.2026.pdf,9,19
Western,90200,1777701192855-UP PTT W.E.F 01.05.2026.pdf,9,29
Western,90201,1777701123504-DN PTT W.E.F.  01.05.2026.pdf,10,16
Western,90202,1777701192855-UP PTT W.E.F 01.05.2026.pdf,10,16
Western,90203,1777701123504-DN PTT W.E.F.  01.05.2026.pdf,10,22
Western,90204,1777701192855-UP PTT W.E.F 01.05.2026.pdf,10,9
Western,90205,1777701123504-DN PTT W.E.F.  01.05.2026.pdf,10,22
Western,90206,1777701192855-UP PTT W.E.F 01.05.2026.pdf,10,16
Western,90209,1777701123504-DN PTT W.E.F.  01.05.2026.pdf,10,19
Western,90210,1777701192855-UP PTT W.E.F 01.05.2026.pdf,10,19
Western,90212,1777701192855-UP PTT W.E.F 01.05.2026.pdf,10,22
Western,90213,1777701123504-DN PTT W.E.F.  01.05.2026.pdf,10,13
Western,90214,1777701192855-UP PTT W.E.F 01.05.2026.pdf,10,22
Western,90215,1777701123504-DN PTT W.E.F.  01.05.2026.pdf,10,22
Western,90216,1777701192855-UP PTT W.E.F 01.05.2026.pdf,10,18
Western,90217,1777701123504-DN PTT W.E.F.  01.05.2026.pdf,10,11
Western,90219,1777701123504-DN PTT W.E.F.  01.05.2026.pdf,10,19
Western,90220,1777701192855-UP PTT W.E.F 01.05.2026.pdf,10,9
Western,90221,1777701123504-DN PTT W.E.F.  01.05.2026.pdf,10,11
Western,90222,1777701192855-UP PTT W.E.F 01.05.2026.pdf,11,19
Western,90223,1777701123504-DN PTT W.E.F.  01.05.2026.pdf,10,5
Western,90224,1777701192855-UP PTT W.E.F 01.05.2026.pdf,11,16
Western,90225,1777701123504-DN PTT W.E.F.  01.05.2026.pdf,11,22
Western,90226,1777701192855-UP PTT W.E.F 01.05.2026.pdf,11,22
Western,90227,1777701123504-DN PTT W.E.F.  01.05.2026.pdf,11,16
Western,90229,1777701123504-DN PTT W.E.F.  01.05.2026.pdf,11,22
Western,90230,1777701192855-UP PTT W.E.F 01.05.2026.pdf,11,13
Western,90231,1777701123504-DN PTT W.E.F.  01.05.2026.pdf,11,19
Western,90232,1777701192855-UP PTT W.E.F 01.05.2026.pdf,11,16
Western,90233,1777701123504-DN PTT W.E.F.  01.05.2026.pdf,11,13
Western,90235,1777701123504-DN PTT W.E.F.  01.05.2026.pdf,11,16
Western,90236,1777701192855-UP PTT W.E.F 01.05.2026.pdf,11,22
Western,90237,1777701123504-DN PTT W.E.F.  01.05.2026.pdf,11,4
Western,90238,1777701192855-UP PTT W.E.F 01.05.2026.pdf,11,13
Western,90240,1777701192855-UP PTT W.E.F 01.05.2026.pdf,11,12
Western,90241,1777701123504-DN PTT W.E.F.  01.05.2026.pdf,11,21
Western,90242,1777701192855-UP PTT W.E.F 01.05.2026.pdf,11,14
Western,90243,1777701123504-DN PTT W.E.F.  01.05.2026.pdf,11,13
Western,90244,1777701192855-UP PTT W.E.F 01.05.2026.pdf,12,29
Western,90245,1777701123504-DN PTT W.E.F.  01.05.2026.pdf,11,5
Western,90246,1777701192855-UP PTT W.E.F 01.05.2026.pdf,12,19
Western,90247,1777701123504-DN PTT W.E.F.  01.05.2026.pdf,11,19
Western,90248,1777701192855-UP PTT W.E.F 01.05.2026.pdf,12,22
Western,90250,1777701192855-UP PTT W.E.F 01.05.2026.pdf,12,9
Western,90251,1777701123504-DN PTT W.E.F.  01.05.2026.pdf,12,21
Western,90252,1777701192855-UP PTT W.E.F 01.05.2026.pdf,12,16
Western,90254,1777701192855-UP PTT W.E.F 01.05.2026.pdf,12,22
Western,90255,1777701123504-DN PTT W.E.F.  01.05.2026.pdf,12,6
Western,90256,1777701192855-UP PTT W.E.F 01.05.2026.pdf,12,22
Western,90257,1777701123504-DN PTT W.E.F.  01.05.2026.pdf,12,22
Western,90258,1777701192855-UP PTT W.E.F 01.05.2026.pdf,12,22
Western,90259,1777701123504-DN PTT W.E.F.  01.05.2026.pdf,12,19
Western,90262,1777701192855-UP PTT W.E.F 01.05.2026.pdf,13,22
Western,90263,1777701123504-DN PTT W.E.F.  01.05.2026.pdf,12,15
Western,90264,1777701192855-UP PTT W.E.F 01.05.2026.pdf,13,19
Western,90265,1777701123504-DN PTT W.E.F.  01.05.2026.pdf,12,22
Western,90266,1777701192855-UP PTT W.E.F 01.05.2026.pdf,13,14
Western,90268,1777701192855-UP PTT W.E.F 01.05.2026.pdf,13,22
Western,90269,1777701123504-DN PTT W.E.F.  01.05.2026.pdf,13,19
Western,90270,1777701192855-UP PTT W.E.F 01.05.2026.pdf,13,16
Western,90271,1777701123504-DN PTT W.E.F.  01.05.2026.pdf,13,6
Western,90272,1777701192855-UP PTT W.E.F 01.05.2026.pdf,13,16
Western,90273,1777701123504-DN PTT W.E.F.  01.05.2026.pdf,13,25
Western,90274,1777701192855-UP PTT W.E.F 01.05.2026.pdf,13,25
Western,90275,1777701123504-DN PTT W.E.F.  01.05.2026.pdf,13,16
Western,90276,1777701192855-UP PTT W.E.F 01.05.2026.pdf,13,19
Western,90277,1777701123504-DN PTT W.E.F.  01.05.2026.pdf,13,25
Western,90279,1777701123504-DN PTT W.E.F.  01.05.2026.pdf,13,16
Western,90280,1777701192855-UP PTT W.E.F 01.05.2026.pdf,13,29
Western,90281,1777701123504-DN PTT W.E.F.  01.05.2026.pdf,13,22
Western,90282,1777701192855-UP PTT W.E.F 01.05.2026.pdf,14,9
Western,90283,1777701123504-DN PTT W.E.F.  01.05.2026.pdf,13,6
Western,90284,1777701192855-UP PTT W.E.F 01.05.2026.pdf,14,16
Western,90285,1777701123504-DN PTT W.E.F.  01.05.2026.pdf,13,22
Western,90286,1777701192855-UP PTT W.E.F 01.05.2026.pdf,14,19
Western,90287,1777701123504-DN PTT W.E.F.  01.05.2026.pdf,13,13
Western,90288,1777701192855-UP PTT W.E.F 01.05.2026.pdf,14,22
Western,90289,1777701123504-DN PTT W.E.F.  01.05.2026.pdf,14,19
Western,90290,1777701192855-UP PTT W.E.F 01.05.2026.pdf,14,16
Western,90291,1777701123504-DN PTT W.E.F.  01.05.2026.pdf,14,22
Western,90292,1777701192855-UP PTT W.E.F 01.05.2026.pdf,14,22
Western,90293,1777701123504-DN PTT W.E.F.  01.05.2026.pdf,14,15
Western,90294,1777701192855-UP PTT W.E.F 01.05.2026.pdf,14,8
Western,90296,1777701192855-UP PTT W.E.F 01.05.2026.pdf,14,22
Western,90297,1777701123504-DN PTT W.E.F.  01.05.2026.pdf,14,22
Western,90299,1777701123504-DN PTT W.E.F.  01.05.2026.pdf,14,19
Western,90300,1777701192855-UP PTT W.E.F 01.05.2026.pdf,15,9
Western,90301,1777701123504-DN PTT W.E.F.  01.05.2026.pdf,14,22
Western,90302,1777701192855-UP PTT W.E.F 01.05.2026.pdf,15,19
Western,90303,1777701123504-DN PTT W.E.F.  01.05.2026.pdf,14,6
Western,90305,1777701123504-DN PTT W.E.F.  01.05.2026.pdf,14,22
Western,90306,1777701192855-UP PTT W.E.F 01.05.2026.pdf,15,22
Western,90307,1777701123504-DN PTT W.E.F.  01.05.2026.pdf,14,6
Western,90308,1777701192855-UP PTT W.E.F 01.05.2026.pdf,15,16
Western,90309,1777701123504-DN PTT W.E.F.  01.05.2026.pdf,15,19
Western,90310,1777701192855-UP PTT W.E.F 01.05.2026.pdf,15,16
Western,90311,1777701123504-DN PTT W.E.F.  01.05.2026.pdf,15,22
Western,90312,1777701192855-UP PTT W.E.F 01.05.2026.pdf,15,22
Western,90313,1777701123504-DN PTT W.E.F.  01.05.2026.pdf,15,13
Western,90315,1777701123504-DN PTT W.E.F.  01.05.2026.pdf,15,22
Western,90316,1777701192855-UP PTT W.E.F 01.05.2026.pdf,15,22
Western,90320,1777701192855-UP PTT W.E.F 01.05.2026.pdf,16,22
Western,90321,1777701123504-DN PTT W.E.F.  01.05.2026.pdf,15,22
Western,90322,1777701192855-UP PTT W.E.F 01.05.2026.pdf,16,12
Western,90323,1777701123504-DN PTT W.E.F.  01.05.2026.pdf,15,13
Western,90324,1777701192855-UP PTT W.E.F 01.05.2026.pdf,16,16
Western,90325,1777701123504-DN PTT W.E.F.  01.05.2026.pdf,15,16
Western,90326,1777701192855-UP PTT W.E.F 01.05.2026.pdf,16,19
Western,90328,1777701192855-UP PTT W.E.F 01.05.2026.pdf,16,13
Western,90329,1777701123504-DN PTT W.E.F.  01.05.2026.pdf,15,22
Western,90330,1777701192855-UP PTT W.E.F 01.05.2026.pdf,16,16
Western,90332,1777701192855-UP PTT W.E.F 01.05.2026.pdf,16,22
Western,90333,1777701123504-DN PTT W.E.F.  01.05.2026.pdf,16,28
Western,90334,1777701192855-UP PTT W.E.F 01.05.2026.pdf,16,16
Western,90337,1777701123504-DN PTT W.E.F.  01.05.2026.pdf,16,5
Western,90338,1777701192855-UP PTT W.E.F 01.05.2026.pdf,16,19
Western,90339,1777701123504-DN PTT W.E.F.  01.05.2026.pdf,16,6
Western,90340,1777701192855-UP PTT W.E.F 01.05.2026.pdf,16,22
Western,90341,1777701123504-DN PTT W.E.F.  01.05.2026.pdf,16,22
Western,90342,1777701192855-UP PTT W.E.F 01.05.2026.pdf,17,16
Western,90343,1777701123504-DN PTT W.E.F.  01.05.2026.pdf,16,15
Western,90344,1777701192855-UP PTT W.E.F 01.05.2026.pdf,17,13
Western,90346,1777701192855-UP PTT W.E.F 01.05.2026.pdf,17,12
Western,90347,1777701123504-DN PTT W.E.F.  01.05.2026.pdf,16,6
Western,90348,1777701192855-UP PTT W.E.F 01.05.2026.pdf,17,16
Western,90349,1777701123504-DN PTT W.E.F.  01.05.2026.pdf,16,25
Western,90350,1777701192855-UP PTT W.E.F 01.05.2026.pdf,17,27
Western,90351,1777701123504-DN PTT W.E.F.  01.05.2026.pdf,16,19
Western,90352,1777701192855-UP PTT W.E.F 01.05.2026.pdf,17,22
Western,90353,1777701123504-DN PTT W.E.F.  01.05.2026.pdf,16,22
Western,90355,1777701123504-DN PTT W.E.F.  01.05.2026.pdf,16,13
Western,90356,1777701192855-UP PTT W.E.F 01.05.2026.pdf,17,16
Western,90357,1777701123504-DN PTT W.E.F.  01.05.2026.pdf,17,22
Western,90358,1777701192855-UP PTT W.E.F 01.05.2026.pdf,17,13
Western,90359,1777701123504-DN PTT W.E.F.  01.05.2026.pdf,17,5
Western,90361,1777701123504-DN PTT W.E.F.  01.05.2026.pdf,17,9
Western,90362,1777701192855-UP PTT W.E.F 01.05.2026.pdf,18,22
Western,90363,1777701123504-DN PTT W.E.F.  01.05.2026.pdf,17,22
Western,90364,1777701192855-UP PTT W.E.F 01.05.2026.pdf,18,16
Western,90365,1777701123504-DN PTT W.E.F.  01.05.2026.pdf,17,16
Western,90366,1777701192855-UP PTT W.E.F 01.05.2026.pdf,18,19
Western,90368,1777701192855-UP PTT W.E.F 01.05.2026.pdf,18,22
Western,90369,1777701123504-DN PTT W.E.F.  01.05.2026.pdf,17,8
Western,90371,1777701123504-DN PTT W.E.F.  01.05.2026.pdf,17,19
Western,90372,1777701192855-UP PTT W.E.F 01.05.2026.pdf,18,19
Western,90373,1777701123504-DN PTT W.E.F.  01.05.2026.pdf,17,22
Western,90374,1777701192855-UP PTT W.E.F 01.05.2026.pdf,18,22
Western,90375,1777701123504-DN PTT W.E.F.  01.05.2026.pdf,17,16
Western,90376,1777701192855-UP PTT W.E.F 01.05.2026.pdf,18,22
Western,90378,1777701192855-UP PTT W.E.F 01.05.2026.pdf,18,16
Western,90379,1777701123504-DN PTT W.E.F.  01.05.2026.pdf,17,9
Western,90380,1777701192855-UP PTT W.E.F 01.05.2026.pdf,18,22
Western,90381,1777701123504-DN PTT W.E.F.  01.05.2026.pdf,17,22
Western,90382,1777701192855-UP PTT W.E.F 01.05.2026.pdf,18,18
Western,90384,1777701192855-UP PTT W.E.F 01.05.2026.pdf,19,19
Western,90385,1777701123504-DN PTT W.E.F.  01.05.2026.pdf,18,19
Western,90386,1777701192855-UP PTT W.E.F 01.05.2026.pdf,19,13
Western,90387,1777701123504-DN PTT W.E.F.  01.05.2026.pdf,18,9
Western,90388,1777701192855-UP PTT W.E.F 01.05.2026.pdf,19,16
Western,90389,1777701123504-DN PTT W.E.F.  01.05.2026.pdf,18,5
Western,90390,1777701192855-UP PTT W.E.F 01.05.2026.pdf,19,22
Western,90391,1777701123504-DN PTT W.E.F.  01.05.2026.pdf,18,9
Western,90393,1777701123504-DN PTT W.E.F.  01.05.2026.pdf,18,22
Western,90394,1777701192855-UP PTT W.E.F 01.05.2026.pdf,19,12
Western,90395,1777701123504-DN PTT W.E.F.  01.05.2026.pdf,18,5
Western,90396,1777701192855-UP PTT W.E.F 01.05.2026.pdf,19,16
Western,90398,1777701192855-UP PTT W.E.F 01.05.2026.pdf,19,22
Western,90399,1777701123504-DN PTT W.E.F.  01.05.2026.pdf,18,14
Western,90401,1777701123504-DN PTT W.E.F.  01.05.2026.pdf,18,22
Western,90402,1777701192855-UP PTT W.E.F 01.05.2026.pdf,19,22
Western,90403,1777701123504-DN PTT W.E.F.  01.05.2026.pdf,18,14
Western,90404,1777701192855-UP PTT W.E.F 01.05.2026.pdf,20,22
Western,90405,1777701123504-DN PTT W.E.F.  01.05.2026.pdf,18,14
Western,90407,1777701123504-DN PTT W.E.F.  01.05.2026.pdf,18,28
Western,90408,1777701192855-UP PTT W.E.F 01.05.2026.pdf,20,22
Western,90409,1777701123504-DN PTT W.E.F.  01.05.2026.pdf,19,22
Western,90410,1777701192855-UP PTT W.E.F 01.05.2026.pdf,20,19
Western,90411,1777701123504-DN PTT W.E.F.  01.05.2026.pdf,19,22
Western,90412,1777701192855-UP PTT W.E.F 01.05.2026.pdf,20,16
Western,90413,1777701123504-DN PTT W.E.F.  01.05.2026.pdf,19,22
Western,90414,1777701192855-UP PTT W.E.F 01.05.2026.pdf,20,22
Western,90416,1777701192855-UP PTT W.E.F 01.05.2026.pdf,20,9
Western,90417,1777701123504-DN PTT W.E.F.  01.05.2026.pdf,19,19
Western,90418,1777701192855-UP PTT W.E.F 01.05.2026.pdf,20,19
Western,90419,1777701123504-DN PTT W.E.F.  01.05.2026.pdf,19,22
Western,90420,1777701192855-UP PTT W.E.F 01.05.2026.pdf,21,22
Western,90421,1777701123504-DN PTT W.E.F.  01.05.2026.pdf,19,16
Western,90422,1777701192855-UP PTT W.E.F 01.05.2026.pdf,21,24
Western,90423,1777701123504-DN PTT W.E.F.  01.05.2026.pdf,19,22
Western,90424,1777701192855-UP PTT W.E.F 01.05.2026.pdf,21,29
Western,90425,1777701123504-DN PTT W.E.F.  01.05.2026.pdf,19,12
Western,90426,1777701192855-UP PTT W.E.F 01.05.2026.pdf,21,22
Western,90427,1777701123504-DN PTT W.E.F.  01.05.2026.pdf,19,22
Western,90428,1777701192855-UP PTT W.E.F 01.05.2026.pdf,21,12
Western,90430,1777701192855-UP PTT W.E.F 01.05.2026.pdf,21,22
Western,90431,1777701123504-DN PTT W.E.F.  01.05.2026.pdf,20,19
Western,90432,1777701192855-UP PTT W.E.F 01.05.2026.pdf,21,22
Western,90433,1777701123504-DN PTT W.E.F.  01.05.2026.pdf,20,22
Western,90435,1777701123504-DN PTT W.E.F.  01.05.2026.pdf,20,9
Western,90436,1777701192855-UP PTT W.E.F 01.05.2026.pdf,21,9
Western,90437,1777701123504-DN PTT W.E.F.  01.05.2026.pdf,20,22
Western,90438,1777701192855-UP PTT W.E.F 01.05.2026.pdf,22,22
Western,90440,1777701192855-UP PTT W.E.F 01.05.2026.pdf,22,29
Western,90441,1777701123504-DN PTT W.E.F.  01.05.2026.pdf,20,22
Western,90442,1777701192855-UP PTT W.E.F 01.05.2026.pdf,22,23
Western,90443,1777701123504-DN PTT W.E.F.  01.05.2026.pdf,20,14
Western,90444,1777701192855-UP PTT W.E.F 01.05.2026.pdf,22,22
Western,90445,1777701123504-DN PTT W.E.F.  01.05.2026.pdf,20,22
Western,90446,1777701192855-UP PTT W.E.F 01.05.2026.pdf,22,22
Western,90447,1777701123504-DN PTT W.E.F.  01.05.2026.pdf,20,22
Western,90448,1777701192855-UP PTT W.E.F 01.05.2026.pdf,22,12
Western,90449,1777701123504-DN PTT W.E.F.  01.05.2026.pdf,20,29
Western,90450,1777701192855-UP PTT W.E.F 01.05.2026.pdf,22,16
Western,90452,1777701192855-UP PTT W.E.F 01.05.2026.pdf,22,19
Western,90453,1777701123504-DN PTT W.E.F.  01.05.2026.pdf,20,22
Western,90456,1777701192855-UP PTT W.E.F 01.05.2026.pdf,23,22
Western,90459,1777701123504-DN PTT W.E.F.  01.05.2026.pdf,21,25
Western,90460,1777701192855-UP PTT W.E.F 01.05.2026.pdf,23,22
Western,90461,1777701123504-DN PTT W.E.F.  01.05.2026.pdf,21,22
Western,90462,1777701192855-UP PTT W.E.F 01.05.2026.pdf,23,22
Western,90463,1777701123504-DN PTT W.E.F.  01.05.2026.pdf,21,22
Western,90465,1777701123504-DN PTT W.E.F.  01.05.2026.pdf,21,22
Western,90466,1777701192855-UP PTT W.E.F 01.05.2026.pdf,23,22
Western,90467,1777701123504-DN PTT W.E.F.  01.05.2026.pdf,21,22
Western,90469,1777701123504-DN PTT W.E.F.  01.05.2026.pdf,21,11
Western,90470,1777701192855-UP PTT W.E.F 01.05.2026.pdf,23,16
Western,90471,1777701123504-DN PTT W.E.F.  01.05.2026.pdf,21,22
Western,90472,1777701192855-UP PTT W.E.F 01.05.2026.pdf,23,22
Western,90473,1777701123504-DN PTT W.E.F.  01.05.2026.pdf,21,22
Western,90474,1777701192855-UP PTT W.E.F 01.05.2026.pdf,24,19
Western,90475,1777701123504-DN PTT W.E.F.  01.05.2026.pdf,21,22
Western,90476,1777701192855-UP PTT W.E.F 01.05.2026.pdf,24,22
Western,90478,1777701192855-UP PTT W.E.F 01.05.2026.pdf,24,16
Western,90480,1777701192855-UP PTT W.E.F 01.05.2026.pdf,24,22
Western,90481,1777701123504-DN PTT W.E.F.  01.05.2026.pdf,22,22
Western,90482,1777701192855-UP PTT W.E.F 01.05.2026.pdf,24,22
Western,90483,1777701123504-DN PTT W.E.F.  01.05.2026.pdf,22,22
Western,90484,1777701192855-UP PTT W.E.F 01.05.2026.pdf,24,29
Western,90485,1777701123504-DN PTT W.E.F.  01.05.2026.pdf,22,14
Western,90486,1777701192855-UP PTT W.E.F 01.05.2026.pdf,24,7
Western,90487,1777701123504-DN PTT W.E.F.  01.05.2026.pdf,22,25
Western,90489,1777701123504-DN PTT W.E.F.  01.05.2026.pdf,22,16
Western,90490,1777701192855-UP PTT W.E.F 01.05.2026.pdf,24,22
Western,90491,1777701123504-DN PTT W.E.F.  01.05.2026.pdf,22,19
Western,90492,1777701192855-UP PTT W.E.F 01.05.2026.pdf,24,22
Western,90493,1777701123504-DN PTT W.E.F.  01.05.2026.pdf,22,22
Western,90494,1777701192855-UP PTT W.E.F 01.05.2026.pdf,24,13
Western,90495,1777701123504-DN PTT W.E.F.  01.05.2026.pdf,22,22
Western,90496,1777701192855-UP PTT W.E.F 01.05.2026.pdf,24,22
Western,90497,1777701123504-DN PTT W.E.F.  01.05.2026.pdf,22,13
Western,90498,1777701192855-UP PTT W.E.F 01.05.2026.pdf,24,16
Western,90499,1777701123504-DN PTT W.E.F.  01.05.2026.pdf,22,22
Western,90500,1777701192855-UP PTT W.E.F 01.05.2026.pdf,25,14
Western,90501,1777701123504-DN PTT W.E.F.  01.05.2026.pdf,23,16
Western,90502,1777701192855-UP PTT W.E.F 01.05.2026.pdf,25,19
Western,90503,1777701123504-DN PTT W.E.F.  01.05.2026.pdf,23,21
Western,90504,1777701192855-UP PTT W.E.F 01.05.2026.pdf,25,22
Western,90505,1777701123504-DN PTT W.E.F.  01.05.2026.pdf,23,22
Western,90506,1777701192855-UP PTT W.E.F 01.05.2026.pdf,25,12
Western,90507,1777701123504-DN PTT W.E.F.  01.05.2026.pdf,23,22
Western,90508,1777701192855-UP PTT W.E.F 01.05.2026.pdf,25,22
Western,90510,1777701192855-UP PTT W.E.F 01.05.2026.pdf,25,22
Western,90512,1777701192855-UP PTT W.E.F 01.05.2026.pdf,25,16
Western,90513,1777701123504-DN PTT W.E.F.  01.05.2026.pdf,23,22
Western,90514,1777701192855-UP PTT W.E.F 01.05.2026.pdf,26,22
Western,90516,1777701192855-UP PTT W.E.F 01.05.2026.pdf,26,22
Western,90517,1777701123504-DN PTT W.E.F.  01.05.2026.pdf,23,19
Western,90519,1777701123504-DN PTT W.E.F.  01.05.2026.pdf,23,16
Western,90520,1777701192855-UP PTT W.E.F 01.05.2026.pdf,26,22
Western,90521,1777701123504-DN PTT W.E.F.  01.05.2026.pdf,23,13
Western,90522,1777701192855-UP PTT W.E.F 01.05.2026.pdf,26,16
Western,90523,1777701123504-DN PTT W.E.F.  01.05.2026.pdf,24,16
Western,90524,1777701192855-UP PTT W.E.F 01.05.2026.pdf,26,22
Western,90525,1777701123504-DN PTT W.E.F.  01.05.2026.pdf,24,22
Western,90526,1777701192855-UP PTT W.E.F 01.05.2026.pdf,26,27
Western,90527,1777701123504-DN PTT W.E.F.  01.05.2026.pdf,24,22
Western,90531,1777701123504-DN PTT W.E.F.  01.05.2026.pdf,24,22
Western,90532,1777701192855-UP PTT W.E.F 01.05.2026.pdf,26,22
Western,90533,1777701123504-DN PTT W.E.F.  01.05.2026.pdf,24,16
Western,90534,1777701192855-UP PTT W.E.F 01.05.2026.pdf,26,18
Western,90535,1777701123504-DN PTT W.E.F.  01.05.2026.pdf,24,22
Western,90536,1777701192855-UP PTT W.E.F 01.05.2026.pdf,26,16
Western,90537,1777701123504-DN PTT W.E.F.  01.05.2026.pdf,24,25
Western,90538,1777701192855-UP PTT W.E.F 01.05.2026.pdf,27,22
Western,90539,1777701123504-DN PTT W.E.F.  01.05.2026.pdf,24,22
Western,90540,1777701192855-UP PTT W.E.F 01.05.2026.pdf,27,22
Western,90541,1777701123504-DN PTT W.E.F.  01.05.2026.pdf,24,16
Western,90543,1777701123504-DN PTT W.E.F.  01.05.2026.pdf,25,22
Western,90546,1777701192855-UP PTT W.E.F 01.05.2026.pdf,27,22
Western,90547,1777701123504-DN PTT W.E.F.  01.05.2026.pdf,25,16
Western,90549,1777701123504-DN PTT W.E.F.  01.05.2026.pdf,25,22
Western,90550,1777701192855-UP PTT W.E.F 01.05.2026.pdf,27,22
Western,90551,1777701123504-DN PTT W.E.F.  01.05.2026.pdf,25,22
Western,90552,1777701192855-UP PTT W.E.F 01.05.2026.pdf,27,22
Western,90553,1777701123504-DN PTT W.E.F.  01.05.2026.pdf,25,10
Western,90554,1777701192855-UP PTT W.E.F 01.05.2026.pdf,27,22
Western,90555,1777701123504-DN PTT W.E.F.  01.05.2026.pdf,25,19
Western,90557,1777701123504-DN PTT W.E.F.  01.05.2026.pdf,25,22
Western,90558,1777701192855-UP PTT W.E.F 01.05.2026.pdf,28,16
Western,90559,1777701123504-DN PTT W.E.F.  01.05.2026.pdf,25,9
Western,90560,1777701192855-UP PTT W.E.F 01.05.2026.pdf,28,18
Western,90561,1777701123504-DN PTT W.E.F.  01.05.2026.pdf,25,22
Western,90562,1777701192855-UP PTT W.E.F 01.05.2026.pdf,28,16
Western,90564,1777701192855-UP PTT W.E.F 01.05.2026.pdf,28,13
Western,90565,1777701123504-DN PTT W.E.F.  01.05.2026.pdf,25,19
Western,90566,1777701192855-UP PTT W.E.F 01.05.2026.pdf,28,19
Western,90567,1777701123504-DN PTT W.E.F.  01.05.2026.pdf,25,16
Western,90568,1777701192855-UP PTT W.E.F 01.05.2026.pdf,28,12
Western,90569,1777701123504-DN PTT W.E.F.  01.05.2026.pdf,25,6
Western,90570,1777701192855-UP PTT W.E.F 01.05.2026.pdf,28,22
Western,90571,1777701123504-DN PTT W.E.F.  01.05.2026.pdf,25,22
Western,90572,1777701192855-UP PTT W.E.F 01.05.2026.pdf,28,16
Western,90573,1777701123504-DN PTT W.E.F.  01.05.2026.pdf,26,18
Western,90574,1777701192855-UP PTT W.E.F 01.05.2026.pdf,28,13
Western,90576,1777701192855-UP PTT W.E.F 01.05.2026.pdf,29,22
Western,90577,1777701123504-DN PTT W.E.F.  01.05.2026.pdf,26,22
Western,90578,1777701192855-UP PTT W.E.F 01.05.2026.pdf,29,22
Western,90579,1777701123504-DN PTT W.E.F.  01.05.2026.pdf,26,9
Western,90580,1777701192855-UP PTT W.E.F 01.05.2026.pdf,29,22
Western,90581,1777701123504-DN PTT W.E.F.  01.05.2026.pdf,26,19
Western,90582,1777701192855-UP PTT W.E.F 01.05.2026.pdf,29,12
Western,90583,1777701123504-DN PTT W.E.F.  01.05.2026.pdf,26,22
Western,90586,1777701192855-UP PTT W.E.F 01.05.2026.pdf,29,22
Western,90587,1777701123504-DN PTT W.E.F.  01.05.2026.pdf,26,22
Western,90588,1777701192855-UP PTT W.E.F 01.05.2026.pdf,29,16
Western,90589,1777701123504-DN PTT W.E.F.  01.05.2026.pdf,26,22
Western,90592,1777701192855-UP PTT W.E.F 01.05.2026.pdf,29,19
Western,90593,1777701123504-DN PTT W.E.F.  01.05.2026.pdf,26,19
Western,90594,1777701192855-UP PTT W.E.F 01.05.2026.pdf,29,13
Western,90595,1777701123504-DN PTT W.E.F.  01.05.2026.pdf,27,22
Western,90596,1777701192855-UP PTT W.E.F 01.05.2026.pdf,29,22
Western,90598,1777701192855-UP PTT W.E.F 01.05.2026.pdf,30,22
Western,90599,1777701123504-DN PTT W.E.F.  01.05.2026.pdf,27,27
Western,90600,1777701192855-UP PTT W.E.F 01.05.2026.pdf,30,16
Western,90601,1777701123504-DN PTT W.E.F.  01.05.2026.pdf,27,15
Western,90602,1777701192855-UP PTT W.E.F 01.05.2026.pdf,30,22
Western,90603,1777701123504-DN PTT W.E.F.  01.05.2026.pdf,27,22
Western,90606,1777701192855-UP PTT W.E.F 01.05.2026.pdf,30,22
Western,90607,1777701123504-DN PTT W.E.F.  01.05.2026.pdf,27,22
Western,90608,1777701192855-UP PTT W.E.F 01.05.2026.pdf,30,8
Western,90609,1777701123504-DN PTT W.E.F.  01.05.2026.pdf,27,22
Western,90610,1777701192855-UP PTT W.E.F 01.05.2026.pdf,30,19
Western,90611,1777701123504-DN PTT W.E.F.  01.05.2026.pdf,27,19
Western,90612,1777701192855-UP PTT W.E.F 01.05.2026.pdf,30,22
Western,90613,1777701123504-DN PTT W.E.F.  01.05.2026.pdf,27,22
Western,90614,1777701192855-UP PTT W.E.F 01.05.2026.pdf,30,16
Western,90615,1777701123504-DN PTT W.E.F.  01.05.2026.pdf,27,16
Western,90616,1777701192855-UP PTT W.E.F 01.05.2026.pdf,31,22
Western,90617,1777701123504-DN PTT W.E.F.  01.05.2026.pdf,27,9
Western,90618,1777701192855-UP PTT W.E.F 01.05.2026.pdf,31,19
Western,90619,1777701123504-DN PTT W.E.F.  01.05.2026.pdf,28,23
Western,90620,1777701192855-UP PTT W.E.F 01.05.2026.pdf,31,22
Western,90621,1777701123504-DN PTT W.E.F.  01.05.2026.pdf,28,22
Western,90622,1777701192855-UP PTT W.E.F 01.05.2026.pdf,31,22
Western,90623,1777701123504-DN PTT W.E.F.  01.05.2026.pdf,28,22
Western,90624,1777701192855-UP PTT W.E.F 01.05.2026.pdf,31,11
Western,90625,1777701123504-DN PTT W.E.F.  01.05.2026.pdf,28,19
Western,90626,1777701192855-UP PTT W.E.F 01.05.2026.pdf,31,22
Western,90627,1777701123504-DN PTT W.E.F.  01.05.2026.pdf,28,22
Western,90628,1777701192855-UP PTT W.E.F 01.05.2026.pdf,31,9
Western,90631,1777701123504-DN PTT W.E.F.  01.05.2026.pdf,28,16
Western,90634,1777701192855-UP PTT W.E.F 01.05.2026.pdf,31,6
Western,90635,1777701123504-DN PTT W.E.F.  01.05.2026.pdf,28,22
Western,90636,1777701192855-UP PTT W.E.F 01.05.2026.pdf,31,19
Western,90637,1777701123504-DN PTT W.E.F.  01.05.2026.pdf,28,12
Western,90638,1777701192855-UP PTT W.E.F 01.05.2026.pdf,31,22
Western,90640,1777701192855-UP PTT W.E.F 01.05.2026.pdf,32,22
Western,90641,1777701123504-DN PTT W.E.F.  01.05.2026.pdf,29,22
Western,90642,1777701192855-UP PTT W.E.F 01.05.2026.pdf,32,22
Western,90644,1777701192855-UP PTT W.E.F 01.05.2026.pdf,32,9
Western,90645,1777701123504-DN PTT W.E.F.  01.05.2026.pdf,29,14
Western,90646,1777701192855-UP PTT W.E.F 01.05.2026.pdf,32,22
Western,90647,1777701123504-DN PTT W.E.F.  01.05.2026.pdf,29,22
Western,90648,1777701192855-UP PTT W.E.F 01.05.2026.pdf,32,17
Western,90649,1777701123504-DN PTT W.E.F.  01.05.2026.pdf,29,22
Western,90650,1777701192855-UP PTT W.E.F 01.05.2026.pdf,32,22
Western,90651,1777701123504-DN PTT W.E.F.  01.05.2026.pdf,29,19
Western,90652,1777701192855-UP PTT W.E.F 01.05.2026.pdf,32,13
Western,90653,1777701123504-DN PTT W.E.F.  01.05.2026.pdf,29,15
Western,90654,1777701192855-UP PTT W.E.F 01.05.2026.pdf,32,6
Western,90655,1777701123504-DN PTT W.E.F.  01.05.2026.pdf,29,16
Western,90656,1777701192855-UP PTT W.E.F 01.05.2026.pdf,32,19
Western,90657,1777701123504-DN PTT W.E.F.  01.05.2026.pdf,29,22
Western,90658,1777701192855-UP PTT W.E.F 01.05.2026.pdf,32,14
Western,90659,1777701123504-DN PTT W.E.F.  01.05.2026.pdf,29,18
Western,90660,1777701192855-UP PTT W.E.F 01.05.2026.pdf,33,22
Western,90661,1777701123504-DN PTT W.E.F.  01.05.2026.pdf,29,22
Western,90662,1777701192855-UP PTT W.E.F 01.05.2026.pdf,33,22
Western,90663,1777701123504-DN PTT W.E.F.  01.05.2026.pdf,29,22
Western,90664,1777701192855-UP PTT W.E.F 01.05.2026.pdf,33,6
Western,90666,1777701192855-UP PTT W.E.F 01.05.2026.pdf,33,22
Western,90667,1777701123504-DN PTT W.E.F.  01.05.2026.pdf,30,7
Western,90669,1777701123504-DN PTT W.E.F.  01.05.2026.pdf,30,19
Western,90671,1777701123504-DN PTT W.E.F.  01.05.2026.pdf,30,22
Western,90672,1777701192855-UP PTT W.E.F 01.05.2026.pdf,33,27
Western,90673,1777701123504-DN PTT W.E.F.  01.05.2026.pdf,30,19
Western,90674,1777701192855-UP PTT W.E.F 01.05.2026.pdf,33,13
Western,90675,1777701123504-DN PTT W.E.F.  01.05.2026.pdf,30,15
Western,90676,1777701192855-UP PTT W.E.F 01.05.2026.pdf,33,22
Western,90677,1777701123504-DN PTT W.E.F.  01.05.2026.pdf,30,22
Western,90679,1777701123504-DN PTT W.E.F.  01.05.2026.pdf,30,16
Western,90680,1777701192855-UP PTT W.E.F 01.05.2026.pdf,33,19
Western,90681,1777701123504-DN PTT W.E.F.  01.05.2026.pdf,30,22
Western,90682,1777701192855-UP PTT W.E.F 01.05.2026.pdf,33,22
Western,90684,1777701192855-UP PTT W.E.F 01.05.2026.pdf,34,16
Western,90685,1777701123504-DN PTT W.E.F.  01.05.2026.pdf,31,29
Western,90686,1777701192855-UP PTT W.E.F 01.05.2026.pdf,34,22
Western,90687,1777701123504-DN PTT W.E.F.  01.05.2026.pdf,31,13
Western,90689,1777701123504-DN PTT W.E.F.  01.05.2026.pdf,31,17
Western,90690,1777701192855-UP PTT W.E.F 01.05.2026.pdf,34,6
Western,90691,1777701123504-DN PTT W.E.F.  01.05.2026.pdf,31,12
Western,90692,1777701192855-UP PTT W.E.F 01.05.2026.pdf,34,22
Western,90693,1777701123504-DN PTT W.E.F.  01.05.2026.pdf,31,13
Western,90694,1777701192855-UP PTT W.E.F 01.05.2026.pdf,34,19
Western,90695,1777701123504-DN PTT W.E.F.  01.05.2026.pdf,31,19
Western,90697,1777701123504-DN PTT W.E.F.  01.05.2026.pdf,31,22
Western,90699,1777701123504-DN PTT W.E.F.  01.05.2026.pdf,31,11
Western,90701,1777701123504-DN PTT W.E.F.  01.05.2026.pdf,31,8
Western,90702,1777701192855-UP PTT W.E.F 01.05.2026.pdf,34,22
Western,90703,1777701123504-DN PTT W.E.F.  01.05.2026.pdf,31,16
Western,90704,1777701192855-UP PTT W.E.F 01.05.2026.pdf,35,12
Western,90705,1777701123504-DN PTT W.E.F.  01.05.2026.pdf,31,22
Western,90707,1777701123504-DN PTT W.E.F.  01.05.2026.pdf,31,13
Western,90708,1777701192855-UP PTT W.E.F 01.05.2026.pdf,35,16
Western,90709,1777701123504-DN PTT W.E.F.  01.05.2026.pdf,32,19
Western,90710,1777701192855-UP PTT W.E.F 01.05.2026.pdf,35,10
Western,90711,1777701123504-DN PTT W.E.F.  01.05.2026.pdf,32,15
Western,90713,1777701123504-DN PTT W.E.F.  01.05.2026.pdf,32,22
Western,90714,1777701192855-UP PTT W.E.F 01.05.2026.pdf,35,22
Western,90715,1777701123504-DN PTT W.E.F.  01.05.2026.pdf,32,12
Western,90716,1777701192855-UP PTT W.E.F 01.05.2026.pdf,35,13
Western,90717,1777701123504-DN PTT W.E.F.  01.05.2026.pdf,32,13
Western,90718,1777701192855-UP PTT W.E.F 01.05.2026.pdf,35,22
Western,90719,1777701123504-DN PTT W.E.F.  01.05.2026.pdf,32,29
Western,90720,1777701192855-UP PTT W.E.F 01.05.2026.pdf,35,9
Western,90721,1777701123504-DN PTT W.E.F.  01.05.2026.pdf,32,16
Western,90725,1777701123504-DN PTT W.E.F.  01.05.2026.pdf,32,13
Western,90726,1777701192855-UP PTT W.E.F 01.05.2026.pdf,35,19
Western,90727,1777701123504-DN PTT W.E.F.  01.05.2026.pdf,32,18
Western,90728,1777701192855-UP PTT W.E.F 01.05.2026.pdf,35,22
Western,90729,1777701123504-DN PTT W.E.F.  01.05.2026.pdf,32,29
Western,90730,1777701192855-UP PTT W.E.F 01.05.2026.pdf,36,11
Western,90731,1777701123504-DN PTT W.E.F.  01.05.2026.pdf,33,22
Western,90732,1777701192855-UP PTT W.E.F 01.05.2026.pdf,36,7
Western,90734,1777701192855-UP PTT W.E.F 01.05.2026.pdf,36,13
Western,90735,1777701123504-DN PTT W.E.F.  01.05.2026.pdf,33,9
Western,90736,1777701192855-UP PTT W.E.F 01.05.2026.pdf,36,19
Western,90737,1777701123504-DN PTT W.E.F.  01.05.2026.pdf,33,29
Western,90738,1777701192855-UP PTT W.E.F 01.05.2026.pdf,36,22
Western,90739,1777701123504-DN PTT W.E.F.  01.05.2026.pdf,33,16
Western,90740,1777701192855-UP PTT W.E.F 01.05.2026.pdf,36,12
Western,90742,1777701192855-UP PTT W.E.F 01.05.2026.pdf,36,22
Western,90743,1777701123504-DN PTT W.E.F.  01.05.2026.pdf,33,22
Western,90745,1777701123504-DN PTT W.E.F.  01.05.2026.pdf,33,22
Western,90746,1777701192855-UP PTT W.E.F 01.05.2026.pdf,36,22
Western,90747,1777701123504-DN PTT W.E.F.  01.05.2026.pdf,33,19
Western,90748,1777701192855-UP PTT W.E.F 01.05.2026.pdf,36,11
Western,90750,1777701192855-UP PTT W.E.F 01.05.2026.pdf,36,13
Western,90751,1777701123504-DN PTT W.E.F.  01.05.2026.pdf,33,12
Western,90752,1777701192855-UP PTT W.E.F 01.05.2026.pdf,37,16
Western,90753,1777701123504-DN PTT W.E.F.  01.05.2026.pdf,33,9
Western,90754,1777701192855-UP PTT W.E.F 01.05.2026.pdf,37,22
Western,90755,1777701123504-DN PTT W.E.F.  01.05.2026.pdf,34,22
Western,90756,1777701192855-UP PTT W.E.F 01.05.2026.pdf,37,19
Western,90758,1777701192855-UP PTT W.E.F 01.05.2026.pdf,37,6
Western,90759,1777701123504-DN PTT W.E.F.  01.05.2026.pdf,34,22
Western,90760,1777701192855-UP PTT W.E.F 01.05.2026.pdf,37,22
Western,90761,1777701123504-DN PTT W.E.F.  01.05.2026.pdf,34,11
Western,90762,1777701192855-UP PTT W.E.F 01.05.2026.pdf,37,12
Western,90763,1777701123504-DN PTT W.E.F.  01.05.2026.pdf,34,22
Western,90764,1777701192855-UP PTT W.E.F 01.05.2026.pdf,37,22
Western,90765,1777701123504-DN PTT W.E.F.  01.05.2026.pdf,34,11
Western,90766,1777701192855-UP PTT W.E.F 01.05.2026.pdf,37,8
Western,90769,1777701123504-DN PTT W.E.F.  01.05.2026.pdf,34,12
Western,90770,1777701192855-UP PTT W.E.F 01.05.2026.pdf,37,22
Western,90771,1777701123504-DN PTT W.E.F.  01.05.2026.pdf,34,12
Western,90772,1777701192855-UP PTT W.E.F 01.05.2026.pdf,38,19
Western,90773,1777701123504-DN PTT W.E.F.  01.05.2026.pdf,34,11
Western,90774,1777701192855-UP PTT W.E.F 01.05.2026.pdf,38,22
Western,90775,1777701123504-DN PTT W.E.F.  01.05.2026.pdf,34,22
Western,90776,1777701192855-UP PTT W.E.F 01.05.2026.pdf,38,22
Western,90777,1777701123504-DN PTT W.E.F.  01.05.2026.pdf,34,29
Western,90778,1777701192855-UP PTT W.E.F 01.05.2026.pdf,38,10
Western,90779,1777701123504-DN PTT W.E.F.  01.05.2026.pdf,35,16
Western,90780,1777701192855-UP PTT W.E.F 01.05.2026.pdf,38,13
Western,90781,1777701123504-DN PTT W.E.F.  01.05.2026.pdf,35,19
Western,90782,1777701192855-UP PTT W.E.F 01.05.2026.pdf,38,22
Western,90783,1777701123504-DN PTT W.E.F.  01.05.2026.pdf,35,16
Western,90787,1777701123504-DN PTT W.E.F.  01.05.2026.pdf,35,22
Western,90788,1777701192855-UP PTT W.E.F 01.05.2026.pdf,39,22
Western,90789,1777701123504-DN PTT W.E.F.  01.05.2026.pdf,35,12
Western,90790,1777701192855-UP PTT W.E.F 01.05.2026.pdf,39,22
Western,90791,1777701123504-DN PTT W.E.F.  01.05.2026.pdf,35,16
Western,90792,1777701192855-UP PTT W.E.F 01.05.2026.pdf,39,13
Western,90793,1777701123504-DN PTT W.E.F.  01.05.2026.pdf,35,22
Western,90794,1777701192855-UP PTT W.E.F 01.05.2026.pdf,39,12
Western,90795,1777701123504-DN PTT W.E.F.  01.05.2026.pdf,35,9
Western,90796,1777701192855-UP PTT W.E.F 01.05.2026.pdf,39,22
Western,90799,1777701123504-DN PTT W.E.F.  01.05.2026.pdf,35,15
Western,90801,1777701123504-DN PTT W.E.F.  01.05.2026.pdf,35,19
Western,90803,1777701123504-DN PTT W.E.F.  01.05.2026.pdf,35,11
Western,90804,1777701192855-UP PTT W.E.F 01.05.2026.pdf,39,19
Western,90806,1777701192855-UP PTT W.E.F 01.05.2026.pdf,39,10
Western,90807,1777701123504-DN PTT W.E.F.  01.05.2026.pdf,36,8
Western,90808,1777701192855-UP PTT W.E.F 01.05.2026.pdf,39,22
Western,90809,1777701123504-DN PTT W.E.F.  01.05.2026.pdf,36,22
Western,90810,1777701192855-UP PTT W.E.F 01.05.2026.pdf,39,22
Western,90812,1777701192855-UP PTT W.E.F 01.05.2026.pdf,40,11
Western,90813,1777701123504-DN PTT W.E.F.  01.05.2026.pdf,36,22
Western,90814,1777701192855-UP PTT W.E.F 01.05.2026.pdf,40,22
Western,90816,1777701192855-UP PTT W.E.F 01.05.2026.pdf,40,16
Western,90817,1777701123504-DN PTT W.E.F.  01.05.2026.pdf,36,12
Western,90818,1777701192855-UP PTT W.E.F 01.05.2026.pdf,40,6
Western,90819,1777701123504-DN PTT W.E.F.  01.05.2026.pdf,36,16
Western,90820,1777701192855-UP PTT W.E.F 01.05.2026.pdf,40,6
Western,90821,1777701123504-DN PTT W.E.F.  01.05.2026.pdf,36,19
Western,90822,1777701192855-UP PTT W.E.F 01.05.2026.pdf,40,22
Western,90823,1777701123504-DN PTT W.E.F.  01.05.2026.pdf,36,22
Western,90825,1777701123504-DN PTT W.E.F.  01.05.2026.pdf,36,11
Western,90826,1777701192855-UP PTT W.E.F 01.05.2026.pdf,40,22
Western,90827,1777701123504-DN PTT W.E.F.  01.05.2026.pdf,36,19
Western,90828,1777701192855-UP PTT W.E.F 01.05.2026.pdf,40,16
Western,90829,1777701123504-DN PTT W.E.F.  01.05.2026.pdf,36,16
Western,90830,1777701192855-UP PTT W.E.F 01.05.2026.pdf,41,22
Western,90831,1777701123504-DN PTT W.E.F.  01.05.2026.pdf,37,18
Western,90832,1777701192855-UP PTT W.E.F 01.05.2026.pdf,41,13
Western,90833,1777701123504-DN PTT W.E.F.  01.05.2026.pdf,37,22
Western,90834,1777701192855-UP PTT W.E.F 01.05.2026.pdf,41,19
Western,90835,1777701123504-DN PTT W.E.F.  01.05.2026.pdf,37,19
Western,90836,1777701192855-UP PTT W.E.F 01.05.2026.pdf,41,22
Western,90837,1777701123504-DN PTT W.E.F.  01.05.2026.pdf,37,16
Western,90838,1777701192855-UP PTT W.E.F 01.05.2026.pdf,41,22
Western,90839,1777701123504-DN PTT W.E.F.  01.05.2026.pdf,37,22
Western,90840,1777701192855-UP PTT W.E.F 01.05.2026.pdf,41,16
Western,90841,1777701123504-DN PTT W.E.F.  01.05.2026.pdf,37,22
Western,90842,1777701192855-UP PTT W.E.F 01.05.2026.pdf,41,22
Western,90843,1777701123504-DN PTT W.E.F.  01.05.2026.pdf,37,9
Western,90844,1777701192855-UP PTT W.E.F 01.05.2026.pdf,41,12
Western,90845,1777701123504-DN PTT W.E.F.  01.05.2026.pdf,37,19
Western,90846,1777701192855-UP PTT W.E.F 01.05.2026.pdf,41,22
Western,90848,1777701192855-UP PTT W.E.F 01.05.2026.pdf,41,22
Western,90849,1777701123504-DN PTT W.E.F.  01.05.2026.pdf,37,22
Western,90850,1777701192855-UP PTT W.E.F 01.05.2026.pdf,41,19
Western,90852,1777701192855-UP PTT W.E.F 01.05.2026.pdf,41,11
Western,90853,1777701123504-DN PTT W.E.F.  01.05.2026.pdf,38,6
Western,90855,1777701123504-DN PTT W.E.F.  01.05.2026.pdf,38,12
Western,90856,1777701192855-UP PTT W.E.F 01.05.2026.pdf,42,22
Western,90858,1777701192855-UP PTT W.E.F 01.05.2026.pdf,42,8
Western,90859,1777701123504-DN PTT W.E.F.  01.05.2026.pdf,38,13
Western,90860,1777701192855-UP PTT W.E.F 01.05.2026.pdf,42,13
Western,90861,1777701123504-DN PTT W.E.F.  01.05.2026.pdf,38,19
Western,90862,1777701192855-UP PTT W.E.F 01.05.2026.pdf,42,16
Western,90863,1777701123504-DN PTT W.E.F.  01.05.2026.pdf,38,22
Western,90864,1777701192855-UP PTT W.E.F 01.05.2026.pdf,42,19
Western,90865,1777701123504-DN PTT W.E.F.  01.05.2026.pdf,38,9
Western,90866,1777701192855-UP PTT W.E.F 01.05.2026.pdf,42,22
Western,90867,1777701123504-DN PTT W.E.F.  01.05.2026.pdf,38,14
Western,90868,1777701192855-UP PTT W.E.F 01.05.2026.pdf,42,5
Western,90869,1777701123504-DN PTT W.E.F.  01.05.2026.pdf,38,13
Western,90871,1777701123504-DN PTT W.E.F.  01.05.2026.pdf,38,22
Western,90872,1777701192855-UP PTT W.E.F 01.05.2026.pdf,42,11
Western,90873,1777701123504-DN PTT W.E.F.  01.05.2026.pdf,38,8
Western,90874,1777701192855-UP PTT W.E.F 01.05.2026.pdf,42,22
Western,90875,1777701123504-DN PTT W.E.F.  01.05.2026.pdf,39,12
Western,90877,1777701123504-DN PTT W.E.F.  01.05.2026.pdf,39,16
Western,90878,1777701192855-UP PTT W.E.F 01.05.2026.pdf,43,22
Western,90879,1777701123504-DN PTT W.E.F.  01.05.2026.pdf,39,11
Western,90880,1777701192855-UP PTT W.E.F 01.05.2026.pdf,43,19
Western,90881,1777701123504-DN PTT W.E.F.  01.05.2026.pdf,39,19
Western,90882,1777701192855-UP PTT W.E.F 01.05.2026.pdf,43,12
Western,90885,1777701123504-DN PTT W.E.F.  01.05.2026.pdf,39,22
Western,90886,1777701192855-UP PTT W.E.F 01.05.2026.pdf,43,22
Western,90887,1777701123504-DN PTT W.E.F.  01.05.2026.pdf,39,9
Western,90889,1777701123504-DN PTT W.E.F.  01.05.2026.pdf,39,22
Western,90891,1777701123504-DN PTT W.E.F.  01.05.2026.pdf,39,22
Western,90892,1777701192855-UP PTT W.E.F 01.05.2026.pdf,43,16
Western,90893,1777701123504-DN PTT W.E.F.  01.05.2026.pdf,39,16
Western,90894,1777701192855-UP PTT W.E.F 01.05.2026.pdf,43,19
Western,90895,1777701123504-DN PTT W.E.F.  01.05.2026.pdf,39,9
Western,90896,1777701192855-UP PTT W.E.F 01.05.2026.pdf,43,13
Western,90897,1777701123504-DN PTT W.E.F.  01.05.2026.pdf,39,29
Western,90898,1777701192855-UP PTT W.E.F 01.05.2026.pdf,43,22
Western,90899,1777701123504-DN PTT W.E.F.  01.05.2026.pdf,39,12
Western,90900,1777701192855-UP PTT W.E.F 01.05.2026.pdf,44,22
Western,90901,1777701123504-DN PTT W.E.F.  01.05.2026.pdf,40,22
Western,90902,1777701192855-UP PTT W.E.F 01.05.2026.pdf,44,19
Western,90903,1777701123504-DN PTT W.E.F.  01.05.2026.pdf,40,16
Western,90904,1777701192855-UP PTT W.E.F 01.05.2026.pdf,44,22
Western,90905,1777701123504-DN PTT W.E.F.  01.05.2026.pdf,40,8
Western,90907,1777701123504-DN PTT W.E.F.  01.05.2026.pdf,40,22
Western,90908,1777701192855-UP PTT W.E.F 01.05.2026.pdf,44,22
Western,90909,1777701123504-DN PTT W.E.F.  01.05.2026.pdf,40,19
Western,90910,1777701192855-UP PTT W.E.F 01.05.2026.pdf,44,16
Western,90911,1777701123504-DN PTT W.E.F.  01.05.2026.pdf,40,5
Western,90912,1777701192855-UP PTT W.E.F 01.05.2026.pdf,44,22
Western,90913,1777701123504-DN PTT W.E.F.  01.05.2026.pdf,40,29
Western,90915,1777701123504-DN PTT W.E.F.  01.05.2026.pdf,40,11
Western,90916,1777701192855-UP PTT W.E.F 01.05.2026.pdf,44,22
Western,90917,1777701123504-DN PTT W.E.F.  01.05.2026.pdf,40,22
Western,90918,1777701192855-UP PTT W.E.F 01.05.2026.pdf,44,19
Western,90919,1777701123504-DN PTT W.E.F.  01.05.2026.pdf,40,13
Western,90921,1777701123504-DN PTT W.E.F.  01.05.2026.pdf,40,22
Western,90922,1777701192855-UP PTT W.E.F 01.05.2026.pdf,44,22
Western,90923,1777701123504-DN PTT W.E.F.  01.05.2026.pdf,40,16
Western,90924,1777701192855-UP PTT W.E.F 01.05.2026.pdf,45,16
Western,90925,1777701123504-DN PTT W.E.F.  01.05.2026.pdf,41,22
Western,90926,1777701192855-UP PTT W.E.F 01.05.2026.pdf,45,9
Western,90927,1777701123504-DN PTT W.E.F.  01.05.2026.pdf,41,16
Western,90928,1777701192855-UP PTT W.E.F 01.05.2026.pdf,45,22
Western,90930,1777701192855-UP PTT W.E.F 01.05.2026.pdf,45,22
Western,90931,1777701123504-DN PTT W.E.F.  01.05.2026.pdf,41,22
Western,90932,1777701192855-UP PTT W.E.F 01.05.2026.pdf,45,22
Western,90933,1777701123504-DN PTT W.E.F.  01.05.2026.pdf,41,16
Western,90934,1777701192855-UP PTT W.E.F 01.05.2026.pdf,45,16
Western,90935,1777701123504-DN PTT W.E.F.  01.05.2026.pdf,41,12
Western,90936,1777701192855-UP PTT W.E.F 01.05.2026.pdf,45,22
Western,90937,1777701123504-DN PTT W.E.F.  01.05.2026.pdf,41,8
Western,90938,1777701192855-UP PTT W.E.F 01.05.2026.pdf,45,16
Western,90939,1777701123504-DN PTT W.E.F.  01.05.2026.pdf,41,22
Western,90940,1777701192855-UP PTT W.E.F 01.05.2026.pdf,46,22
Western,90942,1777701192855-UP PTT W.E.F 01.05.2026.pdf,46,22
Western,90943,1777701123504-DN PTT W.E.F.  01.05.2026.pdf,41,22
Western,90944,1777701192855-UP PTT W.E.F 01.05.2026.pdf,46,16
Western,90945,1777701123504-DN PTT W.E.F.  01.05.2026.pdf,41,16
Western,90946,1777701192855-UP PTT W.E.F 01.05.2026.pdf,46,19
Western,90947,1777701123504-DN PTT W.E.F.  01.05.2026.pdf,41,22
Western,90948,1777701192855-UP PTT W.E.F 01.05.2026.pdf,46,22
Western,90949,1777701123504-DN PTT W.E.F.  01.05.2026.pdf,41,22
Western,90950,1777701192855-UP PTT W.E.F 01.05.2026.pdf,46,16
Western,90951,1777701123504-DN PTT W.E.F.  01.05.2026.pdf,42,11
Western,90952,1777701192855-UP PTT W.E.F 01.05.2026.pdf,46,22
Western,90953,1777701123504-DN PTT W.E.F.  01.05.2026.pdf,42,22
Western,90955,1777701123504-DN PTT W.E.F.  01.05.2026.pdf,42,12
Western,90956,1777701192855-UP PTT W.E.F 01.05.2026.pdf,46,22
Western,90957,1777701123504-DN PTT W.E.F.  01.05.2026.pdf,42,4
Western,90958,1777701192855-UP PTT W.E.F 01.05.2026.pdf,46,22
Western,90959,1777701123504-DN PTT W.E.F.  01.05.2026.pdf,42,16
Western,90960,1777701192855-UP PTT W.E.F 01.05.2026.pdf,47,14
Western,90961,1777701123504-DN PTT W.E.F.  01.05.2026.pdf,42,18
Western,90962,1777701192855-UP PTT W.E.F 01.05.2026.pdf,47,16
Western,90963,1777701123504-DN PTT W.E.F.  01.05.2026.pdf,42,15
Western,90964,1777701192855-UP PTT W.E.F 01.05.2026.pdf,47,22
Western,90965,1777701123504-DN PTT W.E.F.  01.05.2026.pdf,42,22
Western,90966,1777701192855-UP PTT W.E.F 01.05.2026.pdf,47,8
Western,90967,1777701123504-DN PTT W.E.F.  01.05.2026.pdf,42,22
Western,90968,1777701192855-UP PTT W.E.F 01.05.2026.pdf,47,16
Western,90969,1777701123504-DN PTT W.E.F.  01.05.2026.pdf,42,12
Western,90970,1777701192855-UP PTT W.E.F 01.05.2026.pdf,47,12
Western,90971,1777701123504-DN PTT W.E.F.  01.05.2026.pdf,42,13
Western,90972,1777701192855-UP PTT W.E.F 01.05.2026.pdf,47,22
Western,90973,1777701123504-DN PTT W.E.F.  01.05.2026.pdf,42,16
Western,90974,1777701192855-UP PTT W.E.F 01.05.2026.pdf,47,22
Western,90976,1777701192855-UP PTT W.E.F 01.05.2026.pdf,47,16
Western,90977,1777701123504-DN PTT W.E.F.  01.05.2026.pdf,43,22
Western,90978,1777701192855-UP PTT W.E.F 01.05.2026.pdf,47,22
Western,90979,1777701123504-DN PTT W.E.F.  01.05.2026.pdf,43,13
Western,90981,1777701123504-DN PTT W.E.F.  01.05.2026.pdf,43,25
Western,90982,1777701192855-UP PTT W.E.F 01.05.2026.pdf,48,22
Western,90983,1777701123504-DN PTT W.E.F.  01.05.2026.pdf,43,16
Western,90984,1777701192855-UP PTT W.E.F 01.05.2026.pdf,48,16
Western,90985,1777701123504-DN PTT W.E.F.  01.05.2026.pdf,43,13
Western,90987,1777701123504-DN PTT W.E.F.  01.05.2026.pdf,43,22
Western,90989,1777701123504-DN PTT W.E.F.  01.05.2026.pdf,43,13
Western,90990,1777701192855-UP PTT W.E.F 01.05.2026.pdf,48,22
Western,90991,1777701123504-DN PTT W.E.F.  01.05.2026.pdf,43,25
Western,90992,1777701192855-UP PTT W.E.F 01.05.2026.pdf,48,16
Western,90993,1777701123504-DN PTT W.E.F.  01.05.2026.pdf,43,22
Western,90995,1777701123504-DN PTT W.E.F.  01.05.2026.pdf,43,16
Western,90996,1777701192855-UP PTT W.E.F 01.05.2026.pdf,48,9
Western,90997,1777701123504-DN PTT W.E.F.  01.05.2026.pdf,43,12
Western,90998,1777701192855-UP PTT W.E.F 01.05.2026.pdf,48,22
Western,90999,1777701123504-DN PTT W.E.F.  01.05.2026.pdf,43,22
Western,91000,1777701192855-UP PTT W.E.F 01.05.2026.pdf,49,16
Western,91001,1777701123504-DN PTT W.E.F.  01.05.2026.pdf,43,22
Western,91002,1777701192855-UP PTT W.E.F 01.05.2026.pdf,49,8
Western,91003,1777701123504-DN PTT W.E.F.  01.05.2026.pdf,44,12
Western,91004,1777701192855-UP PTT W.E.F 01.05.2026.pdf,49,22
Western,91006,1777701192855-UP PTT W.E.F 01.05.2026.pdf,49,16
Western,91007,1777701123504-DN PTT W.E.F.  01.05.2026.pdf,44,25
Western,91008,1777701192855-UP PTT W.E.F 01.05.2026.pdf,49,22
Western,91009,1777701123504-DN PTT W.E.F.  01.05.2026.pdf,44,16
Western,91010,1777701192855-UP PTT W.E.F 01.05.2026.pdf,49,8
Western,91011,1777701123504-DN PTT W.E.F.  01.05.2026.pdf,44,22
Western,91012,1777701192855-UP PTT W.E.F 01.05.2026.pdf,49,29
Western,91014,1777701192855-UP PTT W.E.F 01.05.2026.pdf,49,22
Western,91015,1777701123504-DN PTT W.E.F.  01.05.2026.pdf,44,25
Western,91016,1777701192855-UP PTT W.E.F 01.05.2026.pdf,49,14
Western,91017,1777701123504-DN PTT W.E.F.  01.05.2026.pdf,44,20
Western,91018,1777701192855-UP PTT W.E.F 01.05.2026.pdf,49,29
Western,91019,1777701123504-DN PTT W.E.F.  01.05.2026.pdf,44,25
Western,91020,1777701192855-UP PTT W.E.F 01.05.2026.pdf,49,22
Western,91021,1777701123504-DN PTT W.E.F.  01.05.2026.pdf,44,12
Western,91022,1777701192855-UP PTT W.E.F 01.05.2026.pdf,50,8
Western,91023,1777701123504-DN PTT W.E.F.  01.05.2026.pdf,44,25
Western,91024,1777701192855-UP PTT W.E.F 01.05.2026.pdf,50,29
Western,91025,1777701123504-DN PTT W.E.F.  01.05.2026.pdf,44,20
Western,91027,1777701123504-DN PTT W.E.F.  01.05.2026.pdf,44,28
Western,91029,1777701123504-DN PTT W.E.F.  01.05.2026.pdf,44,19
Western,91031,1777701123504-DN PTT W.E.F.  01.05.2026.pdf,44,22
Western,91033,1777701123504-DN PTT W.E.F.  01.05.2026.pdf,45,29
Western,91035,1777701123504-DN PTT W.E.F.  01.05.2026.pdf,45,10
Western,91039,1777701123504-DN PTT W.E.F.  01.05.2026.pdf,45,16
Western,91041,1777701123504-DN PTT W.E.F.  01.05.2026.pdf,45,22
Western,91043,1777701123504-DN PTT W.E.F.  01.05.2026.pdf,45,29
Western,91045,1777701123504-DN PTT W.E.F.  01.05.2026.pdf,45,25
Western,91047,1777701123504-DN PTT W.E.F.  01.05.2026.pdf,45,12
Western,91049,1777701123504-DN PTT W.E.F.  01.05.2026.pdf,45,22
Western,91051,1777701123504-DN PTT W.E.F.  01.05.2026.pdf,45,25
Western,91053,1777701123504-DN PTT W.E.F.  01.05.2026.pdf,45,29
Western,91055,1777701123504-DN PTT W.E.F.  01.05.2026.pdf,45,22
Western,92001,1777701123504-DN PTT W.E.F.  01.05.2026.pdf,1,8
Western,92002,1777701192855-UP PTT W.E.F 01.05.2026.pdf,2,7
Western,92003,1777701123504-DN PTT W.E.F.  01.05.2026.pdf,1,14
Western,92004,1777701192855-UP PTT W.E.F 01.05.2026.pdf,3,13
Western,92005,1777701123504-DN PTT W.E.F.  01.05.2026.pdf,1,14
Western,92006,1777701192855-UP PTT W.E.F 01.05.2026.pdf,3,13
Western,92007,1777701123504-DN PTT W.E.F.  01.05.2026.pdf,2,5
Western,92008,1777701192855-UP PTT W.E.F 01.05.2026.pdf,3,9
Western,92009,1777701123504-DN PTT W.E.F.  01.05.2026.pdf,2,11
Western,92010,1777701192855-UP PTT W.E.F 01.05.2026.pdf,4,13
Western,92011,1777701123504-DN PTT W.E.F.  01.05.2026.pdf,3,8
Western,92012,1777701192855-UP PTT W.E.F 01.05.2026.pdf,4,13
Western,92013,1777701123504-DN PTT W.E.F.  01.05.2026.pdf,3,14
Western,92014,1777701192855-UP PTT W.E.F 01.05.2026.pdf,4,8
Western,92015,1777701123504-DN PTT W.E.F.  01.05.2026.pdf,3,8
Western,92016,1777701192855-UP PTT W.E.F 01.05.2026.pdf,5,8
Western,92017,1777701123504-DN PTT W.E.F.  01.05.2026.pdf,4,2
Western,92018,1777701192855-UP PTT W.E.F 01.05.2026.pdf,6,6
Western,92019,1777701123504-DN PTT W.E.F.  01.05.2026.pdf,4,10
Western,92020,1777701192855-UP PTT W.E.F 01.05.2026.pdf,6,8
Western,92021,1777701123504-DN PTT W.E.F.  01.05.2026.pdf,5,9
Western,92022,1777701192855-UP PTT W.E.F 01.05.2026.pdf,7,13
Western,92023,1777701123504-DN PTT W.E.F.  01.05.2026.pdf,5,5
Western,92024,1777701192855-UP PTT W.E.F 01.05.2026.pdf,7,13
Western,92025,1777701123504-DN PTT W.E.F.  01.05.2026.pdf,5,14
Western,92026,1777701192855-UP PTT W.E.F 01.05.2026.pdf,8,8
Western,92027,1777701123504-DN PTT W.E.F.  01.05.2026.pdf,5,9
Western,92028,1777701192855-UP PTT W.E.F 01.05.2026.pdf,9,14
Western,92029,1777701123504-DN PTT W.E.F.  01.05.2026.pdf,6,13
Western,92030,1777701192855-UP PTT W.E.F 01.05.2026.pdf,9,6
Western,92031,1777701123504-DN PTT W.E.F.  01.05.2026.pdf,6,8
Western,92032,1777701192855-UP PTT W.E.F 01.05.2026.pdf,9,8
Western,92033,1777701123504-DN PTT W.E.F.  01.05.2026.pdf,6,14
Western,92034,1777701192855-UP PTT W.E.F 01.05.2026.pdf,9,7
Western,92035,1777701123504-DN PTT W.E.F.  01.05.2026.pdf,7,8
Western,92036,1777701192855-UP PTT W.E.F 01.05.2026.pdf,10,8
Western,92037,1777701123504-DN PTT W.E.F.  01.05.2026.pdf,7,14
Western,92038,1777701192855-UP PTT W.E.F 01.05.2026.pdf,10,6
Western,92039,1777701123504-DN PTT W.E.F.  01.05.2026.pdf,8,2
Western,92040,1777701192855-UP PTT W.E.F 01.05.2026.pdf,10,8
Western,92041,1777701123504-DN PTT W.E.F.  01.05.2026.pdf,8,6
Western,92042,1777701192855-UP PTT W.E.F 01.05.2026.pdf,11,12
Western,92043,1777701123504-DN PTT W.E.F.  01.05.2026.pdf,8,9
Western,92044,1777701192855-UP PTT W.E.F 01.05.2026.pdf,12,14
Western,92045,1777701123504-DN PTT W.E.F.  01.05.2026.pdf,9,4
Western,92046,1777701192855-UP PTT W.E.F 01.05.2026.pdf,12,10
Western,92047,1777701123504-DN PTT W.E.F.  01.05.2026.pdf,9,13
Western,92048,1777701192855-UP PTT W.E.F 01.05.2026.pdf,12,8
Western,92049,1777701123504-DN PTT W.E.F.  01.05.2026.pdf,9,7
Western,92050,1777701192855-UP PTT W.E.F 01.05.2026.pdf,12,10
Western,92051,1777701123504-DN PTT W.E.F.  01.05.2026.pdf,9,9
Western,92052,1777701192855-UP PTT W.E.F 01.05.2026.pdf,13,8
Western,92053,1777701123504-DN PTT W.E.F.  01.05.2026.pdf,10,14
Western,92054,1777701192855-UP PTT W.E.F 01.05.2026.pdf,14,12
Western,92055,1777701123504-DN PTT W.E.F.  01.05.2026.pdf,10,8
Western,92056,1777701192855-UP PTT W.E.F 01.05.2026.pdf,14,10
Western,92057,1777701123504-DN PTT W.E.F.  01.05.2026.pdf,10,14
Western,92058,1777701192855-UP PTT W.E.F 01.05.2026.pdf,14,9
Western,92059,1777701123504-DN PTT W.E.F.  01.05.2026.pdf,12,2
Western,92060,1777701192855-UP PTT W.E.F 01.05.2026.pdf,15,7
Western,92061,1777701123504-DN PTT W.E.F.  01.05.2026.pdf,12,8
Western,92062,1777701192855-UP PTT W.E.F 01.05.2026.pdf,15,8
Western,92063,1777701123504-DN PTT W.E.F.  01.05.2026.pdf,12,6
Western,92064,1777701192855-UP PTT W.E.F 01.05.2026.pdf,15,8
Western,92065,1777701123504-DN PTT W.E.F.  01.05.2026.pdf,12,13
Western,92066,1777701192855-UP PTT W.E.F 01.05.2026.pdf,16,9
Western,92067,1777701123504-DN PTT W.E.F.  01.05.2026.pdf,12,14
Western,92068,1777701192855-UP PTT W.E.F 01.05.2026.pdf,16,8
Western,92069,1777701123504-DN PTT W.E.F.  01.05.2026.pdf,13,11
Western,92070,1777701192855-UP PTT W.E.F 01.05.2026.pdf,17,9
Western,92071,1777701123504-DN PTT W.E.F.  01.05.2026.pdf,13,8
Western,92072,1777701192855-UP PTT W.E.F 01.05.2026.pdf,17,9
Western,92073,1777701123504-DN PTT W.E.F.  01.05.2026.pdf,14,11
Western,92074,1777701192855-UP PTT W.E.F 01.05.2026.pdf,17,14
Western,92075,1777701123504-DN PTT W.E.F.  01.05.2026.pdf,14,9
Western,92076,1777701192855-UP PTT W.E.F 01.05.2026.pdf,18,8
Western,92077,1777701123504-DN PTT W.E.F.  01.05.2026.pdf,14,8
Western,92078,1777701192855-UP PTT W.E.F 01.05.2026.pdf,19,13
Western,92079,1777701123504-DN PTT W.E.F.  01.05.2026.pdf,15,6
Western,92080,1777701192855-UP PTT W.E.F 01.05.2026.pdf,19,6
Western,92081,1777701123504-DN PTT W.E.F.  01.05.2026.pdf,15,14
Western,92082,1777701192855-UP PTT W.E.F 01.05.2026.pdf,19,12
Western,92083,1777701123504-DN PTT W.E.F.  01.05.2026.pdf,16,11
Western,92084,1777701192855-UP PTT W.E.F 01.05.2026.pdf,20,8
Western,92085,1777701123504-DN PTT W.E.F.  01.05.2026.pdf,16,8
Western,92086,1777701192855-UP PTT W.E.F 01.05.2026.pdf,20,13
Western,92087,1777701123504-DN PTT W.E.F.  01.05.2026.pdf,17,8
Western,92088,1777701192855-UP PTT W.E.F 01.05.2026.pdf,20,14
Western,92089,1777701123504-DN PTT W.E.F.  01.05.2026.pdf,18,13
Western,92090,1777701192855-UP PTT W.E.F 01.05.2026.pdf,21,15
Western,92091,1777701123504-DN PTT W.E.F.  01.05.2026.pdf,18,12
Western,92092,1777701192855-UP PTT W.E.F 01.05.2026.pdf,21,13
Western,92093,1777701123504-DN PTT W.E.F.  01.05.2026.pdf,18,13
Western,92094,1777701192855-UP PTT W.E.F 01.05.2026.pdf,22,8
Western,92095,1777701123504-DN PTT W.E.F.  01.05.2026.pdf,19,6
Western,92096,1777701192855-UP PTT W.E.F 01.05.2026.pdf,22,14
Western,92097,1777701123504-DN PTT W.E.F.  01.05.2026.pdf,19,14
Western,92098,1777701192855-UP PTT W.E.F 01.05.2026.pdf,23,8
Western,92099,1777701123504-DN PTT W.E.F.  01.05.2026.pdf,19,13
Western,92100,1777701192855-UP PTT W.E.F 01.05.2026.pdf,23,11
Western,92101,1777701123504-DN PTT W.E.F.  01.05.2026.pdf,20,8
Western,92102,1777701192855-UP PTT W.E.F 01.05.2026.pdf,23,11
Western,92103,1777701123504-DN PTT W.E.F.  01.05.2026.pdf,20,14
Western,92104,1777701192855-UP PTT W.E.F 01.05.2026.pdf,25,14
Western,92105,1777701123504-DN PTT W.E.F.  01.05.2026.pdf,21,13
Western,92106,1777701192855-UP PTT W.E.F 01.05.2026.pdf,25,11
Western,92107,1777701123504-DN PTT W.E.F.  01.05.2026.pdf,21,9
Western,92108,1777701192855-UP PTT W.E.F 01.05.2026.pdf,25,11
Western,92109,1777701123504-DN PTT W.E.F.  01.05.2026.pdf,21,11
Western,92110,1777701192855-UP PTT W.E.F 01.05.2026.pdf,25,5
Western,92111,1777701123504-DN PTT W.E.F.  01.05.2026.pdf,22,8
Western,92112,1777701192855-UP PTT W.E.F 01.05.2026.pdf,26,9
Western,92113,1777701123504-DN PTT W.E.F.  01.05.2026.pdf,22,5
Western,92114,1777701192855-UP PTT W.E.F 01.05.2026.pdf,26,13
Western,92115,1777701123504-DN PTT W.E.F.  01.05.2026.pdf,22,14
Western,92116,1777701192855-UP PTT W.E.F 01.05.2026.pdf,27,26
Western,92117,1777701123504-DN PTT W.E.F.  01.05.2026.pdf,23,7
Western,92118,1777701192855-UP PTT W.E.F 01.05.2026.pdf,27,9
Western,92119,1777701123504-DN PTT W.E.F.  01.05.2026.pdf,23,11
Western,92120,1777701192855-UP PTT W.E.F 01.05.2026.pdf,27,11
Western,92121,1777701123504-DN PTT W.E.F.  01.05.2026.pdf,24,12
Western,92122,1777701192855-UP PTT W.E.F 01.05.2026.pdf,28,11
Western,92123,1777701123504-DN PTT W.E.F.  01.05.2026.pdf,24,9
Western,92124,1777701192855-UP PTT W.E.F 01.05.2026.pdf,28,13
Western,92125,1777701123504-DN PTT W.E.F.  01.05.2026.pdf,24,7
Western,92126,1777701192855-UP PTT W.E.F 01.05.2026.pdf,29,9
Western,92127,1777701123504-DN PTT W.E.F.  01.05.2026.pdf,24,4
Western,92128,1777701192855-UP PTT W.E.F 01.05.2026.pdf,29,4
Western,92129,1777701123504-DN PTT W.E.F.  01.05.2026.pdf,26,11
Western,92130,1777701192855-UP PTT W.E.F 01.05.2026.pdf,29,14
Western,92131,1777701123504-DN PTT W.E.F.  01.05.2026.pdf,26,13
Western,92132,1777701192855-UP PTT W.E.F 01.05.2026.pdf,30,12
Western,92133,1777701123504-DN PTT W.E.F.  01.05.2026.pdf,26,14
Western,92134,1777701192855-UP PTT W.E.F 01.05.2026.pdf,30,14
Western,92135,1777701123504-DN PTT W.E.F.  01.05.2026.pdf,27,11
Western,92136,1777701192855-UP PTT W.E.F 01.05.2026.pdf,31,11
Western,92137,1777701123504-DN PTT W.E.F.  01.05.2026.pdf,27,14
Western,92138,1777701192855-UP PTT W.E.F 01.05.2026.pdf,32,12
Western,92139,1777701123504-DN PTT W.E.F.  01.05.2026.pdf,28,13
Western,92140,1777701192855-UP PTT W.E.F 01.05.2026.pdf,32,9
Western,92141,1777701123504-DN PTT W.E.F.  01.05.2026.pdf,28,14
Western,92142,1777701192855-UP PTT W.E.F 01.05.2026.pdf,32,11
Western,92143,1777701123504-DN PTT W.E.F.  01.05.2026.pdf,28,13
Western,92144,1777701192855-UP PTT W.E.F 01.05.2026.pdf,33,7
Western,92145,1777701123504-DN PTT W.E.F.  01.05.2026.pdf,28,9
Western,92146,1777701192855-UP PTT W.E.F 01.05.2026.pdf,34,14
Western,92147,1777701123504-DN PTT W.E.F.  01.05.2026.pdf,28,7
Western,92148,1777701192855-UP PTT W.E.F 01.05.2026.pdf,34,8
Western,92149,1777701123504-DN PTT W.E.F.  01.05.2026.pdf,28,8
Western,92150,1777701192855-UP PTT W.E.F 01.05.2026.pdf,35,9
Western,92151,1777701123504-DN PTT W.E.F.  01.05.2026.pdf,29,6
Western,92152,1777701192855-UP PTT W.E.F 01.05.2026.pdf,35,14
Western,92153,1777701123504-DN PTT W.E.F.  01.05.2026.pdf,30,11
Western,92154,1777701192855-UP PTT W.E.F 01.05.2026.pdf,36,9
Western,92155,1777701123504-DN PTT W.E.F.  01.05.2026.pdf,30,14
Western,92156,1777701192855-UP PTT W.E.F 01.05.2026.pdf,36,8
Western,92157,1777701123504-DN PTT W.E.F.  01.05.2026.pdf,30,8
Western,92158,1777701192855-UP PTT W.E.F 01.05.2026.pdf,37,13
Western,92159,1777701123504-DN PTT W.E.F.  01.05.2026.pdf,31,14
Western,92160,1777701192855-UP PTT W.E.F 01.05.2026.pdf,37,13
Western,92161,1777701123504-DN PTT W.E.F.  01.05.2026.pdf,31,9
Western,92162,1777701192855-UP PTT W.E.F 01.05.2026.pdf,37,9
Western,92163,1777701123504-DN PTT W.E.F.  01.05.2026.pdf,32,6
Western,92164,1777701192855-UP PTT W.E.F 01.05.2026.pdf,38,11
Western,92165,1777701123504-DN PTT W.E.F.  01.05.2026.pdf,32,5
Western,92166,1777701192855-UP PTT W.E.F 01.05.2026.pdf,38,14
Western,92167,1777701123504-DN PTT W.E.F.  01.05.2026.pdf,33,14
Western,92168,1777701192855-UP PTT W.E.F 01.05.2026.pdf,38,8
Western,92169,1777701123504-DN PTT W.E.F.  01.05.2026.pdf,33,9
Western,92170,1777701192855-UP PTT W.E.F 01.05.2026.pdf,38,7
Western,92171,1777701123504-DN PTT W.E.F.  01.05.2026.pdf,33,14
Western,92172,1777701192855-UP PTT W.E.F 01.05.2026.pdf,40,8
Western,92173,1777701123504-DN PTT W.E.F.  01.05.2026.pdf,34,7
Western,92174,1777701192855-UP PTT W.E.F 01.05.2026.pdf,40,9
Western,92175,1777701123504-DN PTT W.E.F.  01.05.2026.pdf,34,14
Western,92176,1777701192855-UP PTT W.E.F 01.05.2026.pdf,40,14
Western,92177,1777701123504-DN PTT W.E.F.  01.05.2026.pdf,34,9
Western,92178,1777701192855-UP PTT W.E.F 01.05.2026.pdf,41,12
Western,92179,1777701123504-DN PTT W.E.F.  01.05.2026.pdf,35,11
Western,92180,1777701192855-UP PTT W.E.F 01.05.2026.pdf,42,5
Western,92181,1777701123504-DN PTT W.E.F.  01.05.2026.pdf,35,13
Western,92182,1777701192855-UP PTT W.E.F 01.05.2026.pdf,42,8
Western,92183,1777701123504-DN PTT W.E.F.  01.05.2026.pdf,36,8
Western,92184,1777701192855-UP PTT W.E.F 01.05.2026.pdf,43,8
Western,92185,1777701123504-DN PTT W.E.F.  01.05.2026.pdf,36,14
Western,92186,1777701192855-UP PTT W.E.F 01.05.2026.pdf,44,14
Western,92187,1777701123504-DN PTT W.E.F.  01.05.2026.pdf,37,14
Western,92188,1777701192855-UP PTT W.E.F 01.05.2026.pdf,44,8
Western,92189,1777701123504-DN PTT W.E.F.  01.05.2026.pdf,37,7
Western,92190,1777701192855-UP PTT W.E.F 01.05.2026.pdf,44,14
Western,92191,1777701123504-DN PTT W.E.F.  01.05.2026.pdf,37,8
Western,92192,1777701192855-UP PTT W.E.F 01.05.2026.pdf,45,9
Western,92193,1777701123504-DN PTT W.E.F.  01.05.2026.pdf,38,13
Western,92194,1777701192855-UP PTT W.E.F 01.05.2026.pdf,45,12
Western,92195,1777701123504-DN PTT W.E.F.  01.05.2026.pdf,38,8
Western,92196,1777701192855-UP PTT W.E.F 01.05.2026.pdf,46,8
Western,92197,1777701123504-DN PTT W.E.F.  01.05.2026.pdf,39,14
Western,92198,1777701192855-UP PTT W.E.F 01.05.2026.pdf,46,14
Western,92199,1777701123504-DN PTT W.E.F.  01.05.2026.pdf,40,8
Western,92200,1777701192855-UP PTT W.E.F 01.05.2026.pdf,47,8
Western,92201,1777701123504-DN PTT W.E.F.  01.05.2026.pdf,40,13
Western,92202,1777701192855-UP PTT W.E.F 01.05.2026.pdf,48,14
Western,92203,1777701123504-DN PTT W.E.F.  01.05.2026.pdf,41,9
Western,92204,1777701192855-UP PTT W.E.F 01.05.2026.pdf,48,14
Western,92205,1777701123504-DN PTT W.E.F.  01.05.2026.pdf,41,10
Western,92206,1777701192855-UP PTT W.E.F 01.05.2026.pdf,48,14
Western,92207,1777701123504-DN PTT W.E.F.  01.05.2026.pdf,42,10
Western,92208,1777701192855-UP PTT W.E.F 01.05.2026.pdf,49,10
Western,92209,1777701123504-DN PTT W.E.F.  01.05.2026.pdf,43,14
Western,92210,1777701192855-UP PTT W.E.F 01.05.2026.pdf,10,9
Western,92211,1777701123504-DN PTT W.E.F.  01.05.2026.pdf,12,12
Western,92212,1777701192855-UP PTT W.E.F 01.05.2026.pdf,2,12
Western,92213,1777701123504-DN PTT W.E.F.  01.05.2026.pdf,4,13
Western,92214,1777701192855-UP PTT W.E.F 01.05.2026.pdf,9,13
Western,92215,1777701123504-DN PTT W.E.F.  01.05.2026.pdf,11,6
Western,92216,1777701192855-UP PTT W.E.F 01.05.2026.pdf,15,9
Western,92217,1777701123504-DN PTT W.E.F.  01.05.2026.pdf,16,13
Western,92218,1777701192855-UP PTT W.E.F 01.05.2026.pdf,"23,28",19
Western,92219,1777701123504-DN PTT W.E.F.  01.05.2026.pdf,23,6
Western,92220,1777701192855-UP PTT W.E.F 01.05.2026.pdf,34,9
Western,92221,1777701123504-DN PTT W.E.F.  01.05.2026.pdf,27,9
Western,92222,1777701192855-UP PTT W.E.F 01.05.2026.pdf,39,6
Western,92223,1777701123504-DN PTT W.E.F.  01.05.2026.pdf,33,4
Western,92224,1777701192855-UP PTT W.E.F 01.05.2026.pdf,46,13
Western,92225,1777701123504-DN PTT W.E.F.  01.05.2026.pdf,38,13
Western,92227,1777701123504-DN PTT W.E.F.  01.05.2026.pdf,44,13
Western,92228,1777701192855-UP PTT W.E.F 01.05.2026.pdf,2,9
Western,92229,1777701123504-DN PTT W.E.F.  01.05.2026.pdf,3,11
Western,92230,1777701192855-UP PTT W.E.F 01.05.2026.pdf,8,11
Western,92231,1777701123504-DN PTT W.E.F.  01.05.2026.pdf,10,6
Western,92232,1777701192855-UP PTT W.E.F 01.05.2026.pdf,13,10
Western,92233,1777701123504-DN PTT W.E.F.  01.05.2026.pdf,15,6
Western,92234,1777701192855-UP PTT W.E.F 01.05.2026.pdf,22,16
Western,92235,1777701123504-DN PTT W.E.F.  01.05.2026.pdf,15,8
Western,92237,1777701123504-DN PTT W.E.F.  01.05.2026.pdf,21,11
Western,93001,1777701123504-DN PTT W.E.F.  01.05.2026.pdf,1,1
Western,93002,1777701192855-UP PTT W.E.F 01.05.2026.pdf,5,12
Western,93003,1777701123504-DN PTT W.E.F.  01.05.2026.pdf,1,1
Western,93004,1777701192855-UP PTT W.E.F 01.05.2026.pdf,8,12
Western,93005,1777701123504-DN PTT W.E.F.  01.05.2026.pdf,2,12
Western,93006,1777701192855-UP PTT W.E.F 01.05.2026.pdf,11,1
Western,93007,1777701123504-DN PTT W.E.F.  01.05.2026.pdf,4,12
Western,93009,1777701123504-DN PTT W.E.F.  01.05.2026.pdf,6,12
Western,93010,1777701192855-UP PTT W.E.F 01.05.2026.pdf,17,4
Western,93011,1777701123504-DN PTT W.E.F.  01.05.2026.pdf,8,12
Western,93012,1777701192855-UP PTT W.E.F 01.05.2026.pdf,19,1
Western,93013,1777701123504-DN PTT W.E.F.  01.05.2026.pdf,9,1
Western,93014,1777701192855-UP PTT W.E.F 01.05.2026.pdf,21,3
Western,93015,1777701123504-DN PTT W.E.F.  01.05.2026.pdf,11,12
Western,93016,1777701192855-UP PTT W.E.F 01.05.2026.pdf,22,1
Western,93017,1777701123504-DN PTT W.E.F.  01.05.2026.pdf,13,6
Western,93018,1777701192855-UP PTT W.E.F 01.05.2026.pdf,23,1
Western,93020,1777701192855-UP PTT W.E.F 01.05.2026.pdf,26,1
Western,93021,1777701123504-DN PTT W.E.F.  01.05.2026.pdf,16,1
Western,93022,1777701192855-UP PTT W.E.F 01.05.2026.pdf,27,12
Western,93023,1777701123504-DN PTT W.E.F.  01.05.2026.pdf,17,1
Western,93024,1777701192855-UP PTT W.E.F 01.05.2026.pdf,28,1
Western,93025,1777701123504-DN PTT W.E.F.  01.05.2026.pdf,19,1
Western,93026,1777701192855-UP PTT W.E.F 01.05.2026.pdf,30,12
Western,93027,1777701123504-DN PTT W.E.F.  01.05.2026.pdf,23,3
Western,93028,1777701192855-UP PTT W.E.F 01.05.2026.pdf,34,7
Western,93029,1777701123504-DN PTT W.E.F.  01.05.2026.pdf,24,1
Western,93030,1777701192855-UP PTT W.E.F 01.05.2026.pdf,35,1
Western,93031,1777701123504-DN PTT W.E.F.  01.05.2026.pdf,26,12
Western,93032,1777701192855-UP PTT W.E.F 01.05.2026.pdf,38,1
Western,93033,1777701123504-DN PTT W.E.F.  01.05.2026.pdf,30,1
Western,93034,1777701192855-UP PTT W.E.F 01.05.2026.pdf,40,9
Western,93035,1777701123504-DN PTT W.E.F.  01.05.2026.pdf,31,11
Western,93036,1777701192855-UP PTT W.E.F 01.05.2026.pdf,43,12
Western,93037,1777701123504-DN PTT W.E.F.  01.05.2026.pdf,35,1
Western,93038,1777701192855-UP PTT W.E.F 01.05.2026.pdf,45,12
Western,93039,1777701123504-DN PTT W.E.F.  01.05.2026.pdf,37,1
Western,93040,1777701192855-UP PTT W.E.F 01.05.2026.pdf,47,1
Western,93041,1777701123504-DN PTT W.E.F.  01.05.2026.pdf,38,12
Western,93042,1777701192855-UP PTT W.E.F 01.05.2026.pdf,49,1
Western,93202,1777701192855-UP PTT W.E.F 01.05.2026.pdf,13,9
Western,93203,1777701123504-DN PTT W.E.F.  01.05.2026.pdf,14,9
Western,94001,1777701123504-DN PTT W.E.F.  01.05.2026.pdf,1,17
Western,94002,1777701192855-UP PTT W.E.F 01.05.2026.pdf,1,7
Western,94003,1777701123504-DN PTT W.E.F.  01.05.2026.pdf,3,17
Western,94004,1777701192855-UP PTT W.E.F 01.05.2026.pdf,1,22
Western,94005,1777701123504-DN PTT W.E.F.  01.05.2026.pdf,3,22
Western,94006,1777701192855-UP PTT W.E.F 01.05.2026.pdf,3,28
Western,94007,1777701123504-DN PTT W.E.F.  01.05.2026.pdf,4,2
Western,94008,1777701192855-UP PTT W.E.F 01.05.2026.pdf,5,16
Western,94009,1777701123504-DN PTT W.E.F.  01.05.2026.pdf,5,22
Western,94010,1777701192855-UP PTT W.E.F 01.05.2026.pdf,5,13
Western,94011,1777701123504-DN PTT W.E.F.  01.05.2026.pdf,5,24
Western,94012,1777701192855-UP PTT W.E.F 01.05.2026.pdf,6,13
Western,94013,1777701123504-DN PTT W.E.F.  01.05.2026.pdf,7,9
Western,94014,1777701192855-UP PTT W.E.F 01.05.2026.pdf,8,13
Western,94015,1777701123504-DN PTT W.E.F.  01.05.2026.pdf,8,16
Western,94016,1777701192855-UP PTT W.E.F 01.05.2026.pdf,9,20
Western,94017,1777701123504-DN PTT W.E.F.  01.05.2026.pdf,8,16
Western,94018,1777701192855-UP PTT W.E.F 01.05.2026.pdf,10,13
Western,94019,1777701123504-DN PTT W.E.F.  01.05.2026.pdf,11,6
Western,94020,1777701192855-UP PTT W.E.F 01.05.2026.pdf,11,16
Western,94021,1777701123504-DN PTT W.E.F.  01.05.2026.pdf,11,13
Western,94022,1777701192855-UP PTT W.E.F 01.05.2026.pdf,11,12
Western,94023,1777701123504-DN PTT W.E.F.  01.05.2026.pdf,12,16
Western,94024,1777701192855-UP PTT W.E.F 01.05.2026.pdf,13,29
Western,94025,1777701123504-DN PTT W.E.F.  01.05.2026.pdf,12,6
Western,94026,1777701192855-UP PTT W.E.F 01.05.2026.pdf,14,13
Western,94027,1777701123504-DN PTT W.E.F.  01.05.2026.pdf,13,9
Western,94028,1777701192855-UP PTT W.E.F 01.05.2026.pdf,14,16
Western,94029,1777701123504-DN PTT W.E.F.  01.05.2026.pdf,15,22
Western,94030,1777701192855-UP PTT W.E.F 01.05.2026.pdf,15,16
Western,94031,1777701123504-DN PTT W.E.F.  01.05.2026.pdf,15,6
Western,94032,1777701192855-UP PTT W.E.F 01.05.2026.pdf,16,13
Western,94033,1777701123504-DN PTT W.E.F.  01.05.2026.pdf,15,9
Western,94034,1777701192855-UP PTT W.E.F 01.05.2026.pdf,18,16
Western,94035,1777701123504-DN PTT W.E.F.  01.05.2026.pdf,16,13
Western,94036,1777701192855-UP PTT W.E.F 01.05.2026.pdf,19,9
Western,94037,1777701123504-DN PTT W.E.F.  01.05.2026.pdf,17,16
Western,94038,1777701192855-UP PTT W.E.F 01.05.2026.pdf,20,16
Western,94039,1777701123504-DN PTT W.E.F.  01.05.2026.pdf,19,16
Western,94040,1777701192855-UP PTT W.E.F 01.05.2026.pdf,20,22
Western,94041,1777701123504-DN PTT W.E.F.  01.05.2026.pdf,20,12
Western,94042,1777701192855-UP PTT W.E.F 01.05.2026.pdf,20,15
Western,94043,1777701123504-DN PTT W.E.F.  01.05.2026.pdf,20,12
Western,94044,1777701192855-UP PTT W.E.F 01.05.2026.pdf,21,12
Western,94045,1777701123504-DN PTT W.E.F.  01.05.2026.pdf,20,16
Western,94046,1777701192855-UP PTT W.E.F 01.05.2026.pdf,23,16
Western,94047,1777701123504-DN PTT W.E.F.  01.05.2026.pdf,21,22
Western,94048,1777701192855-UP PTT W.E.F 01.05.2026.pdf,24,12
Western,94049,1777701123504-DN PTT W.E.F.  01.05.2026.pdf,22,29
Western,94050,1777701192855-UP PTT W.E.F 01.05.2026.pdf,25,16
Western,94051,1777701123504-DN PTT W.E.F.  01.05.2026.pdf,23,12
Western,94052,1777701192855-UP PTT W.E.F 01.05.2026.pdf,25,22
Western,94053,1777701123504-DN PTT W.E.F.  01.05.2026.pdf,24,12
Western,94054,1777701192855-UP PTT W.E.F 01.05.2026.pdf,26,12
Western,94055,1777701123504-DN PTT W.E.F.  01.05.2026.pdf,25,16
Western,94056,1777701192855-UP PTT W.E.F 01.05.2026.pdf,27,16
Western,94057,1777701123504-DN PTT W.E.F.  01.05.2026.pdf,25,8
Western,94058,1777701192855-UP PTT W.E.F 01.05.2026.pdf,27,16
Western,94059,1777701123504-DN PTT W.E.F.  01.05.2026.pdf,26,22
Western,94060,1777701192855-UP PTT W.E.F 01.05.2026.pdf,29,8
Western,94061,1777701123504-DN PTT W.E.F.  01.05.2026.pdf,26,16
Western,94062,1777701192855-UP PTT W.E.F 01.05.2026.pdf,30,12
Western,94063,1777701123504-DN PTT W.E.F.  01.05.2026.pdf,26,16
Western,94064,1777701192855-UP PTT W.E.F 01.05.2026.pdf,30,12
Western,94065,1777701123504-DN PTT W.E.F.  01.05.2026.pdf,27,12
Western,94066,1777701192855-UP PTT W.E.F 01.05.2026.pdf,31,10
Western,94067,1777701123504-DN PTT W.E.F.  01.05.2026.pdf,29,16
Western,94068,1777701192855-UP PTT W.E.F 01.05.2026.pdf,33,13
Western,94069,1777701123504-DN PTT W.E.F.  01.05.2026.pdf,29,9
Western,94070,1777701192855-UP PTT W.E.F 01.05.2026.pdf,33,5
Western,94071,1777701123504-DN PTT W.E.F.  01.05.2026.pdf,30,16
Western,94072,1777701192855-UP PTT W.E.F 01.05.2026.pdf,33,13
Western,94073,1777701123504-DN PTT W.E.F.  01.05.2026.pdf,30,9
Western,94074,1777701192855-UP PTT W.E.F 01.05.2026.pdf,34,8
Western,94075,1777701123504-DN PTT W.E.F.  01.05.2026.pdf,32,9
Western,94076,1777701192855-UP PTT W.E.F 01.05.2026.pdf,34,6
Western,94077,1777701123504-DN PTT W.E.F.  01.05.2026.pdf,33,12
Western,94078,1777701192855-UP PTT W.E.F 01.05.2026.pdf,35,13
Western,94079,1777701123504-DN PTT W.E.F.  01.05.2026.pdf,33,16
Western,94080,1777701192855-UP PTT W.E.F 01.05.2026.pdf,36,6
Western,94081,1777701123504-DN PTT W.E.F.  01.05.2026.pdf,34,16
Western,94082,1777701192855-UP PTT W.E.F 01.05.2026.pdf,38,6
Western,94083,1777701123504-DN PTT W.E.F.  01.05.2026.pdf,35,16
Western,94084,1777701192855-UP PTT W.E.F 01.05.2026.pdf,38,11
Western,94085,1777701123504-DN PTT W.E.F.  01.05.2026.pdf,36,7
Western,94086,1777701192855-UP PTT W.E.F 01.05.2026.pdf,39,13
Western,94087,1777701123504-DN PTT W.E.F.  01.05.2026.pdf,36,14
Western,94088,1777701192855-UP PTT W.E.F 01.05.2026.pdf,39,18
Western,94089,1777701123504-DN PTT W.E.F.  01.05.2026.pdf,37,16
Western,94090,1777701192855-UP PTT W.E.F 01.05.2026.pdf,40,9
Western,94091,1777701123504-DN PTT W.E.F.  01.05.2026.pdf,37,16
Western,94092,1777701192855-UP PTT W.E.F 01.05.2026.pdf,42,16
Western,94093,1777701123504-DN PTT W.E.F.  01.05.2026.pdf,39,15
Western,94094,1777701192855-UP PTT W.E.F 01.05.2026.pdf,43,11
Western,94095,1777701123504-DN PTT W.E.F.  01.05.2026.pdf,40,11
Western,94096,1777701192855-UP PTT W.E.F 01.05.2026.pdf,43,12
Western,94097,1777701123504-DN PTT W.E.F.  01.05.2026.pdf,41,25
Western,94098,1777701192855-UP PTT W.E.F 01.05.2026.pdf,44,16
Western,94099,1777701123504-DN PTT W.E.F.  01.05.2026.pdf,42,11
Western,94100,1777701192855-UP PTT W.E.F 01.05.2026.pdf,45,16
Western,94101,1777701123504-DN PTT W.E.F.  01.05.2026.pdf,42,16
Western,94102,1777701192855-UP PTT W.E.F 01.05.2026.pdf,46,16
Western,94103,1777701123504-DN PTT W.E.F.  01.05.2026.pdf,43,8
Western,94104,1777701192855-UP PTT W.E.F 01.05.2026.pdf,48,4
Western,94105,1777701123504-DN PTT W.E.F.  01.05.2026.pdf,44,5
Western,94106,1777701192855-UP PTT W.E.F 01.05.2026.pdf,48,9
Western,94107,1777701123504-DN PTT W.E.F.  01.05.2026.pdf,5,17
Western,94108,1777701192855-UP PTT W.E.F 01.05.2026.pdf,45,12
Western,94109,1777701123504-DN PTT W.E.F.  01.05.2026.pdf,6,2
Western,94110,1777701192855-UP PTT W.E.F 01.05.2026.pdf,2,19
Western,94111,1777701123504-DN PTT W.E.F.  01.05.2026.pdf,4,22
Western,94112,1777701192855-UP PTT W.E.F 01.05.2026.pdf,7,13
Western,94113,1777701123504-DN PTT W.E.F.  01.05.2026.pdf,10,16
Western,94114,1777701192855-UP PTT W.E.F 01.05.2026.pdf,17,16
Western,94115,1777701123504-DN PTT W.E.F.  01.05.2026.pdf,18,12
Western,94116,1777701192855-UP PTT W.E.F 01.05.2026.pdf,23,12
Western,94117,1777701123504-DN PTT W.E.F.  01.05.2026.pdf,23,29
Western,94118,1777701192855-UP PTT W.E.F 01.05.2026.pdf,31,13
Western,94119,1777701123504-DN PTT W.E.F.  01.05.2026.pdf,32,19
Western,94120,1777701192855-UP PTT W.E.F 01.05.2026.pdf,39,19
Western,94121,1777701123504-DN PTT W.E.F.  01.05.2026.pdf,38,19
Western,94122,1777701192855-UP PTT W.E.F 01.05.2026.pdf,3,22
Western,94123,1777701123504-DN PTT W.E.F.  01.05.2026.pdf,6,22
Western,94124,1777701192855-UP PTT W.E.F 01.05.2026.pdf,9,22
Western,94125,1777701123504-DN PTT W.E.F.  01.05.2026.pdf,12,19
Western,94126,1777701192855-UP PTT W.E.F 01.05.2026.pdf,15,19
Western,94127,1777701123504-DN PTT W.E.F.  01.05.2026.pdf,17,5
Western,94128,1777701192855-UP PTT W.E.F 01.05.2026.pdf,34,22
Western,94129,1777701123504-DN PTT W.E.F.  01.05.2026.pdf,28,17
Western,94130,1777701192855-UP PTT W.E.F 01.05.2026.pdf,43,10
Western,94131,1777701123504-DN PTT W.E.F.  01.05.2026.pdf,34,25
Western,94132,1777701192855-UP PTT W.E.F 01.05.2026.pdf,47,6
Western,94133,1777701123504-DN PTT W.E.F.  01.05.2026.pdf,39,10
Western,94134,1777701192855-UP PTT W.E.F 01.05.2026.pdf,3,12
Western,94135,1777701123504-DN PTT W.E.F.  01.05.2026.pdf,6,12
Western,94136,1777701192855-UP PTT W.E.F 01.05.2026.pdf,12,16
Western,94137,1777701123504-DN PTT W.E.F.  01.05.2026.pdf,14,6
Western,94138,1777701192855-UP PTT W.E.F 01.05.2026.pdf,18,13
Western,94139,1777701123504-DN PTT W.E.F.  01.05.2026.pdf,19,9
Western,94140,1777701192855-UP PTT W.E.F 01.05.2026.pdf,37,6
Western,94141,1777701123504-DN PTT W.E.F.  01.05.2026.pdf,36,13
Western,94142,1777701192855-UP PTT W.E.F 01.05.2026.pdf,42,22
Western,94143,1777701123504-DN PTT W.E.F.  01.05.2026.pdf,41,22
Western,94144,1777701192855-UP PTT W.E.F 01.05.2026.pdf,48,22
Western,94145,1777701123504-DN PTT W.E.F.  01.05.2026.pdf,45,25
Western AC,94001,1777701279370-DN AC  PTT   01.05.2026.pdf,1,8
Western AC,94002,1777701330288-UP AC PTT  01.05.2026.pdf,1,7
Western AC,94003,1777701279370-DN AC  PTT   01.05.2026.pdf,1,17
Western AC,94004,1777701330288-UP AC PTT  01.05.2026.pdf,1,22
Western AC,94005,1777701279370-DN AC  PTT   01.05.2026.pdf,1,22
Western AC,94006,1777701330288-UP AC PTT  01.05.2026.pdf,1,28
Western AC,94007,1777701279370-DN AC  PTT   01.05.2026.pdf,1,2
Western AC,94008,1777701330288-UP AC PTT  01.05.2026.pdf,1,16
Western AC,94009,1777701279370-DN AC  PTT   01.05.2026.pdf,1,22
Western AC,94010,1777701330288-UP AC PTT  01.05.2026.pdf,1,13
Western AC,94011,1777701279370-DN AC  PTT   01.05.2026.pdf,1,24
Western AC,94012,1777701330288-UP AC PTT  01.05.2026.pdf,1,13
Western AC,94013,1777701279370-DN AC  PTT   01.05.2026.pdf,1,9
Western AC,94014,1777701330288-UP AC PTT  01.05.2026.pdf,1,13
Western AC,94015,1777701279370-DN AC  PTT   01.05.2026.pdf,1,16
Western AC,94016,1777701330288-UP AC PTT  01.05.2026.pdf,1,20
Western AC,94017,1777701279370-DN AC  PTT   01.05.2026.pdf,2,16
Western AC,94018,1777701330288-UP AC PTT  01.05.2026.pdf,1,13
Western AC,94019,1777701279370-DN AC  PTT   01.05.2026.pdf,2,6
Western AC,94020,1777701330288-UP AC PTT  01.05.2026.pdf,2,16
Western AC,94021,1777701279370-DN AC  PTT   01.05.2026.pdf,2,13
Western AC,94022,1777701330288-UP AC PTT  01.05.2026.pdf,2,12
Western AC,94023,1777701279370-DN AC  PTT   01.05.2026.pdf,2,16
Western AC,94024,1777701330288-UP AC PTT  01.05.2026.pdf,2,29
Western AC,94025,1777701279370-DN AC  PTT   01.05.2026.pdf,2,6
Western AC,94026,1777701330288-UP AC PTT  01.05.2026.pdf,2,13
Western AC,94027,1777701279370-DN AC  PTT   01.05.2026.pdf,2,9
Western AC,94028,1777701330288-UP AC PTT  01.05.2026.pdf,2,16
Western AC,94029,1777701279370-DN AC  PTT   01.05.2026.pdf,2,22
Western AC,94030,1777701330288-UP AC PTT  01.05.2026.pdf,2,16
Western AC,94031,1777701279370-DN AC  PTT   01.05.2026.pdf,2,6
Western AC,94032,1777701330288-UP AC PTT  01.05.2026.pdf,2,13
Western AC,94033,1777701279370-DN AC  PTT   01.05.2026.pdf,2,9
Western AC,94034,1777701330288-UP AC PTT  01.05.2026.pdf,2,16
Western AC,94035,1777701279370-DN AC  PTT   01.05.2026.pdf,2,13
Western AC,94036,1777701330288-UP AC PTT  01.05.2026.pdf,2,9
Western AC,94037,1777701279370-DN AC  PTT   01.05.2026.pdf,3,16
Western AC,94038,1777701330288-UP AC PTT  01.05.2026.pdf,2,16
Western AC,94039,1777701279370-DN AC  PTT   01.05.2026.pdf,3,16
Western AC,94040,1777701330288-UP AC PTT  01.05.2026.pdf,3,22
Western AC,94041,1777701279370-DN AC  PTT   01.05.2026.pdf,3,12
Western AC,94042,1777701330288-UP AC PTT  01.05.2026.pdf,3,15
Western AC,94043,1777701279370-DN AC  PTT   01.05.2026.pdf,3,12
Western AC,94044,1777701330288-UP AC PTT  01.05.2026.pdf,3,12
Western AC,94045,1777701279370-DN AC  PTT   01.05.2026.pdf,3,16
Western AC,94046,1777701330288-UP AC PTT  01.05.2026.pdf,3,16
Western AC,94047,1777701279370-DN AC  PTT   01.05.2026.pdf,3,22
Western AC,94048,1777701330288-UP AC PTT  01.05.2026.pdf,3,12
Western AC,94049,1777701279370-DN AC  PTT   01.05.2026.pdf,3,29
Western AC,94050,1777701330288-UP AC PTT  01.05.2026.pdf,3,16
Western AC,94051,1777701279370-DN AC  PTT   01.05.2026.pdf,3,12
Western AC,94052,1777701330288-UP AC PTT  01.05.2026.pdf,3,22
Western AC,94053,1777701279370-DN AC  PTT   01.05.2026.pdf,3,12
Western AC,94054,1777701330288-UP AC PTT  01.05.2026.pdf,3,12
Western AC,94055,1777701279370-DN AC  PTT   01.05.2026.pdf,4,16
Western AC,94056,1777701330288-UP AC PTT  01.05.2026.pdf,3,16
Western AC,94057,1777701279370-DN AC  PTT   01.05.2026.pdf,4,8
Western AC,94058,1777701330288-UP AC PTT  01.05.2026.pdf,3,16
Western AC,94059,1777701279370-DN AC  PTT   01.05.2026.pdf,4,22
Western AC,94060,1777701330288-UP AC PTT  01.05.2026.pdf,3,8
Western AC,94061,1777701279370-DN AC  PTT   01.05.2026.pdf,4,16
Western AC,94062,1777701330288-UP AC PTT  01.05.2026.pdf,3,12
Western AC,94063,1777701279370-DN AC  PTT   01.05.2026.pdf,4,16
Western AC,94064,1777701330288-UP AC PTT  01.05.2026.pdf,3,12
Western AC,94065,1777701279370-DN AC  PTT   01.05.2026.pdf,4,12
Western AC,94066,1777701330288-UP AC PTT  01.05.2026.pdf,4,10
Western AC,94067,1777701279370-DN AC  PTT   01.05.2026.pdf,4,16
Western AC,94068,1777701330288-UP AC PTT  01.05.2026.pdf,4,13
Western AC,94069,1777701279370-DN AC  PTT   01.05.2026.pdf,4,9
Western AC,94070,1777701330288-UP AC PTT  01.05.2026.pdf,4,5
Western AC,94071,1777701279370-DN AC  PTT   01.05.2026.pdf,4,16
Western AC,94072,1777701330288-UP AC PTT  01.05.2026.pdf,4,13
Western AC,94073,1777701279370-DN AC  PTT   01.05.2026.pdf,4,9
Western AC,94074,1777701330288-UP AC PTT  01.05.2026.pdf,4,8
Western AC,94075,1777701279370-DN AC  PTT   01.05.2026.pdf,4,9
Western AC,94076,1777701330288-UP AC PTT  01.05.2026.pdf,4,6
Western AC,94077,1777701279370-DN AC  PTT   01.05.2026.pdf,5,12
Western AC,94078,1777701330288-UP AC PTT  01.05.2026.pdf,4,13
Western AC,94079,1777701279370-DN AC  PTT   01.05.2026.pdf,5,16
Western AC,94080,1777701330288-UP AC PTT  01.05.2026.pdf,4,6
Western AC,94081,1777701279370-DN AC  PTT   01.05.2026.pdf,5,16
Western AC,94082,1777701330288-UP AC PTT  01.05.2026.pdf,4,6
Western AC,94083,1777701279370-DN AC  PTT   01.05.2026.pdf,5,16
Western AC,94084,1777701330288-UP AC PTT  01.05.2026.pdf,4,11
Western AC,94085,1777701279370-DN AC  PTT   01.05.2026.pdf,5,7
Western AC,94086,1777701330288-UP AC PTT  01.05.2026.pdf,5,13
Western AC,94087,1777701279370-DN AC  PTT   01.05.2026.pdf,5,14
Western AC,94088,1777701330288-UP AC PTT  01.05.2026.pdf,5,18
Western AC,94089,1777701279370-DN AC  PTT   01.05.2026.pdf,5,16
Western AC,94090,1777701330288-UP AC PTT  01.05.2026.pdf,5,9
Western AC,94091,1777701279370-DN AC  PTT   01.05.2026.pdf,5,16
Western AC,94092,1777701330288-UP AC PTT  01.05.2026.pdf,5,16
Western AC,94093,1777701279370-DN AC  PTT   01.05.2026.pdf,5,15
Western AC,94094,1777701330288-UP AC PTT  01.05.2026.pdf,5,11
Western AC,94095,1777701279370-DN AC  PTT   01.05.2026.pdf,6,11
Western AC,94096,1777701330288-UP AC PTT  01.05.2026.pdf,5,12
Western AC,94097,1777701279370-DN AC  PTT   01.05.2026.pdf,6,25
Western AC,94098,1777701330288-UP AC PTT  01.05.2026.pdf,5,16
Western AC,94099,1777701279370-DN AC  PTT   01.05.2026.pdf,6,11
Western AC,94100,1777701330288-UP AC PTT  01.05.2026.pdf,5,16
Western AC,94101,1777701279370-DN AC  PTT   01.05.2026.pdf,6,16
Western AC,94102,1777701330288-UP AC PTT  01.05.2026.pdf,5,16
Western AC,94103,1777701279370-DN AC  PTT   01.05.2026.pdf,6,8
Western AC,94104,1777701330288-UP AC PTT  01.05.2026.pdf,6,4
Western AC,94105,1777701279370-DN AC  PTT   01.05.2026.pdf,6,5
Western AC,94106,1777701330288-UP AC PTT  01.05.2026.pdf,6,9
Western AC,94107,1777701279370-DN AC  PTT   01.05.2026.pdf,1,17
Western AC,94108,1777701330288-UP AC PTT  01.05.2026.pdf,5,12
Western AC,94109,1777701279370-DN AC  PTT   01.05.2026.pdf,1,2
Western AC,94110,1777701330288-UP AC PTT  01.05.2026.pdf,1,19
Western AC,94111,1777701279370-DN AC  PTT   01.05.2026.pdf,1,22
Western AC,94112,1777701330288-UP AC PTT  01.05.2026.pdf,1,13
Western AC,94113,1777701279370-DN AC  PTT   01.05.2026.pdf,2,16
Western AC,94114,1777701330288-UP AC PTT  01.05.2026.pdf,2,16
Western AC,94115,1777701279370-DN AC  PTT   01.05.2026.pdf,3,12
Western AC,94116,1777701330288-UP AC PTT  01.05.2026.pdf,3,12
Western AC,94117,1777701279370-DN AC  PTT   01.05.2026.pdf,3,29
Western AC,94118,1777701330288-UP AC PTT  01.05.2026.pdf,4,13
Western AC,94119,1777701279370-DN AC  PTT   01.05.2026.pdf,4,19
Western AC,94120,1777701330288-UP AC PTT  01.05.2026.pdf,4,19
Western AC,94121,1777701279370-DN AC  PTT   01.05.2026.pdf,5,19
Western AC,94122,1777701330288-UP AC PTT  01.05.2026.pdf,1,22
Western AC,94123,1777701279370-DN AC  PTT   01.05.2026.pdf,1,22
Western AC,94124,1777701330288-UP AC PTT  01.05.2026.pdf,1,22
Western AC,94125,1777701279370-DN AC  PTT   01.05.2026.pdf,2,19
Western AC,94126,1777701330288-UP AC PTT  01.05.2026.pdf,2,19
Western AC,94127,1777701279370-DN AC  PTT   01.05.2026.pdf,3,5
Western AC,94128,1777701330288-UP AC PTT  01.05.2026.pdf,4,22
Western AC,94129,1777701279370-DN AC  PTT   01.05.2026.pdf,4,17
Western AC,94130,1777701330288-UP AC PTT  01.05.2026.pdf,5,10
Western AC,94131,1777701279370-DN AC  PTT   01.05.2026.pdf,5,25
Western AC,94132,1777701330288-UP AC PTT  01.05.2026.pdf,5,6
Western AC,94133,1777701279370-DN AC  PTT   01.05.2026.pdf,5,10
Western AC,94134,1777701330288-UP AC PTT  01.05.2026.pdf,1,12
Western AC,94135,1777701279370-DN AC  PTT   01.05.2026.pdf,1,12
Western AC,94136,1777701330288-UP AC PTT  01.05.2026.pdf,2,16
Western AC,94137,1777701279370-DN AC  PTT   01.05.2026.pdf,2,6
Western AC,94138,1777701330288-UP AC PTT  01.05.2026.pdf,2,13
Western AC,94139,1777701279370-DN AC  PTT   01.05.2026.pdf,3,9
Western AC,94140,1777701330288-UP AC PTT  01.05.2026.pdf,4,6
Western AC,94141,1777701279370-DN AC  PTT   01.05.2026.pdf,5,13
Western AC,94142,1777701330288-UP AC PTT  01.05.2026.pdf,5,22
Western AC,94143,1777701279370-DN AC  PTT   01.05.2026.pdf,6,22
Western AC,94144,1777701330288-UP AC PTT  01.05.2026.pdf,5,22
Western AC,94145,1777701279370-DN AC  PTT   01.05.2026.pdf,6,25
Western/Dahanu,93001,1777728749169-PTT 78 FOR DAHANU ROAD SERVICES W.E.F.  01.05.2026.pdf,1,9
Western/Dahanu,93002,1777728749169-PTT 78 FOR DAHANU ROAD SERVICES W.E.F.  01.05.2026.pdf,1,19
Western/Dahanu,93004,1777728749169-PTT 78 FOR DAHANU ROAD SERVICES W.E.F.  01.05.2026.pdf,1,19
Western/Dahanu,93005,1777728749169-PTT 78 FOR DAHANU ROAD SERVICES W.E.F.  01.05.2026.pdf,1,20
Western/Dahanu,93006,1777728749169-PTT 78 FOR DAHANU ROAD SERVICES W.E.F.  01.05.2026.pdf,1,9
Western/Dahanu,93007,1777728749169-PTT 78 FOR DAHANU ROAD SERVICES W.E.F.  01.05.2026.pdf,1,20
Western/Dahanu,93009,1777728749169-PTT 78 FOR DAHANU ROAD SERVICES W.E.F.  01.05.2026.pdf,1,20
Western/Dahanu,93010,1777728749169-PTT 78 FOR DAHANU ROAD SERVICES W.E.F.  01.05.2026.pdf,1,12
Western/Dahanu,93011,1777728749169-PTT 78 FOR DAHANU ROAD SERVICES W.E.F.  01.05.2026.pdf,1,20
Western/Dahanu,93012,1777728749169-PTT 78 FOR DAHANU ROAD SERVICES W.E.F.  01.05.2026.pdf,1,9
Western/Dahanu,93013,1777728749169-PTT 78 FOR DAHANU ROAD SERVICES W.E.F.  01.05.2026.pdf,1,9
Western/Dahanu,93014,1777728749169-PTT 78 FOR DAHANU ROAD SERVICES W.E.F.  01.05.2026.pdf,1,9
Western/Dahanu,93015,1777728749169-PTT 78 FOR DAHANU ROAD SERVICES W.E.F.  01.05.2026.pdf,1,20
Western/Dahanu,93016,1777728749169-PTT 78 FOR DAHANU ROAD SERVICES W.E.F.  01.05.2026.pdf,1,9
Western/Dahanu,93017,1777728749169-PTT 78 FOR DAHANU ROAD SERVICES W.E.F.  01.05.2026.pdf,1,12
Western/Dahanu,93018,1777728749169-PTT 78 FOR DAHANU ROAD SERVICES W.E.F.  01.05.2026.pdf,1,9
Western/Dahanu,93020,1777728749169-PTT 78 FOR DAHANU ROAD SERVICES W.E.F.  01.05.2026.pdf,1,9
Western/Dahanu,93021,1777728749169-PTT 78 FOR DAHANU ROAD SERVICES W.E.F.  01.05.2026.pdf,1,9
Western/Dahanu,93022,1777728749169-PTT 78 FOR DAHANU ROAD SERVICES W.E.F.  01.05.2026.pdf,1,19
Western/Dahanu,93023,1777728749169-PTT 78 FOR DAHANU ROAD SERVICES W.E.F.  01.05.2026.pdf,1,9
Western/Dahanu,93025,1777728749169-PTT 78 FOR DAHANU ROAD SERVICES W.E.F.  01.05.2026.pdf,1,9
Western/Dahanu,93026,1777728749169-PTT 78 FOR DAHANU ROAD SERVICES W.E.F.  01.05.2026.pdf,1,19
Western/Dahanu,93028,1777728749169-PTT 78 FOR DAHANU ROAD SERVICES W.E.F.  01.05.2026.pdf,1,15
Western/Dahanu,93029,1777728749169-PTT 78 FOR DAHANU ROAD SERVICES W.E.F.  01.05.2026.pdf,1,9
Western/Dahanu,93030,1777728749169-PTT 78 FOR DAHANU ROAD SERVICES W.E.F.  01.05.2026.pdf,1,9
Western/Dahanu,93031,1777728749169-PTT 78 FOR DAHANU ROAD SERVICES W.E.F.  01.05.2026.pdf,1,20
Western/Dahanu,93033,1777728749169-PTT 78 FOR DAHANU ROAD SERVICES W.E.F.  01.05.2026.pdf,1,9
Western/Dahanu,93034,1777728749169-PTT 78 FOR DAHANU ROAD SERVICES W.E.F.  01.05.2026.pdf,1,16
Western/Dahanu,93035,1777728749169-PTT 78 FOR DAHANU ROAD SERVICES W.E.F.  01.05.2026.pdf,1,19
Western/Dahanu,93036,1777728749169-PTT 78 FOR DAHANU ROAD SERVICES W.E.F.  01.05.2026.pdf,1,19
Western/Dahanu,93038,1777728749169-PTT 78 FOR DAHANU ROAD SERVICES W.E.F.  01.05.2026.pdf,1,19
Western/Dahanu,93039,1777728749169-PTT 78 FOR DAHANU ROAD SERVICES W.E.F.  01.05.2026.pdf,1,9
Western/Dahanu,93040,1777728749169-PTT 78 FOR DAHANU ROAD SERVICES W.E.F.  01.05.2026.pdf,1,9
Western/Dahanu,93041,1777728749169-PTT 78 FOR DAHANU ROAD SERVICES W.E.F.  01.05.2026.pdf,1,20
Western/Dahanu,93201,1777728749169-PTT 78 FOR DAHANU ROAD SERVICES W.E.F.  01.05.2026.pdf,1,9
Western/Dahanu,93202,1777728749169-PTT 78 FOR DAHANU ROAD SERVICES W.E.F.  01.05.2026.pdf,1,16
Western/Dahanu,93203,1777728749169-PTT 78 FOR DAHANU ROAD SERVICES W.E.F.  01.05.2026.pdf,1,17
Western/Dahanu,93204,1777728749169-PTT 78 FOR DAHANU ROAD SERVICES W.E.F.  01.05.2026.pdf,1,9
Western/Dahanu,93205,1777728749169-PTT 78 FOR DAHANU ROAD SERVICES W.E.F.  01.05.2026.pdf,1,9
Western/Dahanu,93206,1777728749169-PTT 78 FOR DAHANU ROAD SERVICES W.E.F.  01.05.2026.pdf,1,9
Western/Dahanu,93207,1777728749169-PTT 78 FOR DAHANU ROAD SERVICES W.E.F.  01.05.2026.pdf,1,9
Western/Dahanu,93208,1777728749169-PTT 78 FOR DAHANU ROAD SERVICES W.E.F.  01.05.2026.pdf,1,9
