Station_Name,Transport_Mode,Line,Latitude,Longitude,Additional_Info
"COLABA BUS STATION, POST OFFICE",Bus,BEST,18.911184,72.820905,
DHOBI GHAT (NAVY NAGAR),Bus,BEST,18.906977,72.812432,
DR. SHYAMAPRASAD MUKHERJEE CHOWK(MUSEUM),Bus,BEST,18.926071,72.831553,
DR. SHYAMAPRASAD MUKHERJEE CHOWK(MUSEUM),Bus,BEST,18.926225,72.831582,
DR. SHYAMAPRASAD MUKHERJEE CHOWK(MUSEUM),Bus,BEST,18.925783,72.832901,
DR. SHYAMAPRASAD MUKHERJEE CHOWK(MUSEUM),Bus,BEST,18.924066,72.832048,
FOREIGN POST OFFICE,Bus,BEST,18.935157,72.840318,
FOREIGN POST OFFICE,Bus,BEST,18.935012,72.840309,
G.T.HOSPITAL,Bus,BEST,18.946082,72.831718,
CHHATRAPATI SHIVAJI MAHARAJ TERMINUS (GPO),Bus,BEST,18.938434,72.836604,
HUTATMA CHOWK,Bus,BEST,18.933019,72.831785,
HUTATMA CHOWK,Bus,BEST,18.931275,72.83135,
BALLARD PIER,Bus,BEST,18.937162,72.840365,
JOHAR CHOWK (BHENDI BAZAAR),Bus,BEST,18.958243,72.832421,
JOHAR CHOWK (BHENDI BAZAAR),Bus,BEST,18.959001,72.831613,
JOHAR CHOWK (BHENDI BAZAAR),Bus,BEST,18.95957,72.831869,
JOHAR CHOWK (BHENDI BAZAAR),Bus,BEST,18.959507,72.831869,
KHADI BHANDAR,Bus,BEST,18.937637,72.834326,
MAHATMA PHULE MARKET (CRAWFORD MARKET),Bus,BEST,18.947169,72.835392,
MAHATMA PHULE MARKET (CRAWFORD MARKET),Bus,BEST,18.945415,72.833997,
RAILWAY CROSSING (MANDVI),Bus,BEST,18.95911,72.84616,
"MANDVI POST OFFICE, MINARA MASJID",Bus,BEST,18.955732,72.832879,
HUTATMA CHOWK,Bus,BEST,18.930796,72.83136,
HUTATMA CHOWK,Bus,BEST,18.929703,72.83138,
OLD CUSTOM HOUSE,Bus,BEST,18.929787,72.834873,
PILOT BUNDER,Bus,BEST,18.90473,72.815832,
RESERVE BANK OF INDIA (FORT),Bus,BEST,18.932651,72.836219,
"SASOON DOCK, COLABA FIRE STATION",Bus,BEST,18.91594,72.826236,
HORNIMAN CIRCLE,Bus,BEST,18.93153,72.834131,
STRAND CINEMA,Bus,BEST,18.916844,72.827089,
SWADESHI MARKET,Bus,BEST,18.949251,72.828886,
SWAMI DAYANAND SARASWATI CHOWK (FORT),Bus,BEST,18.937043,72.836966,
SWAMI DAYANAND SARASWATI CHOWK (FORT),Bus,BEST,18.935905,72.837375,
TADWADI (MAZGAON),Bus,BEST,18.964454,72.839319,
MALLET BUNDER,Bus,BEST,18.958045,72.847281,
MALLET BUNDER,Bus,BEST,18.957963,72.847347,
VASUDEO BALWANT PHADKE CHOWK (DHOBI TALAO),Bus,BEST,18.944997,72.830371,
VASUDEO BALWANT PHADKE CHOWK (DHOBI TALAO),Bus,BEST,18.943055,72.830125,
SWAMI DAYANAND SARASWATI CHOWK (FORT),Bus,BEST,18.934297,72.838069,
VIJAY VALLABH CHOWK (PYDHONIE),Bus,BEST,18.954882,72.83212,
VIJAY VALLABH CHOWK (PYDHONIE),Bus,BEST,18.954945,72.832167,
ZAKERIA MASJID,Bus,BEST,18.952462,72.834239,
R.C.CHURCH (COLABA),Bus,BEST,18.900103,72.813918,
M.T.PARK,Bus,BEST,18.907473,72.811738,
FIRE BRIGADE,Bus,BEST,18.947317,72.840253,
ZAKERIA MASJID,Bus,BEST,18.954105,72.832918,
CHINCH BUNDER,Bus,BEST,18.958283,72.838517,
MAZGAON DOCK,Bus,BEST,18.96576,72.846706,
KHADI BHANDAR,Bus,BEST,18.93723,72.834155,
CHHATRAPATI SHIVAJI MAHARAJ TERMINUS,Bus,BEST,18.938468,72.834696,
INS ASHWINI HOSPITAL,Bus,BEST,18.901522,72.814677,
BALLARD PIER,Bus,BEST,18.937189,72.84027,
CHHATRAPATI SHIVAJI MAHARAJ TERMINUS(CSMT),Bus,BEST,18.939165,72.83535,
CHHATRAPATI SHIVAJI MAHARAJ TERMINUS(CSMT),Bus,BEST,18.939083,72.835521,
BHULESHWAR,Bus,BEST,18.952803,72.830032,
BHULESHWAR,Bus,BEST,18.95208,72.829663,
CARNAC BUNDER,Bus,BEST,18.949946,72.840916,
CENTRAL RAILWAY GOODS,Bus,BEST,18.960617,72.843567,
CHAKALA MARKET,Bus,BEST,18.950222,72.834506,
CHHATRAPATI SHIVAJI MAHARAJ TERMINUS(CSMT),Bus,BEST,18.941143,72.834789,
CHHATRAPATI SHIVAJI MAHARAJ TERMINUS(CSMT),Bus,BEST,18.940762,72.833222,
CHHATRAPATI SHIVAJI MAHARAJ TERMINUS(CSMT),Bus,BEST,18.939064,72.833432,
COLABA BUS STATION,Bus,BEST,18.912649,72.823191,
VIJAY VALLABH CHOWK,Bus,BEST,18.954448,72.831949,
KENDRIYA VIDYALAYA 3 (COLABA),Bus,BEST,18.895411,72.810354,
ANJEERWADI,Bus,BEST,18.973543,72.840243,
BEST COLONY (WADALA),Bus,BEST,19.012688,72.853807,
BEST COLONY (BHOIWADA),Bus,BEST,19.005448,72.848018,
BHARATMATA CINEMA,Bus,BEST,18.995151,72.837749,
BUSA UDHYOG BHAVAN,Bus,BEST,18.999677,72.850786,
BYCULLA STATION (E),Bus,BEST,18.974469,72.833747,
BYCULLA STATION (E),Bus,BEST,18.976149,72.833452,
"BYCULLA STATION (EAST), GLORIA CHURCH",Bus,BEST,18.97559,72.834668,
KHODADAD CIRCLE (DADAR TT),Bus,BEST,19.015113,72.845599,
KHODADAD CIRCLE (DADAR TT),Bus,BEST,19.018602,72.848199,
KHODADAD CIRCLE (DADAR TT),Bus,BEST,19.019722,72.849044,
RUIA COLLEGE (MATUNGA-E),Bus,BEST,19.021295,72.850724,
RUIA COLLEGE (MATUNGA-E),Bus,BEST,19.022379,72.850533,
RUIA COLLEGE (MATUNGA-E),Bus,BEST,19.022533,72.850286,
SHANTARAM PUJARE CHOWK (KALA CHOWKY),Bus,BEST,18.988375,72.836595,
SAHAKAR NAGAR (WADALA-W),Bus,BEST,19.012108,72.851139,
SEWREE NAKA,Bus,BEST,18.9987,72.849998,
"SEWREE POLICE STATION, DARUKHANA",Bus,BEST,18.97962,72.849052,
SHARDA CINEMA,Bus,BEST,19.014309,72.846122,
SHARDA CINEMA,Bus,BEST,19.014074,72.846455,
SHARDA CINEMA,Bus,BEST,19.014101,72.846379,
SHINDEWADI (DADAR-E),Bus,BEST,19.011669,72.843236,
SPRING MILL,Bus,BEST,19.010073,72.848119,
SPRING MILL,Bus,BEST,19.011221,72.848613,
T.B.HOSPITAL (KIDWAI NAGAR),Bus,BEST,19.005043,72.851799,
TATA HOSPITAL (BHOIWADA),Bus,BEST,19.004333,72.842919,
TATA HOSPITAL (BHOIWADA),Bus,BEST,19.004216,72.842748,
"VITTHAL MANDIR, WADALA MARKET",Bus,BEST,19.016454,72.852484,
WADALA CHURCH,Bus,BEST,19.018389,72.855285,
WADALA CHURCH,Bus,BEST,19.019103,72.855978,
WADALA CHURCH,Bus,BEST,19.01848,72.856425,
WADIA MATERNITY HOSPITAL,Bus,BEST,19.002852,72.842682,
DADAR STATION (E),Bus,BEST,19.017506,72.844116,
INDIRA NAGAR (SEWREE),Bus,BEST,18.992749,72.85457,
COAL BUNDER,Bus,BEST,18.98332,72.85828,
CANTEEN STORES,Bus,BEST,18.981619,72.853685,
I.C.I. (SEWREE),Bus,BEST,18.980877,72.851453,
JIJAMATA MUNICIPAL SCHOOL(BYCULLA-E),Bus,BEST,18.980264,72.840182,
NEW HIND MILL MHADA COLONY,Bus,BEST,18.983779,72.841015,
BYCULLA STATION (E),Bus,BEST,18.977604,72.833698,
BHARATMATA CINEMA,Bus,BEST,18.994799,72.838433,
WADALA STATION (W),Bus,BEST,19.016973,72.858886,
WADALA STATION (W),Bus,BEST,19.0185,72.860167,
"INDIRA NAGAR, FROSBERRY ROAD",Bus,BEST,18.986587,72.851905,
SEWREE KOLIWADA SCHOOL,Bus,BEST,18.999902,72.856382,
A.H.ANSARI CHOWK (NAGPADA),Bus,BEST,18.970602,72.832696,
A.H.ANSARI CHOWK (NAGPADA),Bus,BEST,18.970268,72.832716,
AGRIPADA POLICE STATION,Bus,BEST,18.977416,72.824031,
AIR CONDITION MARKET,Bus,BEST,18.973515,72.814386,
ALANKAR CINEMA,Bus,BEST,18.957579,72.826981,
"MAHARASHTRA COLLEGE, ALEXANDRA CINEMA",Bus,BEST,18.967292,72.827353,
ANJUMAN COLLEGE,Bus,BEST,18.96177,72.825648,
ANJUMAN COLLEGE,Bus,BEST,18.961653,72.825848,
B.P.T COLONY (DOCKYARD RD),Bus,BEST,18.964166,72.841485,
BHATIA HOSPITAL,Bus,BEST,18.965049,72.812969,
BHATIA HOSPITAL,Bus,BEST,18.964363,72.81295,
BREACH CANDY HOSPITAL,Bus,BEST,18.972252,72.804948,
BYCULLA STATION (W),Bus,BEST,18.977269,72.832169,
BYCULLA STATION (W),Bus,BEST,18.976654,72.832179,
BYCULLA STATION (W),Bus,BEST,18.976501,72.832037,
CHRIST CHURCH SCHOOL,Bus,BEST,18.96976,72.83001,
DOCKYARD ROAD RAILWAY STATION,Bus,BEST,18.966183,72.844484,
DARUKHANA,Bus,BEST,18.971396,72.845316,
DARUKHANA,Bus,BEST,18.971631,72.845221,
AZAD FLOUR MILL,Bus,BEST,18.985369,72.841052,
GADI ADDA,Bus,BEST,18.994646,72.853885,
MAHATMA GANDHI HOSPITAL (PAREL),Bus,BEST,18.997384,72.840359,
MAHATMA GANDHI HOSPITAL (PAREL),Bus,BEST,18.997809,72.840758,
GANESH TALKIES (LALBAUG),Bus,BEST,18.989738,72.83461,
GHODAPDEV,Bus,BEST,18.982073,72.842839,
HAKOBA,Bus,BEST,18.988268,72.83877,
HINDMATA CINEMA (PAREL),Bus,BEST,19.010034,72.84243,
HINDMATA CINEMA (PAREL),Bus,BEST,19.009952,72.842069,
HINDMATA CINEMA (PAREL),Bus,BEST,19.0096,72.841823,
HINDU CEMETARY(REAY ROAD),Bus,BEST,18.977549,72.846964,
JACKERIA BUNDER,Bus,BEST,18.99167,72.847667,
JAIHIND CINEMA,Bus,BEST,18.984382,72.836503,
JAIHIND CINEMA,Bus,BEST,18.984219,72.835981,
JIJAMATA UDYAN (BYCULLA),Bus,BEST,18.979989,72.834104,
ROBERT GOMES CHOWK (BYCULLA-E),Bus,BEST,18.980677,72.836316,
K.E.M.HOSPITAL,Bus,BEST,19.001549,72.840755,
K.E.M.HOSPITAL,Bus,BEST,19.00154,72.840746,
SHRAWAN YASHWANTE CHOWK (KALA CHOWKY),Bus,BEST,18.987583,72.841525,
KALA CHOWKY POLICE STATION,Bus,BEST,18.987972,72.84294,
MINT COLONY,Bus,BEST,18.994424,72.844322,
T.B.HOSPITAL (KIDWAI NAGAR),Bus,BEST,19.005214,72.850022,
LAL BAHADUR SHASTRI COLLEGE,Bus,BEST,18.980583,72.859279,
LAL BAHADUR SHASTRI COLLEGE,Bus,BEST,18.980619,72.858918,
SANT JAGNADE CHOWK (LALBAUG),Bus,BEST,18.991717,72.83627,
SANT JAGNADE CHOWK (LALBAUG),Bus,BEST,18.993804,72.836249,
MADKEBUWA CHOWK (PAREL),Bus,BEST,19.004386,72.841038,
MADHAV NAGAR (WADALA-W),Bus,BEST,19.011884,72.854349,
MADHAV NAGAR (WADALA-W),Bus,BEST,19.011766,72.854549,
"MUSTAFA BAZAR, SAVLYA TANDEL CHOWK",Bus,BEST,18.976253,72.839938,
NAIGAON POLICE COLONY,Bus,BEST,19.007489,72.847171,
PRABODHANKAR THACKERAY UDYAN BUS STATION (SEWREE),Bus,BEST,18.998196,72.852249,
MADKEBUWA CHOWK (PAREL),Bus,BEST,19.002216,72.838466,
"PAREL VILLAGE, ST.GORA KUMBHAR CHOWK",Bus,BEST,19.000613,72.846008,
REAY ROAD STATION,Bus,BEST,18.975976,72.844211,
REAY ROAD STATION,Bus,BEST,18.976536,72.844239,
"PARSI DHARMASHALA, OM CHAMBERS",Bus,BEST,18.964645,72.805496,
PARSI GENERAL HOSPITAL,Bus,BEST,18.968574,72.80365,
PLAY HOUSE,Bus,BEST,18.961759,72.822458,
PRARTHANA SAMAJ,Bus,BEST,18.958035,72.820334,
PREM NAGAR,Bus,BEST,18.94972,72.794268,
PRIYADARSHINI PARK (NAPEAN SEA ROAD),Bus,BEST,18.956853,72.799503,
PT.PALUSKAR CHOWK (OPERA HOUSE)- MARWADI VIDYALAYA,Bus,BEST,18.957374,72.817381,
"RAILWAY HOTEL, CHARNI ROAD JUNCTION",Bus,BEST,18.961387,72.819932,
SAIDHAM (GRANT ROAD),Bus,BEST,18.958087,72.816906,
"A.H.ANSARI CHOWK, SALVATION ARMY",Bus,BEST,18.973001,72.827662,
SHUKLAJI STREET,Bus,BEST,18.966223,72.824628,
SIMLA HOUSE,Bus,BEST,18.95803,72.802397,
ST.MARY S HIGH SCHOOL (MAZGAON),Bus,BEST,18.969781,72.835137,
"TARDEO BUS STATION, RUSI MEHTA CHOWK",Bus,BEST,18.963881,72.82087,
TWO TANKS,Bus,BEST,18.961618,72.827699,
TWO TANKS,Bus,BEST,18.961763,72.82825,
VATSALABAI DESAI CHOWK (HAJI ALI),Bus,BEST,18.977055,72.811809,
VASANTRAO NAIK CHOWK (TARDEO),Bus,BEST,18.969965,72.81512,
VASANTRAO NAIK CHOWK,Bus,BEST,18.97039,72.815015,
"GULAL WADI, YADNIK CHOWK",Bus,BEST,18.956424,72.828188,
ABDUL REHMAN SUFI GRD (ZULA MAIDAN),Bus,BEST,18.974356,72.826701,
GRANT ROAD STATION (W),Bus,BEST,18.964031,72.815913,
BHATIA HOSPITAL,Bus,BEST,18.965375,72.813605,
SANT GADGE MAHARAJ CHOWK (SAATRASTA),Bus,BEST,18.979732,72.827818,
SAIDHAM (GRANT ROAD),Bus,BEST,18.982116,72.814673,
"GOVERNMENT COLONY, INDIAN MEDICAL ASSOCIATION CHOWK",Bus,BEST,18.978701,72.815036,
DR.M.IQBAL CHOWK (J J HOSPITAL),Bus,BEST,18.962796,72.831781,
LALA LAJPATRAI COLLEGE,Bus,BEST,18.98217,72.814388,
BRADBURY MILL,Bus,BEST,18.977401,72.827136,
VATSALABAI DESAI CHOWK (HAJI ALI),Bus,BEST,18.978202,72.812036,
GRANT ROAD BRIDGE,Bus,BEST,18.96188,72.815697,
GRANT ROAD BRIDGE,Bus,BEST,18.961962,72.815915,
DONGRI JAIL,Bus,BEST,18.959104,72.836513,
WADALA FLY OVER BRIDGE,Bus,BEST,19.018798,72.860671,
ABHISHEK APARTMENTS,Bus,BEST,19.12135,72.826165,
ABHISHEK APARTMENTS,Bus,BEST,19.120799,72.826517,
ARYA SAMAJ MANDIR,Bus,BEST,19.079447,72.834466,
"VILE PARLE (W), ASHOKA HALL",Bus,BEST,19.099361,72.839544,
BALKANJI BARI SCHOOL,Bus,BEST,19.084758,72.832837,
CHANDAN CINEMA,Bus,BEST,19.114391,72.827003,
DR.COOPER HOSPITAL,Bus,BEST,19.107662,72.836782,
DR.COOPER HOSPITAL,Bus,BEST,19.10759,72.836925,
GAGANDEEP,Bus,BEST,19.113588,72.836873,
GOLDEN TOBACCO (VILE PARLE-W),Bus,BEST,19.104836,72.839569,
HARE RAM HARE KRISHNA (ISKCON),Bus,BEST,19.113097,72.826243,
ERLA,Bus,BEST,19.109263,72.840687,
J.V.P.D.BUS STATION,Bus,BEST,19.116169,72.831862,
JUHU BEACH,Bus,BEST,19.095736,72.828167,
JUHU SHOPPING CENTRE (JVPD),Bus,BEST,19.115611,72.834847,
VESAVA LINK ROAD,Bus,BEST,19.122948,72.824719,
J.V.P.D.BUS STATION,Bus,BEST,19.116402,72.82922,
SAHAKARI BHANDAR (JUHU),Bus,BEST,19.103593,72.83191,
NAWAB TANK MARG,Bus,BEST,18.965551,72.844959,
NAWAB TANK MARG,Bus,BEST,18.965533,72.845044,
DR.BHADKAMKAR ROAD,Bus,BEST,18.960264,72.817217,
DR.M.IQBAL CHOWK (J J HOSPITAL),Bus,BEST,18.962724,72.832104,
DR.M.IQBAL CHOWK (J J HOSPITAL),Bus,BEST,18.96276,72.831914,
GARLIC COMPANY,Bus,BEST,18.979118,72.828245,
GOL MANDIR (BHULESHWAR),Bus,BEST,18.958087,72.828832,
ALANKAR CINEMA,Bus,BEST,18.958047,72.824474,
NANA CHOWK,Bus,BEST,18.961925,72.8147,
VATSALABAI DESAI CHOWK (HAJI ALI),Bus,BEST,18.979901,72.812851,
VATSALABAI DESAI CHOWK (HAJI ALI),Bus,BEST,18.979811,72.812785,
"PRARTHANA SAMAJ, HARKISHANDAS HOSPITAL",Bus,BEST,18.958505,72.819745,
HYDERABAD ESTATE,Bus,BEST,18.956014,72.800852,
J.MEHTA MARG (NAPEAN SEA ROAD),Bus,BEST,18.951086,72.796223,
JOHAR CHOWK (BHENDI BAZAAR),Bus,BEST,18.958097,72.830883,
KASTURBA GANDHI CHOWK (C.P.TANK),Bus,BEST,18.954453,72.825986,
KHETWADI (GIRGAON),Bus,BEST,18.958046,72.822461,
LALA LAJPATRAI COLLAGE,Bus,BEST,18.982098,72.814673,
LALA LAJPATRAI COLLEGE,Bus,BEST,18.982116,72.814331,
MAHARANA PRATAP CHOWK (MAZGAON),Bus,BEST,18.968385,72.840532,
MADANPURA,Bus,BEST,18.969876,72.828053,
MAFATLAL PARK,Bus,BEST,18.973472,72.805763,
MAFATLAL PARK,Bus,BEST,18.974683,72.80619,
MAHARANA PRATAP CHOWK (MAZGAON),Bus,BEST,18.968113,72.840114,
MAZGAON COURT,Bus,BEST,18.968718,72.83868,
MAZGAON COURT,Bus,BEST,18.968826,72.838718,
MUMBAI CENTRAL STATION,Bus,BEST,18.968715,72.822053,
MUMBAI CENTRAL STATION,Bus,BEST,18.968804,72.820429,
MUMBAI CENTRAL STATION,Bus,BEST,18.968054,72.820363,
MUMBAI CENTRAL STATION,Bus,BEST,18.967666,72.82006,
NAGPADA POLICE STATION,Bus,BEST,18.966652,72.829765,
NALANDA (CUMBALLA HILL),Bus,BEST,18.967114,72.807982,
"NANA CHOWK, SHASTRI HALL",Bus,BEST,18.963613,72.813283,
BHATIA HOSPITAL,Bus,BEST,18.964435,72.812969,
NAVJEEVAN SOCIETY (TARDEO),Bus,BEST,18.965316,72.819511,
"A.H.ANSARI CHOWK, NEW NAGPADA",Bus,BEST,18.966582,72.832585,
"NOVELTY CINEMA, DR.BHADKAMKAR ROAD",Bus,BEST,18.961847,72.81883,
PRIYADARSHINI PARK (NAPEAN SEA ROAD),Bus,BEST,18.957133,72.79992,
"SANTACRUZ STATION (W) ROAD, KASHIBAI HOSPITAL",Bus,BEST,19.08505,72.838034,
"PARASMANI, MADHUKUNJ SOCIETY",Bus,BEST,19.107982,72.829949,
MANO-BINA APARTMENTS,Bus,BEST,19.116157,72.840967,
MANO-BINA APARTMENTS,Bus,BEST,19.116274,72.840815,
NANAVATI HOSPITAL,Bus,BEST,19.095052,72.839519,
PARSI COLONY (JUHU),Bus,BEST,19.09976,72.827551,
VILE PARLE (W),Bus,BEST,19.101719,72.838849,
VILE PARLE (W),Bus,BEST,19.101637,72.838754,
ROYAL HOTEL(JUHU),Bus,BEST,19.092135,72.828175,
KAPADIA NAGAR,Bus,BEST,19.075178,72.872704,
KUNCHI KURVE NAGAR,Bus,BEST,19.077245,72.869938,
KURLA STATION (W),Bus,BEST,19.067222,72.878998,
KURLA STATION (W),Bus,BEST,19.067294,72.878865,
"RAJMATA AHILYABAI HOLKAR UDYAN, KURLA LION S PARK",Bus,BEST,19.060804,72.872702,
LAXMANRAO YADAV MARKET (KURLA MARKET),Bus,BEST,19.070375,72.879377,
"SANT ROHIDAS SABHAGURHA, KURLA POST OFFICE",Bus,BEST,19.063976,72.874088,
"SANT ROHIDAS SABHAGURHA, KURLA POST OFFICE",Bus,BEST,19.064699,72.874449,
KURLA STATION (W),Bus,BEST,19.06724,72.879198,
MAHATMA PHULE BHAVAN (VIDYA NAGARI),Bus,BEST,19.069198,72.856954,
MAHATMA PHULE BHAVAN (VIDYA NAGARI),Bus,BEST,19.069234,72.85683,
MILAN SUBWAY,Bus,BEST,19.090547,72.844112,
MILITARY OUTPOST (KALINA),Bus,BEST,19.080573,72.859056,
MILITARY OUTPOST (KALINA),Bus,BEST,19.080483,72.859085,
MOHAMMAD ESTATE,Bus,BEST,19.073632,72.871204,
"MUKUND COMPANY, P.W.D.OFFICE (KAMANI)",Bus,BEST,19.08468,72.889946,
NAVAPADA (VIDYAVIHAR-W),Bus,BEST,19.082394,72.889938,
NEW AGRIPADA (SANTACRUZ-E),Bus,BEST,19.087367,72.844,
NEW AIR INDIA QUARTERS,Bus,BEST,19.080733,72.872274,
NEW AIR INDIA QUARTERS,Bus,BEST,19.080824,72.872416,
OLD AGRA ROAD (KURLA-W),Bus,BEST,19.079029,72.879724,
PHATAK TECHNICAL SCHOOL,Bus,BEST,19.0809,72.8502167,
RAHAT APARTMENT,Bus,BEST,19.075298,72.87965,
VAKOLA POLICE STATION,Bus,BEST,19.080556,72.846029,
VIDYA VIHAR S.T.WORKSHOP,Bus,BEST,19.080931,72.890812,
SAFED POOL (SAKI NAKA),Bus,BEST,19.096593,72.883622,
SANTACRUZ STATION (E),Bus,BEST,19.081069,72.842446,
SHEETAL CINEMA (KURLA-W),Bus,BEST,19.082454,72.882146,
ST.MARY SCHOOL (KALINA),Bus,BEST,19.078274,72.868531,
SUNDAR BAUG (KAMANI),Bus,BEST,19.08682,72.887246,
VAKOLA POLICE STATION,Bus,BEST,19.080234,72.85098,
VAKOLA PIPE LINE,Bus,BEST,19.081221,72.853953,
VAKOLA PIPE LINE,Bus,BEST,19.080805,72.853155,
VAKOLA PIPE LINE,Bus,BEST,19.0807667,72.8521,
VAKOLA POLICE STATION,Bus,BEST,19.08343,72.846759,
VAKOLA POLICE STATION (HANUMAN MANDIR),Bus,BEST,19.079012,72.847227,
VAKOLA POLICE STATION,Bus,BEST,19.082129,72.846313,
VIDYA NAGARI (KALINA),Bus,BEST,19.073356,72.860971,
VIDYA NAGARI (KALINA),Bus,BEST,19.073365,72.860809,
VIDYA NAGARI (KALINA) NEHRU LIBRARY,Bus,BEST,19.071114,72.85872,
VIDYA NAGARI (KALINA) NEHRU LIBRARY,Bus,BEST,19.071132,72.85892,
VIDYA VIHAR BUS STATION (W),Bus,BEST,19.079958,72.89659,
ACHARYA VINOBA BHAVE NAGAR (KURLA-W),Bus,BEST,19.073718,72.881513,
"NEHRU NAGAR (KURLA-E), TILAK NAGAR JUNCTION",Bus,BEST,19.068337,72.888138,
VIDYA NAGARI (KALINA),Bus,BEST,19.073347,72.860923,
ACHARYA ATRE CHOWK (WORLI NAKA),Bus,BEST,18.996907,72.816531,
ADARSH NAGAR (WORLI VILLAGE),Bus,BEST,19.016434,72.822004,
ADARSH NAGAR (WORLI VILLAGE),Bus,BEST,19.015929,72.823068,
AGAR BAZAR,Bus,BEST,19.018619,72.833942,
SANTACRUZ POLICE STATION,Bus,BEST,19.084344,72.835498,
SANTACRUZ POLICE STATION,Bus,BEST,19.083277,72.834586,
SANTACRUZ POLICE STATION,Bus,BEST,19.082943,72.834473,
SANTACRUZ STATION (W) ROAD,Bus,BEST,19.080289,72.837829,
SHASTRI NAGAR (JUHU),Bus,BEST,19.087243,72.834517,
SHOPPERS STOP (ANDHERI-W),Bus,BEST,19.115381,72.843268,
SHOPPERS STOP (ANDHERI-W),Bus,BEST,19.114568,72.842518,
STATE BANK (VILE PARLE-W),Bus,BEST,19.110602,72.829852,
SUKHMANI SOCIETY,Bus,BEST,19.113231,72.829859,
VAIKUNTH DHAM,Bus,BEST,19.115367,72.823176,
VAIKUNTH DHAM,Bus,BEST,19.115262,72.823234,
VILE PARLE (W),Bus,BEST,19.102216,72.83939,
YASHODHAM,Bus,BEST,19.088073,72.832901,
MITHIBAI COLLEGE,Bus,BEST,19.103597,72.836937,
DR.COOPER HOSPITAL,Bus,BEST,19.108945,72.837086,
BHARAT NAGAR (VESAVE),Bus,BEST,19.125413,72.822579,
JUHU SHOPPING CENTRE (JVPD),Bus,BEST,19.116062,72.835122,
"D.N.NAGAR, BARFIWALA VIDYALAYA",Bus,BEST,19.123928,72.830497,
INDIAN OIL NAGAR (ANDHERI-W),Bus,BEST,19.127307,72.831046,
ESIC NAGAR,Bus,BEST,19.121979,72.829904,
AZAD NAGAR (KALINA),Bus,BEST,19.078653,72.866688,
AMAR BRASS & STEEL COMPANY,Bus,BEST,19.071976,72.865627,
"ANJANABAI MAGAR CHOWK, SWATANTRA SAINIK SURVE CHOWK",Bus,BEST,19.071466,72.875604,
"ANJANABAI MAGAR CHOWK, SWATANTRA SAINIK SURVE CHOWK",Bus,BEST,19.070011,72.875367,
BAIL BAZAR,Bus,BEST,19.086438,72.881013,
BUDDHA NAGAR (KURLA-W),Bus,BEST,19.073456,72.880326,
CHIRAG NAGAR,Bus,BEST,19.08658,72.898117,
DATTA MANDIR (VAKOLA),Bus,BEST,19.083,72.8532333,
DR.AMBEDKAR BHAVAN (VIDYA NAGARI),Bus,BEST,19.072169,72.854653,
GAONDEVI JUNCTION (VAKOLA),Bus,BEST,19.0824,72.8535667,
GOL BUILDING (KURLA-W),Bus,BEST,19.067446,72.874998,
"INDIRA NAGAR (KAMANI), KHALAI VILLAGE",Bus,BEST,19.081971,72.894366,
JARIMARI (SAKINAKA),Bus,BEST,19.094687,72.883413,
KALINA,Bus,BEST,19.077775,72.862897,
KALPANA CINEMA,Bus,BEST,19.077285,72.878528,
KAMANI,Bus,BEST,19.084669,72.885489,
KAMANI,Bus,BEST,19.085103,72.886478,
KAMANI,Bus,BEST,19.085085,72.887019,
KAMANI,Bus,BEST,19.085067,72.887238,
PHOENIX MILL,Bus,BEST,18.995107,72.825583,
"PODDAR HOSPITAL (WORLI), SIDDHARTH NAGAR",Bus,BEST,19.002706,72.815671,
"PODDAR HOSPITAL (WORLI), SIDDHARTH NAGAR",Bus,BEST,19.001296,72.815435,
POLICE CAMP (WORLI),Bus,BEST,19.008053,72.814431,
PRABHADEVI,Bus,BEST,19.013656,72.829396,
PRABHADEVI,Bus,BEST,19.013285,72.828513,
PRABHADEVI,Bus,BEST,19.015959,72.82834,
PRABODHANKAR THACKERAY CHOWK (DADAR-W),Bus,BEST,19.020049,72.836562,
RANADE ROAD (DADAR-W),Bus,BEST,19.021603,72.837559,
"DR.RAVINDRA KULKARNI CHOWK, SASMIRA (WORLI)",Bus,BEST,19.010127,72.820356,
"MAHALAXMI RACE COURSE, ZENITH HOUSE",Bus,BEST,18.979708,72.820297,
"MAHALAXMI RACE COURSE, ZENITH HOUSE",Bus,BEST,18.979917,72.820819,
"AMBIKA MILL BUS STATION, H.U.RAKHANGI CHOWK",Bus,BEST,18.988013,72.822816,
RAM GANESH GADKARI CHOWK (DADAR-W),Bus,BEST,19.026086,72.840851,
RAM GANESH GADKARI CHOWK (DADAR-W),Bus,BEST,19.026628,72.840927,
"JARIMARI MATA MANDIR, S.T.OFFICE (WORLI)",Bus,BEST,18.995,72.815697,
SAYANI MARG,Bus,BEST,19.010613,72.831516,
VEER HUTATMA BHAI KOTWAL UDYAN (PLAZA),Bus,BEST,19.02297,72.842392,
"MAHAPOUR NIWAS, SHIVAJI PARK",Bus,BEST,19.028794,72.83761,
"MAHAPOUR NIWAS, SHIVAJI PARK",Bus,BEST,19.028831,72.837667,
"MAHAPOUR NIWAS, SHIVAJI PARK",Bus,BEST,19.028885,72.837572,
SIMPLEX MILL,Bus,BEST,18.97978,72.831236,
SHREE RAM MILL,Bus,BEST,18.997362,72.822048,
STANDARD MILL,Bus,BEST,19.012634,72.826652,
VEER HUTATMA BHAI KOTWAL UDYAN (PLAZA),Bus,BEST,19.021073,72.84265,
VEER HUTATMA BHAI KOTWAL UDYAN (PLAZA),Bus,BEST,19.021109,72.842137,
VEER HUTATMA BHAI KOTWAL UDYAN (PLAZA),Bus,BEST,19.020902,72.842584,
"VENUS BUILDING, WATUMAL ENGG.COLLEGE",Bus,BEST,19.002034,72.811796,
WORLI DAIRY,Bus,BEST,18.998185,72.811496,
WORLI VILLAGE,Bus,BEST,19.016713,72.820731,
KAMGAR STADIUM (PRABHADEVI),Bus,BEST,19.011456,72.835362,
WORLI SEA FACE POST OFFICE,Bus,BEST,19.016504,72.81885,
RAM GANESH GADKARI CHOWK (DADAR-W),Bus,BEST,19.023981,72.839647,
PASSPORT OFFICE (WORLI),Bus,BEST,19.011356,72.820916,
DADAR STATION (W),Bus,BEST,19.018317,72.841645,
DADAR STATION (W),Bus,BEST,19.018236,72.84137,
"VANITA SAMAJ, CHAITYABHOOMI",Bus,BEST,19.027267,72.83687,
RAM GANESH GADKARI CHOWK (DADAR-W),Bus,BEST,19.024467,72.837879,
WORLI SEA FACE (S),Bus,BEST,19.015789,72.817645,
WORLI POST OFFICE,Bus,BEST,19.005108,72.814956,
KOHINOOR PPL GATE NO.2,Bus,BEST,19.02466,72.843132,
KOHINOOR PPL GATE NO.2,Bus,BEST,19.0242,72.843019,
BABASAHEB WORLIKAR CHOWK (CENTURY BAZAAR),Bus,BEST,19.012387,72.822349,
BABASAHEB WORLIKAR CHOWK (CENTURY BAZAAR),Bus,BEST,19.012723,72.825863,
BAWLA MASJID,Bus,BEST,18.994514,72.831187,
"S BRIDGE, MANDLIK CHOWK",Bus,BEST,18.981036,72.831986,
"S BRIDGE, MANDLIK CHOWK",Bus,BEST,18.98072,72.831881,
"CATERING COLLEGE, SURYAVANSHI HALL",Bus,BEST,19.023146,72.834546,
CITYLIGHT CINEMA,Bus,BEST,19.030044,72.841799,
CITYLIGHT CINEMA,Bus,BEST,19.029845,72.841751,
CITYLIGHT CINEMA,Bus,BEST,19.029809,72.841647,
KABUTARKHANA (DADAR-W),Bus,BEST,19.018669,72.840154,
DADAR POLICE STATION,Bus,BEST,19.014203,72.835379,
DEEPAK CINEMA,Bus,BEST,19.006919,72.831994,
DHAIRYAVAN CHOWK,Bus,BEST,19.0313458,72.8427582,
DOORDARSHAN (WORLI),Bus,BEST,19.005942,72.818128,
DOORDARSHAN (WORLI),Bus,BEST,19.005635,72.818014,
DAWN MILL,Bus,BEST,18.998144,72.828097,
PRABHADEVI STATION (W),Bus,BEST,19.007237,72.835337,
"FLORA HOTEL, WATUMAL ENGG.COLLEGE",Bus,BEST,19.00321,72.813562,
"FLORA HOTEL, WATUMAL ENGG.COLLEGE",Bus,BEST,19.00303,72.813771,
COMRADE GULABRAO GANACHARYA CHOWK,Bus,BEST,18.985778,72.831108,
COMRADE GULABRAO GANACHARYA CHOWK,Bus,BEST,18.98595,72.831061,
DAINIK SHIVNER,Bus,BEST,18.99608,72.822705,
DAINIK SHIVNER,Bus,BEST,18.996785,72.822467,
DAINIK SHIVNER,Bus,BEST,18.993108,72.822403,
JIJAMATA NAGAR (WORLI),Bus,BEST,18.993269,72.820105,
KAMALA MILL,Bus,BEST,19.00296,72.82986,
"KHEDGALLI, SIDDHIVINAYAK MANDIR (PRABHADEVI)",Bus,BEST,19.014716,72.832634,
LOWER PAREL STATION,Bus,BEST,18.996899,72.831252,
LOWER PAREL STATION,Bus,BEST,18.997043,72.83137,
LOWER PAREL STATION,Bus,BEST,18.996782,72.831385,
LOWER PAREL WORKSHOP,Bus,BEST,19.000901,72.831163,
MAHALAXMI STATION,Bus,BEST,18.983397,72.824481,
MHATRE PEN COMPANY,Bus,BEST,19.013563,72.837498,
N.M.JOSHI MARG POLICE STATION,Bus,BEST,18.991353,72.831465,
NEHRU PLANETARIUM (WORLI),Bus,BEST,18.98956,72.813783,
NARAYAN PUJARI NAGAR (WORLI),Bus,BEST,18.994619,72.813797,
NATIONAL ASSOCIATION FOR BLIND (NAB),Bus,BEST,19.011018,72.816234,
COMRADE P.K.KURNE CHOWK (WORLI ),Bus,BEST,19.004896,72.820921,
COMRADE P.K.KURNE CHOWK (WORLI ),Bus,BEST,19.005438,72.821054,
SHIVAJI PARK GYMKHANA,Bus,BEST,19.025759,72.837128,
DADAR POLICE STATION,Bus,BEST,19.014284,72.835199,
BALBHARATI (KANDIVALI-W),Bus,BEST,19.200386,72.848761,
RANA & SONS,Bus,BEST,19.210417,72.826835,
CHARKOP POLICE STATION,Bus,BEST,19.214487,72.820898,
CHARKOP VILLAGE,Bus,BEST,19.208715,72.821017,
"ADITYA APARTMENT, CHIKOOWADI",Bus,BEST,19.220129,72.840741,
DAHANUKAR WADI,Bus,BEST,19.20773,72.837237,
DAHANUKAR WADI,Bus,BEST,19.207492,72.837836,
CHARKOP EKDANT SOCIETY,Bus,BEST,19.217983,72.820267,
EKTA NAGAR (KANDIVALI-W),Bus,BEST,19.213785,72.837074,
GANESH CHOWK,Bus,BEST,19.2154,72.834353,
GANESH MANDIR (KANDIVALI-W),Bus,BEST,19.215635,72.822133,
SHIMPAVALI NAKA,Bus,BEST,19.22347,72.852921,
SUVARNA HOSPITAL (BORIVALI -W),Bus,BEST,19.2239,72.845854,
SUVARNA HOSPITAL (BORIVALI -W),Bus,BEST,19.223845,72.845702,
VAISHALI BHAVAN (KANDIVALI-W),Bus,BEST,19.205114,72.838954,
YASHKRIPA BUILDING,Bus,BEST,19.221368,72.841995,
PRABODHANKAR THACKERAY NAGAR MARKET (CHARKOP),Bus,BEST,19.216155,72.828447,
AGARKAR CHOWK (ANDHERI-E),Bus,BEST,19.11748,72.848038,
AGARKAR CHOWK (ANDHERI-E),Bus,BEST,19.117453,72.848038,
AGARKAR CHOWK (ANDHERI-E),Bus,BEST,19.118591,72.848284,
AGARKAR CHOWK (ANDHERI-E),Bus,BEST,19.119657,72.847808,
AGARKAR CHOWK (ANDHERI-E),Bus,BEST,19.118844,72.848322,
AGARKAR CHOWK (ANDHERI-E),Bus,BEST,19.12001,72.847903,
AMRUT SHAKTI,Bus,BEST,19.107873,72.897102,
ASHIRWAD SOCIETY,Bus,BEST,19.112607,72.896568,
BAHAR CINEMA,Bus,BEST,19.110907,72.853915,
BAMANDAYA PADA,Bus,BEST,19.122938,72.886888,
BAMAN PADA (CHAKALA),Bus,BEST,19.104613,72.858861,
BELA NIVAS,Bus,BEST,19.114227,72.861764,
BEST QUARRIES (CHANDIVALI),Bus,BEST,19.111804,72.90095,
BLOSSOM COMPANY,Bus,BEST,19.117028,72.881569,
C-CROSS ROAD (SEEPZ ),Bus,BEST,19.122814,72.872118,
CHAKALA,Bus,BEST,19.113195,72.858951,
CHAKALA,Bus,BEST,19.115408,72.85742,
CHAKALA,Bus,BEST,19.114795,72.860927,
CHAKALA CIGARETTE FACTORY,Bus,BEST,19.107468,72.85886,
CHANDIVALI VILLAGE,Bus,BEST,19.114225,72.898839,
CHHATRAPATI SHIVAJI INTERNATIONAL AIRPORT (SAHAR),Bus,BEST,19.100664,72.87463,
"DARPAN CINEMA, SAI SERVICE",Bus,BEST,19.116979,72.85547,
"DARPAN CINEMA, SAI SERVICE",Bus,BEST,19.114918,72.854683,
DOMESTIC AIRPORT JUNCTION,Bus,BEST,19.09347,72.851532,
"DR.DATTA SAMANT CHOWK, SAKINAKA",Bus,BEST,19.105963,72.885385,
"DR.DATTA SAMANT CHOWK, SAKINAKA",Bus,BEST,19.105385,72.885765,
"DR.DATTA SAMANT CHOWK, SAKINAKA",Bus,BEST,19.105258,72.885537,
GANESH PADA,Bus,BEST,19.120824,72.885511,
GANESH PADA,Bus,BEST,19.12151,72.885777,
GAUTAM NAGAR (MIDC-MAROL),Bus,BEST,19.118432,72.869783,
GAUTAM NAGAR (MIDC-MAROL),Bus,BEST,19.118712,72.870153,
GOKHALE BRIDGE (ANDHERI-W),Bus,BEST,19.115538,72.847659,
"SHRI SWAMI SAMARTH MUTT, HANUMAN ROAD (VILE PARLE-E)",Bus,BEST,19.103714,72.85143,
HANUMAN SOCIETY BUILDING NO.5 (VILE PARLE-E),Bus,BEST,19.105187,72.85218,
HANUMAN SOCIETY BUILDING NO.5 (VILE PARLE-E),Bus,BEST,19.105097,72.852113,
"ICICI BANK (CHANDIVLI), SINHAGAD COLLEGE",Bus,BEST,19.113573,72.896634,
"ICICI BANK (CHANDIVLI), SINHAGAD COLLEGE",Bus,BEST,19.113537,72.896682,
INDIAN OIL (SAHAR),Bus,BEST,19.10321,72.871169,
J.B.NAGAR (ANDHERI-E),Bus,BEST,19.10832,72.864571,
"MAROL VILLAGE, LOKBHARTHI",Bus,BEST,19.113422,72.880097,
JAMBHULPADA,Bus,BEST,19.094061,72.898894,
JUNGLESHWAR MAHADEO MANDIR,Bus,BEST,19.100881,72.898587,
KHERANI BAUG,Bus,BEST,19.102815,72.8991,
KULKARNI WADI,Bus,BEST,19.098451,72.89779,
GANESH SOCIETY (KANDIVALI-W),Bus,BEST,19.219373,72.830841,
GOKHALE HIGH SCHOOL (BORIVALI -W),Bus,BEST,19.223704,72.850914,
"GOVERDHAN NAGAR, BORSAPADA",Bus,BEST,19.212256,72.846928,
HARIDAS NAGAR,Bus,BEST,19.221706,72.847891,
"HINDUSTAN NAKA, C.CHARANSINGH CHOWK",Bus,BEST,19.20807,72.829367,
INDIAN EDUCATION SCHOOL (KANDIVALI-W),Bus,BEST,19.213586,72.824094,
JAY GANGA,Bus,BEST,19.211768,72.820786,
MAHATMA GANDHI SWIMMING POOL (KANDIVALI-W),Bus,BEST,19.205379,72.844251,
KAMRAJ NAGAR (KANDIVALI-W),Bus,BEST,19.208625,72.834996,
KANDIVALI STATION (W),Bus,BEST,19.204684,72.850809,
KANDIVALI STATION (W),Bus,BEST,19.203947,72.850718,
KANDIVALI STATION (W),Bus,BEST,19.205917,72.851668,
KANDIVALI VILLAGE,Bus,BEST,19.205694,72.842177,
"GANESH MANDIR, KASTUR PARK",Bus,BEST,19.223739,72.848537,
"GANESH MANDIR, KASTUR PARK",Bus,BEST,19.223658,72.848689,
MAHAVIR NAGAR (KANDIVLI-W),Bus,BEST,19.211952,72.839633,
MAHAVIR NAGAR -EXTENSION (KANDIVLI-W),Bus,BEST,19.215665,72.838813,
DENA BANK (KANDIVALI-W),Bus,BEST,19.204244,72.848759,
MAHAVIR NAGAR -EXTENSION (KANDIVLI-W),Bus,BEST,19.215113,72.837102,
MILAP TALKIES,Bus,BEST,19.196248,72.847519,
PADMAJA SOCIETY,Bus,BEST,19.204581,72.826003,
NETAJI SUBHASHCHANDRA BOSE SPORTS COMPLEX,Bus,BEST,19.2123,72.845235,
CHARKOP SECTOR 5,Bus,BEST,19.215457,72.825852,
CHARKOP SECTOR 8,Bus,BEST,19.214941,72.813059,
PRABODHANKAR THACKERAY NAGAR BUS STATION (CHARKOP),Bus,BEST,19.215451,72.829237,
BHABREKAR NAGAR NO.1,Bus,BEST,19.205447,72.824034,
PUNCHASHEEL APARTMENTS,Bus,BEST,19.213372,72.841364,
"DR.AMBEDKAR HOSPITAL, PAREKH NAGAR",Bus,BEST,19.208283,72.850648,
"MAHAVIR NAGAR EXTENSION (KANDIVLI-W), PARIJAT SOCIETY",Bus,BEST,19.214392,72.839509,
PRAPTI SOCIETY,Bus,BEST,19.220716,72.839494,
RASHMI RATHI SOCIETY,Bus,BEST,19.215446,72.835865,
RENUKA NAGAR,Bus,BEST,19.211408,72.835878,
SAI CHITRA SOCIETY (KANDIVALI-W),Bus,BEST,19.216285,72.820963,
SAI SIDDHI SOCIETY (KANDIVALI-W),Bus,BEST,19.215214,72.81614,
SAIBABA NAGAR (BORIVALI -W),Bus,BEST,19.217214,72.845041,
SHANTI NAGAR (KANDIVALI-W),Bus,BEST,19.206394,72.834703,
NAHAR ESTATE,Bus,BEST,19.105642,72.89697,
MARWAH ROAD JUNCTION (SAKI VIHAR ROAD),Bus,BEST,19.109216,72.887626,
AGARKAR CHOWK (ANDHERI-E),Bus,BEST,19.119911,72.848796,
ASHOK NAGAR (MAROL MAROSHI),Bus,BEST,19.118032,72.88517,
AGARKAR CHOWK (ANDHERI-E),Bus,BEST,19.117137,72.848,
"CHANDVALI STUDIO, PETROL PUMP",Bus,BEST,19.114513,72.897043,
SAVITRIBAI PHULE NAGAR,Bus,BEST,19.10046,72.863796,
"ACHARYA GARDEN, DIAMOND GARDEN",Bus,BEST,19.051411,72.900449,
"SAMAJ MANDIR HALL (VASHI), SECTOR 21",Bus,BEST,19.082367,73.00023,
ADARSH MARKET,Bus,BEST,19.013098,73.017842,
AGARWADI (MANKHURD),Bus,BEST,19.045699,72.925921,
ANUSHAKTI NAGAR BUS STATION,Bus,BEST,19.04242,72.926529,
ANUSHAKTI NAGAR BUS STATION,Bus,BEST,19.042898,72.926387,
A.P.M.C SECTOR 26,Bus,BEST,19.086864,73.010608,
APNA BAZAR (VASHI),Bus,BEST,19.070876,72.9975,
BALBHARATI VIDYALAYA (KHARGHAR),Bus,BEST,19.034101,73.062839,
BALBHARATI VIDYALAYA (KHARGHAR),Bus,BEST,19.033712,73.062497,
B.A.R.C GATE NO.6,Bus,BEST,19.042123,72.933797,
BASANT TALKIES,Bus,BEST,19.045874,72.904137,
BELPADA VILLAGE,Bus,BEST,19.029007,73.060233,
BELPADA VILLAGE,Bus,BEST,19.029052,73.06028,
BELPADA VILLAGE,Bus,BEST,19.02804,73.059966,
"SAMATA NAGAR, BONKODE",Bus,BEST,19.094932,73.005764,
CANARA BANK (KHARGHAR),Bus,BEST,19.035446,73.064103,
CHEETA CAMP,Bus,BEST,19.038429,72.944712,
CHINCHOLI TALAO (NAVI MUMBAI),Bus,BEST,19.046407,73.01754,
CHINCHOLI TALAO (NAVI MUMBAI),Bus,BEST,19.046741,73.017578,
A.P.M.C. FRUIT AND VEGETABLE MARKET,Bus,BEST,19.076592,73.009721,
GANDHI MARKET (CHEMBUR),Bus,BEST,19.045736,72.896071,
GHANSOLI VILLAGE,Bus,BEST,19.12284,72.99966,
GHARKUL,Bus,BEST,19.037913,73.077509,
GHARKUL,Bus,BEST,19.038012,73.078088,
GOKHALE VIDYALAYA (KHARGHAR),Bus,BEST,19.041489,73.065921,
GOVANDI STATION ROAD (E),Bus,BEST,19.052662,72.914186,
HELAN KELLAR INSTITUTE (MAHAPE),Bus,BEST,19.113225,73.012307,
HIRANANDANI COMPLEX JUNCTION (KHARGHAR),Bus,BEST,19.032888,73.066543,
I.C.L.SCHOOL (VASHI),Bus,BEST,19.073158,73.012475,
JALVAYU VIHAR (KHARGHAR),Bus,BEST,19.049653,73.070287,
"JUI NAGAR, GAONDEVI CHOWK",Bus,BEST,19.049208,73.017218,
JUI NAGAR RAILWAY STATION,Bus,BEST,19.055676,73.015463,
KALAMBOLI FIRE BRIGADE,Bus,BEST,19.02633,73.1052,
KACHWADI,Bus,BEST,19.052752,72.915953,
KACHWADI,Bus,BEST,19.052247,72.916932,
KENDRIYA VIHAR (SECTOR 12),Bus,BEST,19.037595,73.065719,
TEEN TAKI (KOPAR KHAIRANE),Bus,BEST,19.104898,73.003219,
KOPARA VILLAGE,Bus,BEST,19.036841,73.072825,
KOPARA VILLAGE,Bus,BEST,19.037257,73.072967,
VASHI SECTOR 29,Bus,BEST,19.089368,73.004897,
MEGA MART,Bus,BEST,19.091734,73.005516,
"MAHATMA GANDHI HOSPITAL, PANVEL NAKA",Bus,BEST,19.018958,73.104927,
M.S.E.B.OFFICE (KOPAR KHAIRANE),Bus,BEST,19.106858,73.002602,
LUCKY HOTEL (KHAIRANI MARG),Bus,BEST,19.105162,72.895316,
LUCKY HOTEL (KHAIRANI MARG),Bus,BEST,19.105244,72.895107,
"MAHANT ROAD, VILE PARLE (E)",Bus,BEST,19.100282,72.852088,
MAHARASHTRA KATA (SAKI NAKA),Bus,BEST,19.103046,72.888864,
MAHARASHTRA KATA (SAKI NAKA),Bus,BEST,19.103262,72.888171,
MAROL LIONS CLUB,Bus,BEST,19.109852,72.875319,
MAROL VILLAGE,Bus,BEST,19.112094,72.87891,
"MAROL NAKA, MATA RAMABAI AMBEDKAR CHOWK",Bus,BEST,19.110034,72.878398,
"MAROL NAKA, MATA RAMABAI AMBEDKAR CHOWK",Bus,BEST,19.108056,72.880043,
MHADA COLONY (CHANDIVALI),Bus,BEST,19.111288,72.896787,
MITTAL ESTATE (MAROL),Bus,BEST,19.107588,72.883664,
MOHILI VILLAGE,Bus,BEST,19.098575,72.892658,
MOHILI VILLAGE,Bus,BEST,19.098557,72.892392,
SHOPPING PLAZA (POWAI),Bus,BEST,19.111035,72.897481,
SARVODAY (VILE PARLE-W),Bus,BEST,19.099848,72.852735,
"NEW QUARTERS, MAHARSHI VALMIKI CHOWK",Bus,BEST,19.103302,72.857494,
OBEROI GARDEN (CHANDIVLI),Bus,BEST,19.114828,72.893535,
SAHAR P & T COLONY NO.2,Bus,BEST,19.103548,72.861951,
SAHAR P & T COLONY NO.1,Bus,BEST,19.101453,72.863254,
PARLE TILAK VIDYALAYA,Bus,BEST,19.103088,72.847078,
POST OFFICE (POWAI),Bus,BEST,19.106018,72.888892,
R.B.I. COLONY (ANDHERI-E),Bus,BEST,19.110848,72.862079,
SAHAR POLICE STATION,Bus,BEST,19.102038,72.876644,
SAINATH NAGAR (MIDC -MAROL),Bus,BEST,19.120946,72.875627,
SAMBHAJI NAGAR (VILE PARLE-E),Bus,BEST,19.1019,72.854795,
CHAKALA (SATAMWADI),Bus,BEST,19.11147,72.859902,
SHIVPREMI NAGAR,Bus,BEST,19.09565,72.897829,
SHIVPREMI NAGAR,Bus,BEST,19.09519,72.897972,
STATE BANK (SAKI NAKA),Bus,BEST,19.106379,72.887922,
"SUMER HOUSE, SURAJ DIAMOND",Bus,BEST,19.121532,72.873744,
TARUN BHARAT SOCIETY,Bus,BEST,19.107848,72.86153,
TARUN WELL SOCIETY,Bus,BEST,19.107804,72.863212,
DOMESTIC AIRPORT TERMINAL 1-B,Bus,BEST,19.09349,72.855837,
DOMESTIC AIRPORT TERMINAL 1-B,Bus,BEST,19.093362,72.852672,
VIJAY NAGAR (MAROL MAROSHI),Bus,BEST,19.121363,72.880074,
VIJAY NAGAR (MAROL MAROSHI),Bus,BEST,19.120153,72.879647,
VIJAY NAGAR SOCIETY (ANDHERI-E),Bus,BEST,19.114146,72.847479,
MAHARASHTRA NAGAR (MANKHURD),Bus,BEST,19.051699,72.937738,
MAITRI PARK,Bus,BEST,19.049669,72.905019,
MANDALA,Bus,BEST,19.041743,72.93564,
MANKHURD OCTROI NAKA,Bus,BEST,19.05779,72.956235,
MANKHURD STATION (SOUTH),Bus,BEST,19.042673,72.930415,
"MATHADI BHAVAN, COMMODITY EXCHANGE",Bus,BEST,19.078995,73.009151,
MILLENNIUM BUSINESS PARK (MAHAPE),Bus,BEST,19.1123833,73.0167833,
NATHU JOMA PATIL CHOWK,Bus,BEST,19.060655,73.01402,
NERUL VILLAGE,Bus,BEST,19.036651,73.015133,
NERUL RAILWAY STATION,Bus,BEST,19.034274,73.017194,
ONION POTATO MARKET (VASHI),Bus,BEST,19.073738,73.005786,
ONION POTATO MARKET (VASHI),Bus,BEST,19.073865,73.005444,
PANCHAVATI,Bus,BEST,19.116633,73.002747,
"REGENCY GARDEN, SBI",Bus,BEST,19.044679,73.064156,
MAHARASHTRA NAGAR (MANKHURD),Bus,BEST,19.050732,72.936132,
ASHA USHA COMPANY,Bus,BEST,19.108486,72.924187,
ASHOK KEDARE CHOWK,Bus,BEST,19.147731,72.928637,
ASHOK KEDARE CHOWK,Bus,BEST,19.147812,72.928533,
ASIAN PAINTS,Bus,BEST,19.159305,72.937628,
BARVE NAGAR,Bus,BEST,19.097991,72.902066,
BAYER HOUSE,Bus,BEST,19.119577,72.912371,
BAYER HOUSE,Bus,BEST,19.120435,72.91278,
BHANDUP POLICE STATION,Bus,BEST,19.151382,72.937487,
BHANDUP STATION (W),Bus,BEST,19.144299,72.93782,
BHANDUP STATION (W),Bus,BEST,19.144434,72.937336,
BHANDUP STATION (W) ROAD,Bus,BEST,19.146711,72.936489,
CEAT COMPANY,Bus,BEST,19.154878,72.943409,
KINGSTON SEZ (POWAI),Bus,BEST,19.114256,72.913171,
CIBA COMPANY,Bus,BEST,19.134758,72.928725,
"CIPLA COMPANY, MILITARY CANTEEN",Bus,BEST,19.113735,72.926097,
DAMODAR PARK,Bus,BEST,19.095511,72.914469,
DAMODAR PARK,Bus,BEST,19.095556,72.914412,
DARGAH (VIKHROLI-W),Bus,BEST,19.096622,72.915419,
DOCKYARD COLONY (KANJURMARG-W),Bus,BEST,19.131297,72.92672,
"DR.AMBEDKAR UDYAN, POWAI",Bus,BEST,19.124657,72.893978,
"TEMBIPADA NAKA, VAIBHAV CHOWK",Bus,BEST,19.154064,72.929577,
EKTA NAGAR POLICE CHOWKY- BHANDUP-W,Bus,BEST,19.140729,72.926633,
FOREST CLUB (POWAI),Bus,BEST,19.114435,72.906936,
MANGATRAM PETROLPUMP,Bus,BEST,19.13895,72.930968,
"GAONDEVI NAKA (BHANDUP-W), MADHUKUN BUILDING",Bus,BEST,19.154967,72.932115,
GHATKOPAR PIPE LINE,Bus,BEST,19.087584,72.902878,
GHATKOPAR POLICE STATION,Bus,BEST,19.086915,72.899799,
GHATKOPAR STATION (W),Bus,BEST,19.086818,72.908874,
"HIRANANDANI, POWAI BUS STATION",Bus,BEST,19.117705,72.905643,
GHATKOPAR STATION (W),Bus,BEST,19.085716,72.907554,
GODREJ COMPANY (VIKHROLI-W),Bus,BEST,19.104194,72.921299,
HANUMAN MANDIR (BHANDUP-W),Bus,BEST,19.157544,72.943561,
HANUMAN MANDIR (BARVE NAGAR),Bus,BEST,19.093719,72.903816,
HANUMAN NAGAR (BHANDUP-W),Bus,BEST,19.139752,72.921747,
HINDUSTAN COMPANY (VIKHROLI-W),Bus,BEST,19.121865,72.925392,
HIRANANDANI (POWAI),Bus,BEST,19.120569,72.906716,
I.I.T.MAIN GATE (POWAI),Bus,BEST,19.125784,72.917046,
I.I.T.MAIN GATE (POWAI),Bus,BEST,19.125369,72.917198,
I.I.T.MARKET (POWAI),Bus,BEST,19.128802,72.919621,
INDUSTRIAL ESTATE (VIKHROLI-W),Bus,BEST,19.099829,72.914515,
JAMBHULPADA,Bus,BEST,19.094576,72.900272,
JUNGAL MANGAL ROAD (BHANDUP-W),Bus,BEST,19.150586,72.933837,
KAILAS INDUSTRIAL ESTATE,Bus,BEST,19.112215,72.917733,
KINGSTON SEZ (POWAI),Bus,BEST,19.112765,72.910748,
KRUPA BUILDING,Bus,BEST,19.094036,72.907884,
MEENATAI THACKERAY MAIDAN (ANACIN COMPANY),Bus,BEST,19.099504,72.917661,
"SHIVAJI MAIDAN, MADINA MASJID",Bus,BEST,19.104066,72.914542,
MUNICIPAL GARDEN (VIKHROLI-W),Bus,BEST,19.109993,72.917801,
MANGATRAM PETROLPUMP,Bus,BEST,19.13885,72.93092,
PARSIK BANK (NERUL),Bus,BEST,19.040741,73.021433,
PUNJAB WADI (DEONAR),Bus,BEST,19.045281,72.915062,
PUNJAB WADI (DEONAR),Bus,BEST,19.04557,72.914492,
R.F.NAIK SCHOOL (KOPAR KHAIRANE),Bus,BEST,19.0986,73.005023,
R.K.STUDIO,Bus,BEST,19.047736,72.907053,
RAJ KAPOOR CHOWK (ANUSHAKTI NAGAR),Bus,BEST,19.043719,72.921513,
R.B.I.COLONY (C.B.D.BELAPUR),Bus,BEST,19.022851,73.049334,
SAIDHAM SOCIETY (NERUL),Bus,BEST,19.011689,73.014793,
SANPADA STATION,Bus,BEST,19.067956,73.009775,
SANPADA TELEPHONE EXCHANGE (SANT NIRANKARI BHAVAN),Bus,BEST,19.059137,73.013934,
SANPADA TELEPHONE EXCHANGE (SANT NIRANKARI BHAVAN),Bus,BEST,19.058839,73.014067,
NERUL SECTOR 42,Bus,BEST,19.015691,73.014984,
"NERUL SECTOR 46, 48",Bus,BEST,19.009313,73.015666,
"NERUL SECTOR 46, 48",Bus,BEST,19.008084,73.016378,
"VASHI SECTOR 9,16, JUHU NAGAR MARKET",Bus,BEST,19.078555,72.998196,
SHAMRAO VITHAL BANK (JUI NAGAR),Bus,BEST,19.059628,73.003284,
SHIRAVANE VILLAGE,Bus,BEST,19.049567,73.021959,
GANESH SOCIETY (NERUL),Bus,BEST,19.028239,73.016517,
GANESH SOCIETY (NERUL),Bus,BEST,19.028221,73.01665,
SANT RAJINDER SINGH ASHRAM,Bus,BEST,19.112956,73.00229,
"SAURASHTRA BANK, STATE BANK (VASHI)",Bus,BEST,19.079827,73.007622,
TELECOM FACTORY,Bus,BEST,19.045164,72.918368,
TELECOM FACTORY,Bus,BEST,19.045137,72.918406,
TELECOM FACTORY,Bus,BEST,19.044433,72.918454,
TERNA VIDYALAYA (NERUL),Bus,BEST,19.038431,73.014649,
TERNA ENGINEERING COLLEGE (KOPAR KHAIRANE),Bus,BEST,19.11114,73.003563,
THANE BELAPUR JUNCTION,Bus,BEST,19.067223,73.013395,
TURBHE NAKA (JANATA MARKET),Bus,BEST,19.069507,73.019087,
VASHI BUS STATION,Bus,BEST,19.072945,72.997757,
VASHI BUS STATION,Bus,BEST,19.075954,72.997824,
VASHI VILLAGE,Bus,BEST,19.069586,72.987495,
VASHI RAILWAY STATION,Bus,BEST,19.06401,72.998373,
YASHWANTRAO CHAVAN MARG JUNCTION(VASHI),Bus,BEST,19.06851,72.996131,
YERALA MEDICAL CENTRE,Bus,BEST,19.031798,73.060643,
YERALA MEDICAL CENTRE,Bus,BEST,19.031617,73.060766,
MAHARASHTRA NAGAR (MANKHURD),Bus,BEST,19.05076,72.93618,
VASHI SECTOR 19,Bus,BEST,19.083963,73.011842,
MILLENNIUM BUSINESS PARK (MAHAPE),Bus,BEST,19.113919,73.016394,
CHHEDA NAGAR,Bus,BEST,19.069399,72.904936,
D.A.V.COLLEGE,Bus,BEST,19.138752,72.935797,
GANDHI MARKET (GHATKOPAR-E),Bus,BEST,19.08099,72.904277,
GANDHI NAGAR (KANJURMARG),Bus,BEST,19.124982,72.925686,
GARODIA PALACE,Bus,BEST,19.074414,72.906674,
"GARODIA NAGAR, R.T.O",Bus,BEST,19.072282,72.908042,
KAMRAJ NAGAR (GHATKOPAR-E),Bus,BEST,19.073177,72.909287,
GHATKOPAR STATION (E),Bus,BEST,19.084777,72.908837,
"PESTOM SAGAR, GLASS FACTORY",Bus,BEST,19.07078,72.901221,
GODREJ COMPANY (VIKHROLI-E),Bus,BEST,19.101323,72.929131,
GODREJ SOAP COMPANY (VIKHROLI-E),Bus,BEST,19.093173,72.926082,
JAIN MANDIR (GHATKOPAR-E),Bus,BEST,19.081181,72.908562,
JAIN MANDIR (GHATKOPAR-E),Bus,BEST,19.083114,72.909151,
JANATA MARKET (VIKHROLI-E),Bus,BEST,19.121226,72.94001,
KANJUR VILLAGE,Bus,BEST,19.1326,72.936254,
KANNAMWAR NAGAR NO.1,Bus,BEST,19.113827,72.935591,
KANNAMWAR NAGAR NO.2,Bus,BEST,19.120061,72.938441,
KANNAMWAR NAGAR NO.2,Bus,BEST,19.120359,72.938308,
VIKHROLI POLICE STATION,Bus,BEST,19.12119,72.937529,
LAXMI NAGAR (GHATKOPAR-E),Bus,BEST,19.089801,72.915715,
MARATHI VIDYALAYA (GHATKOPAR-E),Bus,BEST,19.088528,72.916951,
KANNAMWAR NAGAR HOSPITAL,Bus,BEST,19.114243,72.937226,
NALANDA SOCIETY (GHATKOPAR-E),Bus,BEST,19.074831,72.912926,
NITYANAND NAGAR,Bus,BEST,19.091779,72.912731,
POLICE STATION (PANT NAGAR),Bus,BEST,19.086531,72.91526,
RAILWAY POLICE GROUND (GHATKOPAR-E),Bus,BEST,19.077424,72.913742,
RAJAWADI HOSPITAL,Bus,BEST,19.078885,72.904031,
SAHAKAR TALKIES (CHEMBUR-W),Bus,BEST,19.068483,72.899501,
SAHAKAR TALKIES (CHEMBUR-W),Bus,BEST,19.0683746,72.8995132,
SAIBABA MANDIR (GHATKOPAR),Bus,BEST,19.078354,72.910796,
SHANKESHWAR BUILDING,Bus,BEST,19.074352,72.911035,
SARVODAY MAHABUDDHA VIHAR (TILAK NAGAR CHEMBUR),Bus,BEST,19.067976,72.892875,
SHIVAI VIDYALAYA (BHANDUP-E),Bus,BEST,19.152738,72.946356,
SWAMI NARAYAN MANDIR (GHATKOPAR-E),Bus,BEST,19.077125,72.909333,
TAGORE NAGAR JUNCTION (KANJURMARG-E),Bus,BEST,19.124956,72.933346,
TAGORE NAGAR JUNCTION (KANJURMARG-E),Bus,BEST,19.125634,72.932785,
TAGORE NAGAR NO.5 (VIKHROLI-E),Bus,BEST,19.125245,72.928879,
TAGORE NAGAR NO.3 (VIKHROLI-E),Bus,BEST,19.11978,72.932226,
TAGORE NAGAR POST OFFICE (VIKHROLI-E),Bus,BEST,19.115118,72.932616,
"TAGORE NAGAR UDYAN, VIKHROLI BRIDGE",Bus,BEST,19.113339,72.933576,
VIKAS VIDYALAYA,Bus,BEST,19.118209,72.937425,
VIKAS VIDYALAYA,Bus,BEST,19.117612,72.93714,
VIKHROLI STATION ROAD (E),Bus,BEST,19.109535,72.931999,
VIKHROLI STATION ROAD (E),Bus,BEST,19.109743,72.931999,
VIKHROLI VILLAGE,Bus,BEST,19.103617,72.930062,
R.T.O.(GHATKOPAR-E),Bus,BEST,19.073232,72.911102,
SAKHAR BHAVAN,Bus,BEST,18.926985,72.821167,
BABULNATH JUNCTION,Bus,BEST,18.960123,72.809441,
SANT MUKTABAI HOSPITAL,Bus,BEST,19.097432,72.904395,
BARVE NAGAR,Bus,BEST,19.097973,72.90199,
NAGBABA MANDIR (KAILAS COMPLEX),Bus,BEST,19.114221,72.917495,
NAHUR RAILWAY STATION,Bus,BEST,19.153451,72.943618,
NARDAS NAGAR,Bus,BEST,19.151597,72.928551,
NARDAS NAGAR,Bus,BEST,19.151615,72.928579,
PATKAR COMPOUND (BHANDUP-W),Bus,BEST,19.159719,72.93065,
PRATAP NAGAR (BHANDUP-W),Bus,BEST,19.139093,72.923753,
RAMASHRAM (POWAI),Bus,BEST,19.120134,72.900548,
RAMASHRAM (POWAI),Bus,BEST,19.120115,72.899873,
RAM BHAVAN,Bus,BEST,19.091551,72.903656,
SAHYADRI NAGAR (BHANDUP-W),Bus,BEST,19.143521,72.928068,
SAIBABA MANDIR (AMRUT NAGAR),Bus,BEST,19.09858,72.907787,
SHIPPING CORPORATION (POWAI),Bus,BEST,19.122843,72.898399,
SHIVAJI TALAO (BHANDUP-W),Bus,BEST,19.147649,72.929616,
SHIVAJI TALAO (BHANDUP-W),Bus,BEST,19.14755,72.929616,
SUBHASH NAGAR (BHANDUP-W),Bus,BEST,19.159251,72.943884,
TULSHETPADA,Bus,BEST,19.160885,72.93123,
USHA NAGAR,Bus,BEST,19.15215,72.941593,
USHA NAGAR,Bus,BEST,19.152033,72.941755,
"TEMBIPADA NAKA, VAIBHAV CHOWK",Bus,BEST,19.154353,72.929853,
VARSHA NAGAR,Bus,BEST,19.106912,72.917279,
VIKHROLI PARK SITE,Bus,BEST,19.105023,72.913221,
VIKHROLI STATION ROAD (W),Bus,BEST,19.111603,72.925745,
VIKHROLI STATION (W),Bus,BEST,19.110718,72.927532,
GHATKOPAR STATION (W),Bus,BEST,19.086385,72.908703,
GATE WAY PLAZA (POWAI),Bus,BEST,19.124085,72.913881,
TATA POWER HOUSE (POWAI),Bus,BEST,19.115973,72.916193,
TATA POWER HOUSE (POWAI),Bus,BEST,19.116055,72.91624,
HIRANANDANI TELEPHONE EXCHANGE (POWAI),Bus,BEST,19.118168,72.915242,
ADARSH VIDYALAYA (KANJURMARG-E),Bus,BEST,19.136864,72.93458,
AMAR MAHAL,Bus,BEST,19.066101,72.900595,
AMAR MAHAL,Bus,BEST,19.066669,72.899816,
AMAR MAHAL,Bus,BEST,19.066787,72.89974,
BHANDUP VILLAGE (E),Bus,BEST,19.144219,72.950035,
BHANDUP VILLAGE (E) JUNCTION,Bus,BEST,19.155728,72.94916,
C.G.S.COLONY (BHANDUP-E),Bus,BEST,19.142004,72.938429,
BABULNATH,Bus,BEST,18.95781,72.809092,
BIRLA KRIDA KENDRA,Bus,BEST,18.954336,72.814782,
CENTRAL CINEMA,Bus,BEST,18.954565,72.818314,
CHARNI ROAD RAILWAY STATION,Bus,BEST,18.950917,72.821099,
CHIRA BAZAR,Bus,BEST,18.949664,72.824813,
CHIRA BAZAR,Bus,BEST,18.949348,72.824984,
CHIRA BAZAR,Bus,BEST,18.949059,72.82525,
CHOWPATTY BAND STAND,Bus,BEST,18.955713,72.808685,
AHILYABAI HOLKAR CHOWK (CHURCHGATE),Bus,BEST,18.933161,72.828795,
AHILYABAI HOLKAR CHOWK (CHURCHGATE),Bus,BEST,18.931824,72.828273,
AHILYABAI HOLKAR CHOWK (CHURCHGATE),Bus,BEST,18.93316,72.826639,
AHILYABAI HOLKAR CHOWK (CHURCHGATE),Bus,BEST,18.9331333,72.8266333,
TEEN BATTI (WALKESHWAR),Bus,BEST,18.948432,72.798333,
THAKURDWAR (GIRGAON),Bus,BEST,18.951532,72.822267,
THAKURDWAR (GIRGAON),Bus,BEST,18.952066,72.823197,
THAKURDWAR (GIRGAON),Bus,BEST,18.95323,72.821202,
VEEJ BHAVAN,Bus,BEST,18.921768,72.826601,
VEEJ BHAVAN,Bus,BEST,18.921479,72.827456,
WANKHEDE STADIUM,Bus,BEST,18.93875,72.824318,
WHITE HOUSE,Bus,BEST,18.951318,72.802746,
WILSON COLLEGE,Bus,BEST,18.955914,72.811135,
WORLD TRADE CENTRE,Bus,BEST,18.914968,72.818633,
YASHWANTRAO CHAVAN PRATISHTHAN (MANTRALAYA),Bus,BEST,18.925543,72.825839,
CRICKET CLUB OF INDIA,Bus,BEST,18.930736,72.822616,
TEEN BAKDA (WALKESHWAR),Bus,BEST,18.953462,72.80675,
AHILYABAI HOLKAR CHOWK (CHURCHGATE),Bus,BEST,18.936675,72.827339,
AHILYABAI HOLKAR CHOWK,Bus,BEST,18.932943,72.827485,
AJIT GLASS FACTORY,Bus,BEST,19.146494,72.843046,
BANGUR NAGAR,Bus,BEST,19.168704,72.83532,
BANGUR NAGAR POLICE CHOWKY,Bus,BEST,19.166274,72.835151,
BANGUR NAGAR POLICE CHOWKY,Bus,BEST,19.165985,72.834895,
BEHRAM BAUG,Bus,BEST,19.145605,72.836868,
"BEST NAGAR, OSHIWARA STAFF QUARTERS",Bus,BEST,19.153791,72.838935,
BHAGATSINGH NAGAR,Bus,BEST,19.156978,72.835301,
BHAGATSINGH NAGAR,Bus,BEST,19.157267,72.835177,
C.C.I.COLONY (GOREGAON-W),Bus,BEST,19.16307,72.840088,
"RAJASTHANI SAMMELAN CAMPUS, CHINCHVALI",Bus,BEST,19.176733,72.845735,
FAROOKH VIDYALAYA,Bus,BEST,19.131248,72.847648,
FILMISTAN (GOREGAON-W),Bus,BEST,19.162848,72.845849,
GOREGAON (W) BUS STATION,Bus,BEST,19.163853,72.849033,
GOREGAON (W) BUS STATION,Bus,BEST,19.163555,72.849128,
HARI NIKETAN SOCIETY,Bus,BEST,19.163291,72.833176,
INORBIT MALL,Bus,BEST,19.17249,72.836259,
JAIN MANDIR (GOREGAON-W),Bus,BEST,19.160203,72.848598,
JAIN MANDIR (GOREGAON-W),Bus,BEST,19.161883,72.848569,
JOGESHWARI (W) BUS STATION,Bus,BEST,19.133868,72.848283,
JOGESHWARI TABELA,Bus,BEST,19.137833,72.845933,
JOGESHWARI TELEPHONE EXCHANGE,Bus,BEST,19.14139,72.843269,
MITHA NAGAR (GOREGAON-W),Bus,BEST,19.163222,72.837045,
MOTILAL NAGAR NO.2,Bus,BEST,19.164295,72.834972,
MOTILAL NAGAR NO.2,Bus,BEST,19.163988,72.83483,
OSHIWARA BRIDGE,Bus,BEST,19.148672,72.843121,
RAM MANDIR (GOREGAON-W),Bus,BEST,19.152079,72.844602,
RAM MANDIR (GOREGAON-W),Bus,BEST,19.151283,72.84406,
SHASTRI NAGAR (GOREGAON-W),Bus,BEST,19.16032,72.834985,
SIDDHARTH NAGAR (GOREGAON-W),Bus,BEST,19.159079,72.843399,
S.R.A.COLONY (EXTENSION),Bus,BEST,19.149434,72.848425,
S.R.A COLONY (RAM MANDIR),Bus,BEST,19.149371,72.848653,
LOKMANYA TILAK NAGAR (GOREGAON-W),Bus,BEST,19.163234,72.841704,
VIVEK VIDYALAYA,Bus,BEST,19.158239,72.843552,
JOGESHWARI (W) BUS STATION,Bus,BEST,19.134482,72.84815,
"COOPERAGE TELEPHONE EXCHANGE, YASHWANTRAO CHAVAN PRATISHTHAN",Bus,BEST,18.925436,72.82806,
CUFFE PARADE MACCHIMAR NAGAR,Bus,BEST,18.917665,72.824649,
"DHOBI GHAT, DR.AMBEDKAR NAGAR (BACKBAY)",Bus,BEST,18.910875,72.818532,
FREE PRESS JOURNAL MARG,Bus,BEST,18.922967,72.823553,
BALBHAVAN,Bus,BEST,18.951285,72.817482,
GAONDEVI POLICE STATION,Bus,BEST,18.9596667,72.812,
GOVERNMENT LAW COLLEGE,Bus,BEST,18.936004,72.82414,
GYMKHANA,Bus,BEST,18.945235,72.822433,
DR. SHYAMAPRASAD MUKHERJEE CHOWK(MUSEUM),Bus,BEST,18.925691,72.830262,
PRESIDENT HOTEL,Bus,BEST,18.913316,72.820836,
HUTATMA CHOWK,Bus,BEST,18.93628,72.830814,
HUTATMA CHOWK,Bus,BEST,18.932394,72.82964,
INCOME TAX OFFICE (MARINE LINES),Bus,BEST,18.93821,72.827272,
MARINE LINES RAILWAY STATION (KALA NIKETAN),Bus,BEST,18.941309,72.826538,
MARINE LINES RAILWAY STATION (KALA NIKETAN),Bus,BEST,18.941345,72.826396,
MAJESTIC CINEMA,Bus,BEST,18.955107,72.819225,
MANTRALAYA,Bus,BEST,18.928261,72.823966,
MARINE DRIVE,Bus,BEST,18.941469,72.823671,
MARINE LINES RAILWAY STATION,Bus,BEST,18.944262,72.825102,
MARINE LINES RAILWAY STATION,Bus,BEST,18.94632,72.823629,
MARINE LINES RAILWAY STATION,Bus,BEST,18.945986,72.823819,
VASUDEO BALWANT PHADKE CHOWK (DHOBI TALAO),Bus,BEST,18.943044,72.82836,
VASUDEO BALWANT PHADKE CHOWK (DHOBI TALAO),Bus,BEST,18.942314,72.829613,
VASUDEO BALWANT PHADKE CHOWK (DHOBI TALAO),Bus,BEST,18.942205,72.829481,
MUMBAI GYMKHANA,Bus,BEST,18.938104,72.830414,
PT.PALUSKAR CHOWK (OPERA HOUSE),Bus,BEST,18.955033,72.81632,
PT.PALUSKAR CHOWK (OPERA HOUSE),Bus,BEST,18.95524,72.81612,
PT.PALUSKAR CHOWK (OPERA HOUSE),Bus,BEST,18.954662,72.816263,
PT.PALUSKAR CHOWK (OPERA HOUSE),Bus,BEST,18.955051,72.816168,
PT.PALUSKAR CHOWK (OPERA HOUSE),Bus,BEST,18.955919,72.81725,
PARSI AGYARI,Bus,BEST,18.950052,72.801702,
PRINCESS STREET (KALBADEVI),Bus,BEST,18.945374,72.827028,
"REKHA SADAN, JAIN MANDIR (WALKESHWAR)",Bus,BEST,18.948721,72.798124,
S.K.PATIL GARDEN (CHARNI ROAD),Bus,BEST,18.94921,72.821556,
SHITAL BAUG,Bus,BEST,18.952566,72.804881,
IRANI BRIDGE,Bus,BEST,18.959296,72.814579,
SUKH SAGAR,Bus,BEST,18.956945,72.812872,
SUKH SAGAR,Bus,BEST,18.956061,72.813556,
BANDRA RECLAMATION BUS STATION,Bus,BEST,19.04794,72.82707,
BANDRA TALAO,Bus,BEST,19.058878,72.83774,
BANDRA TALAO,Bus,BEST,19.058481,72.837788,
BANDRA TALKIES,Bus,BEST,19.059428,72.835555,
"BANDRA TALKIES, SHROFF EYE HOSPITAL",Bus,BEST,19.060296,72.837179,
TELEPHONE EXCHANGE (BANDRA-W),Bus,BEST,19.051216,72.836406,
BANK OF INDIA (BANDRA-W),Bus,BEST,19.055314,72.83133,
"MUNICIPAL OFFICE, BHABHA HOSPITAL (BANDRA-W)",Bus,BEST,19.057241,72.83396,
DANDPADA,Bus,BEST,19.075068,72.826146,
ELCO MARKET,Bus,BEST,19.055686,72.833173,
FATHER AGNEL ASHRAM (BANDRA-W),Bus,BEST,19.045278,72.819282,
"HILL ROAD GARDEN, MEHBOOB STUDIO",Bus,BEST,19.051795,72.824207,
MAHIM,Bus,BEST,19.040948,72.840936,
"KHAR POLICE STATION, SACRED HEART SCHOOL",Bus,BEST,19.073911,72.837501,
KHAR STATION (W) ROAD,Bus,BEST,19.070559,72.837418,
KHAR STATION (W) ROAD,Bus,BEST,19.070342,72.837323,
L.I.C COLONY (KHAR-W),Bus,BEST,19.066154,72.829896,
MAHIM MACHHIMAR NAGAR,Bus,BEST,19.046334,72.843763,
MAHIM,Bus,BEST,19.040984,72.840936,
TATA COLONY (BANDRA-E),Bus,BEST,19.061925,72.856616,
MAHIM,Bus,BEST,19.040144,72.841364,
MAHIM PHATAK,Bus,BEST,19.044618,72.844629,
MAHIM STATION (W),Bus,BEST,19.039181,72.84696,
MAHIM BUS STATION,Bus,BEST,19.043143,72.841903,
MAHIM (PARADISE),Bus,BEST,19.040388,72.841383,
MAHIM (PARADISE),Bus,BEST,19.036775,72.842335,
"PADMASHREE MOHAMMED RAFI CHOWK, BANDRA (W)",Bus,BEST,19.053286,72.837925,
MOTI MAHAL (BANDRA-W),Bus,BEST,19.059399,72.832647,
MOTI MAHAL (BANDRA-W),Bus,BEST,19.060186,72.834319,
"MOUNT CARMEL CHURCH, LILAVATI HOSPITAL",Bus,BEST,19.050903,72.827448,
NATIONAL COLLEGE (BANDRA-W),Bus,BEST,19.063223,72.837347,
NATIONAL COLLEGE (BANDRA-W),Bus,BEST,19.064199,72.837261,
OLD KHAR,Bus,BEST,19.066159,72.837336,
PALI HILL NAKA (GURU NANAK ROAD),Bus,BEST,19.060282,72.829521,
PALI HILL NAKA (GURU NANAK ROAD),Bus,BEST,19.059648,72.827783,
PARIJAT,Bus,BEST,19.051095,72.830241,
PETIT GIRL S SCHOOL (KHAR-W),Bus,BEST,19.070641,72.825855,
RIZVI COLLEGE (BANDRA-W),Bus,BEST,19.068715,72.822901,
RIZVI COLLEGE (BANDRA-W),Bus,BEST,19.068109,72.82256,
SARASWATI VIDYAMANDIR (MAHIM),Bus,BEST,19.035233,72.847172,
SARASWATI VIDYAMANDIR (MAHIM),Bus,BEST,19.035269,72.847029,
SISTERS BUNGALOW,Bus,BEST,19.04873,72.821179,
SHITALADEVI TEMPLE (MAHIM),Bus,BEST,19.033622,72.842271,
SHITALADEVI TEMPLE (MAHIM),Bus,BEST,19.033667,72.842195,
SHITALADEVI TEMPLE (MAHIM),Bus,BEST,19.036187,72.842307,
SHITALADEVI TEMPLE (MAHIM),Bus,BEST,19.036576,72.84225,
ST.XAVIERS TECHNICAL INSTITUTE (MAHIM),Bus,BEST,19.044678,72.839869,
TOBACCO COMPANY,Bus,BEST,19.049746,72.826451,
UNIT TRUST OF INDIA (BANDRA-W),Bus,BEST,19.049937,72.828132,
K.F.C. MARKET (BANDRA-W),Bus,BEST,19.065986,72.834219,
PRABODHANKAR THACKERAY UDYAN BUS STATION (SEWREE),Bus,BEST,18.998178,72.852553,
BANDRA STATION (E),Bus,BEST,19.054996,72.842047,
BANWARI COMPOUND,Bus,BEST,19.046546,72.85104,
BHARAT NAGAR (BKC),Bus,BEST,19.061638,72.859258,
BANDRA (E) BUS STATION,Bus,BEST,19.055568,72.845305,
INDIAN OIL OFFICE (BKC),Bus,BEST,19.060159,72.864503,
"GANDHI NAGAR (BANDRA-E), CHETANA COLLEGE",Bus,BEST,19.060249,72.847715,
COLLECTOR OFFICE (BANDRA-E),Bus,BEST,19.060964,72.849615,
BHARAT NAGAR (BANDRA-E),Bus,BEST,19.065186,72.854619,
DHARAVI PUMPING STATION,Bus,BEST,19.047148,72.861433,
G.S COLONY (BANDRA-E),Bus,BEST,19.063682,72.847751,
ICICI BANK (BKC),Bus,BEST,19.064891,72.861527,
ICICI BANK (BKC),Bus,BEST,19.064865,72.86279,
KALA NAGAR (BANDRA-E),Bus,BEST,19.0534,72.84695,
KALA NAGAR (BANDRA-E),Bus,BEST,19.053229,72.846846,
KALA NAGAR (BANDRA-E) MHADA OFFICE,Bus,BEST,19.054584,72.847719,
KALA NAGAR (BANDRA-E),Bus,BEST,19.05658,72.846682,
KHERWADI (BANDRA-E),Bus,BEST,19.060375,72.846651,
KHERWADI (BANDRA-E),Bus,BEST,19.060971,72.847126,
LAXMI TOWER (BKC),Bus,BEST,19.063817,72.86396,
MAHARASHTRA NAGAR (BANDRA-E),Bus,BEST,19.064732,72.851617,
PATTHAR NAGAR,Bus,BEST,19.063777,72.855504,
PATTHAR NAGAR,Bus,BEST,19.063759,72.85557,
RESERVE BANK OF INDIA (BKC),Bus,BEST,19.057894,72.853113,
"RANI LAXMIBAI CHOWK, SION STATION",Bus,BEST,19.047312,72.863086,
SUBHASH NAGAR (BANDRA-E),Bus,BEST,19.066058,72.847911,
"CARDINAL GRACIAS SCHOOL, TEACHER S COLONY",Bus,BEST,19.067746,72.846484,
INCOME TAX OFFICE (BKC),Bus,BEST,19.05916,72.854519,
MUMBAI CRICKET ASSOCIATION EAST GATE,Bus,BEST,19.059094,72.866214,
BANDRA COLONY,Bus,BEST,19.0623,72.848521,
BANDRA (E) BUS STATION,Bus,BEST,19.05592,72.845181,
BANDRA BUS STATION,Bus,BEST,19.055766,72.844877,
DIAMOND BOURSE (BKC),Bus,BEST,19.066511,72.865906,
"KHAR, 14TH ROAD",Bus,BEST,19.072336,72.832932,
"16TH ROAD, KHAR",Bus,BEST,19.073247,72.830812,
"DR.AMBEDKAR COLONY, 18TH ROAD KHAR",Bus,BEST,19.073833,72.829083,
"MUNICIPAL GARDEN, BAND STAND (BANDRA-W)",Bus,BEST,19.046362,72.819614,
BANDRA (W) BUS STATION,Bus,BEST,19.054001,72.839767,
BANDRA (W) BUS STATION,Bus,BEST,19.05373,72.839673,
BANDRA (W) BUS STATION,Bus,BEST,19.054236,72.839881,
GENERAL ARUN KUMAR VAIDYA MARG JUNCTION (GOREGAON-E),Bus,BEST,19.177102,72.858665,
GENERAL ARUN KUMAR VAIDYA MARG JUNCTION (GOREGAON-E),Bus,BEST,19.174601,72.860577,
ADARSH NAGAR NAKA (AAREY COLONY),Bus,BEST,19.15085,72.8822,
ADARSH NAGAR NAKA (AAREY COLONY),Bus,BEST,19.1508667,72.8822333,
CENTRAL DAIRY (AAREY COLONY),Bus,BEST,19.154211,72.878975,
AAREY UNIT NO.8,Bus,BEST,19.169416,72.862121,
ADARSH NAGAR (KURAR VILLAGE),Bus,BEST,19.187692,72.863289,
APPAPADA,Bus,BEST,19.189709,72.866635,
ASHOK HOSPITAL,Bus,BEST,19.188317,72.849929,
BANDONGRI,Bus,BEST,19.199228,72.861,
BANDONGRI,Bus,BEST,19.200429,72.86098,
BIMBISAR NAGAR,Bus,BEST,19.146276,72.855822,
ORDNANCE FACTORY (MALAD-E),Bus,BEST,19.192151,72.855451,
NEW ZEALAND HOSTEL,Bus,BEST,19.152212,72.87174,
NIMBORPADA,Bus,BEST,19.16424,72.882431,
NAAGRI NIWARA 1 & 2,Bus,BEST,19.172424,72.88005,
N.S.C COMPOUND (GOREGAON-E),Bus,BEST,19.149619,72.85659,
PATHANWADI,Bus,BEST,19.178285,72.858236,
PERU BAUG,Bus,BEST,19.166149,72.85234,
PERU BAUG,Bus,BEST,19.166276,72.853281,
PERU BAUG,Bus,BEST,19.166267,72.852815,
PRABHU HOTEL (KURAR VILLAGE MARG JUNCTION),Bus,BEST,19.179174,72.864378,
PRAVASI INDUSTRIAL ESTATE,Bus,BEST,19.17195,72.854038,
PRAVASI INDUSTRIAL ESTATE,Bus,BEST,19.17214,72.854047,
PUSHPA PARK (MALAD-E),Bus,BEST,19.188665,72.858154,
PUSHPA PARK (MALAD-E),Bus,BEST,19.187925,72.85844,
PUSHPA PARK (MALAD-E),Bus,BEST,19.187898,72.858459,
PUSHPA PARK (MALAD-E),Bus,BEST,19.188449,72.858306,
R.B.I COLONY (GOREGAON-E),Bus,BEST,19.172202,72.869915,
RAMGAD (ANITA NAGAR),Bus,BEST,19.197466,72.878735,
"SIR ALIYAWAR JUNG, RANI SATI MARG (MALAD-E)",Bus,BEST,19.181537,72.857483,
"MODERN BAKERY, RESERVIOR",Bus,BEST,19.144634,72.877791,
SAI GARDEN (KANDIVALI-E),Bus,BEST,19.199713,72.873666,
SHREE SAIBABA COMPLEX (GOREGAON-E),Bus,BEST,19.168669,72.867455,
SAMANA PARIWAR (MALAD-E),Bus,BEST,19.176126,72.876093,
SAMBHAJI NAGAR (KANDIVALI-E),Bus,BEST,19.200746,72.863091,
SAMBHAJI NAGAR (KANDIVALI-E),Bus,BEST,19.200529,72.861969,
SANTOSH NAGAR (DINDOSHI),Bus,BEST,19.169115,72.875507,
SATPUDA SOCIETY,Bus,BEST,19.169985,72.881401,
STATE BANK COLONY (MALAD-E),Bus,BEST,19.180542,72.854327,
TRIVENI NAGAR,Bus,BEST,19.181965,72.863986,
AAREY UNIT NO.2 & 3,Bus,BEST,19.164938,72.867485,
AAREY UNIT NO.2 & 3,Bus,BEST,19.164811,72.867457,
AAREY UNIT NO.7,Bus,BEST,19.158059,72.879144,
AAREY UNIT NO.7,Bus,BEST,19.158321,72.878583,
AAREY UNIT NO.10 (CENTRAL DAIRY),Bus,BEST,19.157797,72.868909,
AAREY UNIT NO.13 (CENTRAL DAIRY),Bus,BEST,19.156154,72.865741,
AAREY UNIT NO.7,Bus,BEST,19.15925,72.88215,
OLD PUSHPA PARK,Bus,BEST,19.188664,72.856385,
"VANRAI, MHADA COLONY",Bus,BEST,19.153992,72.857072,
"VANRAI, MHADA COLONY",Bus,BEST,19.154154,72.856531,
"VANRAI, MHADA COLONY",Bus,BEST,19.154552,72.857205,
WAGHESHWARI MANDIR,Bus,BEST,19.175727,72.873165,
WAGHESHWARI MANDIR,Bus,BEST,19.175781,72.873003,
"VIRWANI ESTATE, SARVODAYA NAGAR",Bus,BEST,19.169794,72.859734,
"VIRWANI ESTATE, SARVODAYA NAGAR",Bus,BEST,19.170679,72.859106,
JAIBHIM NAGAR (GOREGAON-E),Bus,BEST,19.170335,72.874803,
GENERAL ARUN KUMAR VAIDYA MARG JUNCTION (GOREGAON-E),Bus,BEST,19.17442,72.860996,
GENERAL ARUN KUMAR VAIDYA MARG JUNCTION (GOREGAON-E),Bus,BEST,19.174564,72.860435,
I.T. PARK MAIN GATE (MALAD-E),Bus,BEST,19.176101,72.881141,
MAITREYEE SOCIETY,Bus,BEST,19.174123,72.881228,
SANKALP SOCIETY,Bus,BEST,19.17639,72.879506,
GOREGAON STATION (E) BUS STATION,Bus,BEST,19.164314,72.850944,
"VIRWANI ESTATE, SARVODAYA NAGAR",Bus,BEST,19.171104,72.858992,
DAMU NAGAR (EXTENSION),Bus,BEST,19.2043333,72.8785333,
DHIRAJ VALLEY SOCIETY,Bus,BEST,19.168345,72.86929,
DINDOSHI BUS STATION,Bus,BEST,19.175995,72.86573,
DOORDARSHAN COLONY,Bus,BEST,19.169213,72.871172,
DOORDARSHAN COLONY,Bus,BEST,19.168996,72.871105,
DR.SUCHAK CHOWK,Bus,BEST,19.187549,72.850063,
E.S.I.S COLONY (KANDIVALI-E),Bus,BEST,19.200245,72.855018,
DADASAHEB PHALKE CHITRANAGRI,Bus,BEST,19.163276,72.887593,
GAUTAM NAGAR (KANDIVALI-E),Bus,BEST,19.200194,72.878372,
GOREGAON CHECK NAKA NO.1,Bus,BEST,19.16645,72.856304,
GOREGAON CHECK NAKA NO.1,Bus,BEST,19.166127,72.860354,
GOREGAON STATION (E),Bus,BEST,19.165019,72.851114,
GOREGAON STATION (E),Bus,BEST,19.165407,72.850525,
GROVEL COMPANY,Bus,BEST,19.201594,72.860457,
GROVEL COMPANY,Bus,BEST,19.201639,72.859696,
HANUMAN NAGAR (KANDIVALI-E),Bus,BEST,19.201227,72.866143,
HIRA PARK,Bus,BEST,19.186345,72.860347,
JAGAT SATGURU INDUSTRIAL ESTATE,Bus,BEST,19.170234,72.854362,
JAGAT SATGURU INDUSTRIAL ESTATE,Bus,BEST,19.170071,72.854324,
KANDIVALI BUS STATION (E),Bus,BEST,19.201816,72.853515,
KOKAN VIKAS (AAREY COLONY),Bus,BEST,19.14341,72.870763,
KRANTI NAGAR,Bus,BEST,19.194173,72.872605,
"FIRE BRIGADE, KRISHI UDYOG",Bus,BEST,19.165379,72.864833,
"FIRE BRIGADE, KRISHI UDYOG",Bus,BEST,19.165172,72.865441,
MAHINDRA GATE NO.4,Bus,BEST,19.200418,72.87552,
DESAI MUNICIPAL HOSPITAL,Bus,BEST,19.178579,72.851115,
MAHANANDA DAIRY,Bus,BEST,19.149574,72.856115,
MAIN PUMP HOUSE (AAREY COLONY),Bus,BEST,19.139603,72.880303,
MAIN PUMP HOUSE (AAREY COLONY),Bus,BEST,19.139414,72.880322,
"MAROSHI NAKA, PICNIC POINT",Bus,BEST,19.136442,72.881854,
MAYUR NAGAR (AAREY COLONY),Bus,BEST,19.155659,72.884317,
MUNICIPAL COLONY SECTOR -B (GOREGAON-E),Bus,BEST,19.173462,72.877587,
MUNICIPAL COLONY SECTOR -B (GOREGAON-E),Bus,BEST,19.173832,72.877311,
MUNICIPAL COLONY SECTOR -B (GOREGAON-E),Bus,BEST,19.17348,72.877482,
MUNICIPAL COLONY SECTOR -D (GOREGAON-E),Bus,BEST,19.173264,72.879498,
NARSIPADA,Bus,BEST,19.201389,72.864993,
SAHAKAR NAGAR (SCLR- KURLA-E),Bus,BEST,19.063804,72.893964,
"NEHRU NAGAR (KURLA-E), SHANTARAM RAUT CHOWK",Bus,BEST,19.061395,72.880008,
SHANTI NAGAR (WADALA-E),Bus,BEST,19.020134,72.874908,
SHANTI NAGAR (WADALA-E),Bus,BEST,19.020721,72.875117,
TATA COLONY (CHUNABHATTI),Bus,BEST,19.052864,72.874702,
THAKKAR BAPPA COLONY (KURLA-E),Bus,BEST,19.057667,72.88668,
THAKKAR BAPPA COLONY (KURLA-E),Bus,BEST,19.058805,72.887002,
UMARSHI BAPPA CHOWK,Bus,BEST,19.053855,72.888306,
UMARSHI BAPPA CHOWK,Bus,BEST,19.053954,72.887831,
VASHI NAKA (CHEMBUR),Bus,BEST,19.032763,72.896447,
WADALA ROAD (MAHUL),Bus,BEST,19.021378,72.890144,
WADALA TRUCK TERMINAL (MAIN GATE),Bus,BEST,19.036379,72.879954,
NEHRU NAGAR (KURLA-E),Bus,BEST,19.06352,72.885385,
WADALA TRUCK TERMINAL (MAIN GATE),Bus,BEST,19.035965,72.879132,
IMAX CINEMA,Bus,BEST,19.030336,72.880308,
R.C.F.POLICE STATION,Bus,BEST,19.035744,72.895258,
VISHNU NAGAR,Bus,BEST,19.0228,72.902682,
"M.M.R.D.A. COLONY, KOKARI AGAR",Bus,BEST,19.036683,72.871338,
M.M.R.D.A.COLONY (MAHUL),Bus,BEST,19.017213,72.890317,
BHAKTI BHAVAN (CHEMBUR),Bus,BEST,19.052203,72.891442,
VIVEKANAND COLLEGE (CHEMBUR),Bus,BEST,19.049781,72.8894,
LAL DONGAR,Bus,BEST,19.049482,72.886949,
M.M.R.D.A. COLONY (EXTENSION) MAHUL,Bus,BEST,19.017573,72.887134,
M.M.R.D.A. COLONY (EXTENSION) MAHUL,Bus,BEST,19.017564,72.887182,
"M.M.R.D.A. COLONY, KOKARI AGAR",Bus,BEST,19.036773,72.871813,
ADARSH NAGAR,Bus,BEST,19.145384,72.83107,
AMBOLI NAKA,Bus,BEST,19.128245,72.841434,
AMBOLI NAKA,Bus,BEST,19.127705,72.845845,
AMBOLI NAKA,Bus,BEST,19.126776,72.847043,
ANDHERI STATION (W),Bus,BEST,19.119792,72.845983,
ANDHERI STATION (W),Bus,BEST,19.119312,72.845271,
ANDHERI STATION (W),Bus,BEST,19.119032,72.845081,
ANDHERI STATION (W),Bus,BEST,19.119303,72.845413,
ANDHERI STATION (W),Bus,BEST,19.119529,72.84567,
ANDHERI STATION (W),Bus,BEST,19.119493,72.845746,
ANDHERI MARKET,Bus,BEST,19.122898,72.844517,
ANDHERI MARKET,Bus,BEST,19.123758,72.846598,
ANDHERI MARKET,Bus,BEST,19.123451,72.846532,
VESAVA MARKET,Bus,BEST,19.13915,72.806684,
"D.N.NAGAR, BARFIWALA VIDYALAYA",Bus,BEST,19.124181,72.830459,
DHAKE COLONY,Bus,BEST,19.127753,72.832896,
DNYANSAGAR VIDYALAYA,Bus,BEST,19.145937,72.833351,
KAMLADEVI JAIN HIGH SCHOOL,Bus,BEST,19.133485,72.828617,
"RTO, ANDHERI",Bus,BEST,19.1327,72.830395,
"RTO, ANDHERI",Bus,BEST,19.132556,72.830804,
FOUR BUNGALOWS,Bus,BEST,19.131116,72.825483,
FOUR BUNGALOWS,Bus,BEST,19.129516,72.825037,
VERSOVA VIEW,Bus,BEST,19.125044,72.82467,
GREEN PARK,Bus,BEST,19.152819,72.830285,
ACHARYA VIDYANIKETAN (MAHUL),Bus,BEST,19.027684,72.890816,
ACHARYA VIDYANIKETAN (MAHUL),Bus,BEST,19.027765,72.889144,
ACHARYA VIDYANIKETAN (MAHUL),Bus,BEST,19.027765,72.889153,
CHEMBUR COLONY,Bus,BEST,19.044515,72.89325,
KAMGAR NAGAR (KURLA-E),Bus,BEST,19.059437,72.885567,
BASANT PARK,Bus,BEST,19.049918,72.893504,
BASANT PARK,Bus,BEST,19.051526,72.893969,
BHAKTI PARK GATE (ANIK),Bus,BEST,19.033009,72.879547,
BHARAT PETROLEUM (MAHUL),Bus,BEST,19.013801,72.898297,
JIJAMATA NAGAR (MAHUL),Bus,BEST,19.028171,72.888412,
CALICO CHEMICALS,Bus,BEST,19.022148,72.897904,
CHEMBUR COLONY,Bus,BEST,19.04457,72.893212,
"CHEMBUR NAKA, SWAMI VIVEKANAND CHOWK",Bus,BEST,19.053947,72.893446,
EVERARD NAGAR,Bus,BEST,19.050949,72.875178,
GADKARI QUARRY,Bus,BEST,19.019748,72.907764,
GADKARI QUARRY,Bus,BEST,19.019568,72.907717,
GANESH NAGAR (WADALA),Bus,BEST,19.018052,72.867748,
GANESH NAGAR (WADALA),Bus,BEST,19.017963,72.869087,
GAWANGAON REFINERIES,Bus,BEST,19.009971,72.898374,
GAWANGAON REFINERIES,Bus,BEST,19.009799,72.89844,
LUBE INDIA COMPANY,Bus,BEST,19.0071,72.904131,
LUBE INDIA COMPANY,Bus,BEST,19.006982,72.904853,
JIJAMATA NAGAR (MAHUL),Bus,BEST,19.029291,72.887899,
VASHI VILLAGE,Bus,BEST,19.031757,72.887309,
KAMGAR NAGAR (KURLA-E),Bus,BEST,19.059654,72.885377,
KURLA BUS STATION (E),Bus,BEST,19.0644333,72.8801833,
NEHRU NAGAR (KURLA-E) MUNICIPAL SCHOOL,Bus,BEST,19.060817,72.881329,
MAHUL MARKET,Bus,BEST,19.015388,72.890412,
MARAWALI CHURCH,Bus,BEST,19.040884,72.894031,
MAZGAON DOCK,Bus,BEST,19.025154,72.88999,
"M.M.R.D.A COLONY, GADKARI QUARRY",Bus,BEST,19.022115,72.90707,
"M.M.R.D.A COLONY, GADKARI QUARRY",Bus,BEST,19.022142,72.906985,
NEHRU NAGAR (KURLA-E) BUILDING NO.36,Bus,BEST,19.063509,72.8811,
PRIYADARSHINI (CHUNABHATTI),Bus,BEST,19.052433,72.8793,
PRIYADARSHINI (CHUNABHATTI),Bus,BEST,19.052478,72.879357,
R.C.F. (CHEMBUR),Bus,BEST,19.033736,72.889607,
R.C.F.(CHEMBUR) GATE NO.1,Bus,BEST,19.038597,72.891115,
R.C.F. (CHEMBUR),Bus,BEST,19.034966,72.89199,
JOE & HELEN D MELLO GARDEN,Bus,BEST,19.129898,72.842393,
INDIAN OIL NAGAR (ANDHERI-W),Bus,BEST,19.12887,72.831197,
JANKIDEVI VIDYALAYA,Bus,BEST,19.139911,72.820856,
AAI TULJABHAVANI CHOWK,Bus,BEST,19.142248,72.829162,
MACHHALIMAR (VESAVA),Bus,BEST,19.133264,72.811936,
MACHHALIMAR (VESAVA),Bus,BEST,19.133093,72.812088,
BANK OF MAHARASHTRA (ANDHERI-W),Bus,BEST,19.140873,72.825807,
BANK OF MAHARASHTRA (ANDHERI-W),Bus,BEST,19.141062,72.825731,
MHADESHWAR MANDIR,Bus,BEST,19.136806,72.823491,
GEETANJALI (ANDHERI-W),Bus,BEST,19.131263,72.84261,
MILLAT NAGAR,Bus,BEST,19.14933,72.828557,
MILLAT NAGAR,Bus,BEST,19.149312,72.828548,
KAMLAKAR WALAWALKAR UDYAN,Bus,BEST,19.152835,72.828307,
MADH MARKET,Bus,BEST,19.141286,72.789971,
MADH SONAPUR,Bus,BEST,19.141987,72.796329,
MADH TEMPLE,Bus,BEST,19.140672,72.791093,
MAHAPALIKA PUMPING CENTRE (MALVANI),Bus,BEST,19.1835333,72.82445,
MAHAPALIKA PUMPING CENTRE (MALVANI),Bus,BEST,19.1835833,72.8245,
ASMITA JYOTI,Bus,BEST,19.196713,72.82754,
VITTHAL MANDIR (KANDIVALI-W),Bus,BEST,19.200398,72.826358,
MALATI COTTAGE,Bus,BEST,19.163184,72.789549,
MALATI COTTAGE,Bus,BEST,19.16341,72.789872,
MALVANI AKASHWANI,Bus,BEST,19.196384,72.810995,
"MALVANI VILLAGE, MALVANI CHURCH",Bus,BEST,19.196419,72.808789,
MARVE BEACH-ESSEL WORLD,Bus,BEST,19.198958,72.798812,
MARVE VILLAGE,Bus,BEST,19.194956,72.799501,
MARVE VILLAGE,Bus,BEST,19.19549,72.80009,
SHANTI NAGAR (MADH),Bus,BEST,19.150321,72.790988,
RATHODI,Bus,BEST,19.196678,72.816577,
SHIVAJI NAGAR (MADH),Bus,BEST,19.141588,72.794467,
SIR J.P.PRIMARY SCHOOL,Bus,BEST,19.170589,72.796948,
TOWNSHIP MUNICIPAL SCHOOL (MALVANI),Bus,BEST,19.196287,72.824812,
TOWNSHIP MUNICIPAL SCHOOL (MALVANI),Bus,BEST,19.196214,72.824831,
VYAS WADI,Bus,BEST,19.147773,72.790734,
VYAS WADI,Bus,BEST,19.148224,72.7908,
YOGASHRAM,Bus,BEST,19.167792,72.790647,
SAIKRUPA NAGAR,Bus,BEST,19.196127,72.80627,
ABHINAV SCHOOL,Bus,BEST,19.302619,72.857913,
ANAND HOSPITAL (DAHISAR),Bus,BEST,19.2577833,72.8594333,
AANGAN,Bus,BEST,19.207933,72.872682,
ASHIRWAD HOSPITAL,Bus,BEST,19.256975,72.864923,
ASHISH COMPLEX,Bus,BEST,19.261535,72.861981,
ASHOK VAN,Bus,BEST,19.242404,72.866653,
ASMITA SUPER MARKET,Bus,BEST,19.273154,72.864542,
AVDHUT NAGAR,Bus,BEST,19.2565833,72.8591333,
AYYAPA MANDIR,Bus,BEST,19.275853,72.85986,
AYYAPA MANDIR,Bus,BEST,19.276042,72.859451,
AZAD NAGAR (MIRA ROAD),Bus,BEST,19.296602,72.857212,
MAHINDRA COMPANY GATE (B.H.A.D. COLONY),Bus,BEST,19.205608,72.865646,
MAHINDRA COMPANY GATE (B.H.A.D. COLONY),Bus,BEST,19.205337,72.865437,
"BHAYANDER PHATAK, JANAKI RESIDENCY",Bus,BEST,19.297973,72.852397,
GOLDEN NEST(BHAYANDER),Bus,BEST,19.294525,72.857166,
BHAYANDER RAILWAY STATION (W),Bus,BEST,19.311839,72.851741,
BHAYANDER STATION (E),Bus,BEST,19.309817,72.853379,
BHAYANDER MARKET,Bus,BEST,19.307776,72.855369,
BHAYANDER PADA,Bus,BEST,19.283369,72.952301,
BORIVALI (E) STATION,Bus,BEST,19.229354,72.85752,
BORIVALI (E) STATION,Bus,BEST,19.229553,72.857748,
BORIVALI (E) STATION,Bus,BEST,19.23005,72.857663,
BORIVALI (E) STATION,Bus,BEST,19.228415,72.857835,
BORIVALI (E) STATION,Bus,BEST,19.231224,72.858251,
BORIVALI (E) STATION,Bus,BEST,19.231531,72.857633,
BORIVALI (E) STATION,Bus,BEST,19.227846,72.857949,
OSHIWARA POLICE STATION,Bus,BEST,19.148023,72.831429,
GILBERT HILL,Bus,BEST,19.122877,72.839252,
PICNIC COTTAGE (VERSOVA),Bus,BEST,19.130863,72.813982,
RAMESH NAGAR (ANDHERI-W),Bus,BEST,19.132049,72.842952,
RIDDHI SIDDHI,Bus,BEST,19.137428,72.810449,
"R.T.O. (ANDHERI-W), NEW VIKAS HOUSING SOCIETY",Bus,BEST,19.131965,72.825767,
SEVEN BUNGALOWS BUS STATION,Bus,BEST,19.131377,72.819922,
SEVEN BUNGALOWS BUS STATION,Bus,BEST,19.131292,72.819855,
SEVEN BUNGALOWS GARDEN,Bus,BEST,19.129212,72.817338,
SEVEN BUNGALOWS GARDEN,Bus,BEST,19.129167,72.817481,
SKYLARK,Bus,BEST,19.146455,72.824329,
SHREE SWAMI SAMARTH NAGAR,Bus,BEST,19.139237,72.825514,
SHREE SWAMI SAMARTH NAGAR MARKET,Bus,BEST,19.144954,72.823599,
VEERA DESAI ROAD,Bus,BEST,19.134738,72.83758,
VESAVA VILLAGE,Bus,BEST,19.138446,72.806789,
VESAVA-YARI ROAD BUS STATION,Bus,BEST,19.1395167,72.8081667,
YARI ROAD,Bus,BEST,19.139451,72.809535,
PRATAP SOCIETY (ANDHERI-W),Bus,BEST,19.129912,72.822955,
SEVEN BUNGALOWS,Bus,BEST,19.130534,72.820483,
PRATHAMESH COMPLEX,Bus,BEST,19.13761,72.837273,
VEERA DESAI ROAD (EXTENSION),Bus,BEST,19.139896,72.837205,
VEERA DESAI ROAD (EXTENSION),Bus,BEST,19.140049,72.837367,
SAROTAPADA (ANDHERI-W),Bus,BEST,19.132931,72.837572,
AKSA BEACH,Bus,BEST,19.173562,72.797325,
AKSA BEACH,Bus,BEST,19.173128,72.79723,
BAFIRA NAGAR,Bus,BEST,19.197602,72.82057,
BHUMI COMPLEX,Bus,BEST,19.200702,72.821499,
GURUDWAR (MALAD-W),Bus,BEST,19.182179,72.817283,
GURUDWAR (MALAD-W),Bus,BEST,19.182324,72.817911,
DHARIVALI VILLAGE,Bus,BEST,19.169721,72.795931,
RAVIKIRAN SOCIETY,Bus,BEST,19.180281,72.816762,
"FIRE BRIGADE, KHARODI COLONY",Bus,BEST,19.195318,72.822064,
"FIRE BRIGADE, KHARODI COLONY",Bus,BEST,19.195941,72.821522,
GURUDWAR (MALAD-W),Bus,BEST,19.182125,72.817255,
I.N.S.HAMALA (MAIN GATE) MARVE,Bus,BEST,19.191929,72.798515,
KAMAL TALAO,Bus,BEST,19.196377,72.812878,
EKTA NAGAR (KANDIVALI-W),Bus,BEST,19.201438,72.828117,
"AMBEWADI, MITH CHOWKY (MALAD-W)",Bus,BEST,19.196718,72.833797,
"MADH BEACH, MADH CHURCH",Bus,BEST,19.144592,72.790224,
MIRA-BHAYANDER MUNICIPAL HEAD OFFICE,Bus,BEST,19.301683,72.848408,
MERCURY BUILDING,Bus,BEST,19.210148,72.875011,
MERCURY BUILDING,Bus,BEST,19.210265,72.874906,
KASHIMIRA TELEPHONE EXCHANGE,Bus,BEST,19.27241,72.87633,
KASHIMIRA TELEPHONE EXCHANGE,Bus,BEST,19.251283,72.864859,
MIRA ROAD STATION (E),Bus,BEST,19.281616,72.857935,
"N.L.COMPLEX, RIDDHI SIDDHI SOCIETY (DAHISAR-E)",Bus,BEST,19.26095,72.86565,
NAVGHAR NAKA (BHAYANDAR),Bus,BEST,19.307817,72.863086,
NEELKAMAL NAKA,Bus,BEST,19.2734167,72.8854167,
SUHASINI PAWASKAR MARG (DAHISAR-E),Bus,BEST,19.253386,72.871306,
NOVELTY SILK MILL (DAHISAR-E),Bus,BEST,19.254364,72.864934,
OMKARESHWAR MANDIR,Bus,BEST,19.230216,72.863502,
OMKARESHWAR MANDIR,Bus,BEST,19.230513,72.863083,
OMKARESHWAR MANDIR,Bus,BEST,19.231425,72.862322,
PENKARPADA,Bus,BEST,19.263717,72.871749,
POONAM SAGAR COMPLEX (MIRA ROAD),Bus,BEST,19.273632,72.862773,
PUNJAB DAIRY (KASHIMIRA),Bus,BEST,19.27902,72.889902,
RAJ BUCKET FACTORY,Bus,BEST,19.287981,72.88987,
RAJENDRA NAGAR,Bus,BEST,19.251527,72.864717,
RAJENDRA NAGAR,Bus,BEST,19.220998,72.857953,
RAJENDRA NAGAR,Bus,BEST,19.222452,72.857905,
RAJENDRA NAGAR,Bus,BEST,19.222452,72.857962,
RAJSHIV BUILDING,Bus,BEST,19.243714,72.867299,
DONGRE WADI,Bus,BEST,19.244835,72.868915,
RUSHIVAN,Bus,BEST,19.2363167,72.8730667,
"SWATANTRAVEER SAVARKAR CHOWK, BHAYANDER (E)",Bus,BEST,19.294246,72.859887,
SHREE SAI HOSPITAL,Bus,BEST,19.213947,72.866754,
SAIBABA MANDIR (SAMATA NAGAR),Bus,BEST,19.205719,72.871552,
SAMATA NAGAR (KANDIVALI),Bus,BEST,19.205825,72.869266,
BUILDING NO.1 & 2 (SAMATA NAGAR),Bus,BEST,19.205827,72.868037,
SARASWATI COMPLEX (DAHISAR),Bus,BEST,19.2640667,72.8599833,
TERA PANTH BHAVAN,Bus,BEST,19.278141,72.863855,
SHAKTI NAGAR,Bus,BEST,19.2598,72.8620167,
"SHREEKRISHNA NAGAR, SHANTIVAN (BORIVALI -E)",Bus,BEST,19.233549,72.864128,
SHITAL GARDEN (MIRA ROAD),Bus,BEST,19.283498,72.864346,
SHEETAL SAROVAR (MIRA ROAD),Bus,BEST,19.282036,72.868,
SHEETAL SAROVAR (MIRA ROAD),Bus,BEST,19.282127,72.868067,
SHREE KRISHNA NAGAR (BORIVALI -E),Bus,BEST,19.233206,72.863472,
SHRIKRISHNA GARDEN SOCIETY,Bus,BEST,19.269727,72.876093,
SHRIKRISHNA GARDEN SOCIETY,Bus,BEST,19.269673,72.876017,
SHREENATH COMPLEX,Bus,BEST,19.2916,72.862182,
MADHUSHREE MIRA ROAD,Bus,BEST,19.271051,72.867788,
SIDDHARTH NAGAR,Bus,BEST,19.215404,72.871061,
SILVER PARK (MIRA ROAD),Bus,BEST,19.282012,72.873946,
SILVER PARK (MIRA ROAD),Bus,BEST,19.281822,72.8733,
ST.MARY SCHOOL (DAHISAR-E),Bus,BEST,19.25694,72.867015,
SUDHINDRA NAGAR,Bus,BEST,19.25915,72.8602333,
SURYA SHOPPING CENTRE,Bus,BEST,19.274358,72.869451,
THAKUR COLLEGE (KANDIVALI-E),Bus,BEST,19.206136,72.872769,
THAKUR COMPLEX (KANDIVALI-E),Bus,BEST,19.208634,72.864313,
JIVALA PADA,Bus,BEST,19.214635,72.869883,
CORPORATION BANK (DAHISAR-E),Bus,BEST,19.259747,72.863,
CORPORATION BANK (DAHISAR-E),Bus,BEST,19.2598,72.86295,
CROSS GARDEN,Bus,BEST,19.303093,72.849815,
DAHISAR STATION ROAD (E),Bus,BEST,19.248608,72.862502,
DHOBI GHAT (BORIVALI-E),Bus,BEST,19.2319333,72.8659667,
GAIMUKH (GHODBUNDER RD),Bus,BEST,19.285021,72.936203,
GANESH MANDIR (DAHISAR-E),Bus,BEST,19.265677,72.870692,
GANESH MANDIR (DAHISAR-E),Bus,BEST,19.26565,72.870721,
GANESH NAGAR (BORIVALI -E),Bus,BEST,19.246486,72.864976,
"GANESH NAGAR (DAHISAR), GOKUL ANAND HOTEL",Bus,BEST,19.246197,72.864729,
GAURAV RESIDENCY,Bus,BEST,19.27458,72.86125,
GARTAN PADA,Bus,BEST,19.252306,72.868274,
GHODBUNDER VILLAGE,Bus,BEST,19.29173,72.889335,
GHODBUNDER VILLAGE JUNCTION,Bus,BEST,19.286835,72.893324,
GODDEV NAKA,Bus,BEST,19.304183,72.85873,
GOKULANAND HOTEL,Bus,BEST,19.244002,72.865254,
GREEN PARK,Bus,BEST,19.277732,72.878781,
GREEN LAWN ACADEMY,Bus,BEST,19.278798,72.878914,
GREEN LAWN ACADEMY,Bus,BEST,19.278663,72.878686,
"HARI BHAKTI, DOVEL COMPANY",Bus,BEST,19.281902,72.889901,
HITCO,Bus,BEST,19.280198,72.876468,
JAIN MANDIR (SAMATA NAGAR-KANDIVALI-E),Bus,BEST,19.213453,72.872917,
JAIN MANDIR (BHAYANDER-W),Bus,BEST,19.305542,72.849947,
JAIN MANDIR (GHODBUNDER RD),Bus,BEST,19.285257,72.900013,
JAMMU & KASHMIR BANK,Bus,BEST,19.280394,72.87077,
KAJUPADA (GHODBUNDER ROAD),Bus,BEST,19.279102,72.922685,
KAJUPADA (BORIVALI -E),Bus,BEST,19.2338833,72.8695333,
KASHIMIRA,Bus,BEST,19.272983,72.883464,
KASHIMIRA,Bus,BEST,19.272747,72.882465,
KOKANI PADA (BORIVALI -E),Bus,BEST,19.247402,72.870531,
SHREE KOTESHWARI MANDIR,Bus,BEST,19.214002,72.868818,
JAI MAHAKALI MANDIR,Bus,BEST,19.241427,72.864019,
THE CITY CO-OP BANK LTD,Bus,BEST,19.233785,72.865431,
MAHAVISHNU MANDIR,Bus,BEST,19.26521,72.875781,
MANAV KALYAN KENDRA,Bus,BEST,19.24578,72.861058,
FISH MARKET,Bus,BEST,19.247916,72.869018,
E.S.I.S HOSPITAL (THAKUR VILLAGE),Bus,BEST,19.208154,72.877223,
V MALL,Bus,BEST,19.212276,72.867573,
VAISHALI NAGAR (DAHISAR-E),Bus,BEST,19.250948,72.873385,
VERSOVA BRIDGE (GHODBUNDER RD),Bus,BEST,19.284716,72.903847,
VITTHAL RAKHUMAI MANDIR (DAHISAR-E),Bus,BEST,19.257336,72.865446,
VICEROY PARK,Bus,BEST,19.211719,72.873165,
SAMATA NAGAR BUS STATION (KANDIVALI-E),Bus,BEST,19.206152,72.869564,
NATIONAL PARK GATE,Bus,BEST,19.230767,72.864966,
NATIONAL PARK GATE,Bus,BEST,19.230812,72.864881,
SANJAY GANDHI UDYAN (NATIONAL PARK),Bus,BEST,19.227815,72.86785,
CHINCH PADA (SG NATIONAL PARK),Bus,BEST,19.222868,72.874985,
M.S.E.B TRANSMISSION COMPANY (SGNP),Bus,BEST,19.224234,72.881185,
KANHERI CAVES,Bus,BEST,19.208839,72.901286,
"RANI LAXMIBAI CHOWK, SION STATION",Bus,BEST,19.047267,72.863257,
"RANI LAXMIBAI CHOWK, SION STATION",Bus,BEST,19.047339,72.863057,
MATUNGA STATION (W),Bus,BEST,19.030437,72.847362,
"TATA POWER (DHARAVI), CENTRAL RAILWAY STATION (W)",Bus,BEST,19.031801,72.849269,
KUMBHARWADA (DHARAVI),Bus,BEST,19.037469,72.854751,
MATUNGA LABOUR CAMP,Bus,BEST,19.038416,72.853221,
MAHIM PHATAK,Bus,BEST,19.043121,72.848753,
DHARAVI POLICE STATION,Bus,BEST,19.043623,72.857625,
KAMRAJ VIDYALAYA (DHARAVI),Bus,BEST,19.041255,72.855746,
DHARAVI FLYOVER,Bus,BEST,19.046347,72.849938,
LOKMANYA TILAK HOSPITAL (SION),Bus,BEST,19.037725,72.861125,
CHUNABHATTI BUS TERMINUS,Bus,BEST,19.051858,72.868071,
AGHADI NAGAR,Bus,BEST,19.127054,72.859218,
"DR.AMBEDKAR UDYAN, POWAI",Bus,BEST,19.125624,72.893465,
GOREGAON CHECK NAKA NO.2,Bus,BEST,19.126025,72.879635,
"DATTA TEKDI, SHIV TEKDI",Bus,BEST,19.139422,72.860884,
"DR.AMBEDKAR UDYAN, CHEMBUR STATION",Bus,BEST,19.062333,72.900369,
DURGA NAGAR (JOGESHWARI-E),Bus,BEST,19.138217,72.872129,
GREEN FIELDS,Bus,BEST,19.139526,72.869315,
"GUNDAVALI, LION S CLUB",Bus,BEST,19.121288,72.856228,
GURUDWAR CHOWK (ANDHERI-E),Bus,BEST,19.125682,72.862745,
BORIVALI (W)STATION (JAYA TALKIES),Bus,BEST,19.227826,72.855705,
HEMA INDUSTRIAL ESTATE,Bus,BEST,19.131744,72.862865,
HOLY SPIRIT HOSPITAL (ANDHERI-E),Bus,BEST,19.126597,72.866993,
INCOME TAX COLONY (JOGESHWARI-E),Bus,BEST,19.13121,72.860756,
JOGESHWARI STATION-E,Bus,BEST,19.135224,72.849955,
JOHN BACKER,Bus,BEST,19.114926,72.888954,
KALPATARU ESTATE (MAJAS),Bus,BEST,19.139715,72.867499,
L & T GATE NO.6 (POWAI),Bus,BEST,19.124214,72.892743,
"KONDIVITA CAVES, MAHAKALI CAVES",Bus,BEST,19.130421,72.872723,
MILIND NAGAR (POWAI),Bus,BEST,19.126472,72.889985,
NAMASKAR,Bus,BEST,19.138497,72.870789,
NITIE (POWAI),Bus,BEST,19.134949,72.899839,
NITIE (POWAI),Bus,BEST,19.134651,72.899259,
CHINAI COLLEGE,Bus,BEST,19.123219,72.851094,
P.M.G.P COLONY (MAJAS),Bus,BEST,19.134503,72.87005,
P.M.G.P COLONY (MAJAS),Bus,BEST,19.133844,72.87006,
"PARSI PANCHAYAT(ANDHERI-E), DHOBI GHAT",Bus,BEST,19.124755,72.851445,
POST OFFICE JOGESHWARI (E),Bus,BEST,19.130969,72.849939,
PRATAP NAGAR (JOGESHWARI-E),Bus,BEST,19.140865,72.856738,
RAMADA HOTEL (POWAI),Bus,BEST,19.136358,72.899477,
RAMWADI (JOGESHWARI-E),Bus,BEST,19.140288,72.858621,
"BALASAHEB THACKERAY TRAUMA CENTRE, S.R.P. CAMP",Bus,BEST,19.14184,72.854742,
SANJAY NAGAR (JOGESHWARI-E),Bus,BEST,19.136935,72.855686,
SARIPUT NAGAR,Bus,BEST,19.132012,72.874889,
SADBHAKTI MANDIR,Bus,BEST,19.129479,72.849997,
SADBHAKTI MANDIR,Bus,BEST,19.129885,72.849959,
SEEPZ,Bus,BEST,19.127956,72.874882,
SEEPZ VILLAGE,Bus,BEST,19.130017,72.878198,
SEEPZ VILLAGE,Bus,BEST,19.129682,72.876211,
P.W.D.OFFICE (POWAI),Bus,BEST,19.129952,72.896533,
P.W.D.OFFICE (POWAI),Bus,BEST,19.130829,72.89715,
N.G.PARK,Bus,BEST,19.242984,72.871437,
DAHISAR STN (E),Bus,BEST,19.249628,72.86058,
GOLDEN CHEMICALS (DAHISAR-E),Bus,BEST,19.262101,72.8735,
CHAITANYA HOSPITAL,Bus,BEST,19.290138,72.863562,
ST.LAWRENCE HIGH SCHOOL (KANDIVALI-E),Bus,BEST,19.213068,72.862152,
JANTA NAGAR (KANDIVALI-E),Bus,BEST,19.213013,72.860963,
SIDDHARTH NAGAR (KANDIVALI-E),Bus,BEST,19.214518,72.871147,
NILKANT APARTMENT,Bus,BEST,19.2719,72.8891333,
R.T.O.CAMP (KASHIMIRA),Bus,BEST,19.284314,72.890004,
GUNCHECHA PARK,Bus,BEST,19.211992,72.877501,
MUNICIPAL ENGLISH SCHOOL,Bus,BEST,19.214431,72.876853,
MATUNGA STATION (E),Bus,BEST,19.027583,72.851233,
MAHESHWARI UDYAN (KINGS CIRCLE),Bus,BEST,19.027468,72.85546,
MAHESHWARI UDYAN (KINGS CIRCLE),Bus,BEST,19.027451,72.856163,
"JAGATDEV N.VARMA CHOWK, KAPOLE NIWAS",Bus,BEST,19.02407,72.852888,
MAHESHWARI UDYAN (KINGS CIRCLE),Bus,BEST,19.026836,72.854796,
MAHESHWARI UDYAN (KINGS CIRCLE),Bus,BEST,19.028571,72.856628,
MATUNGA RAILWAY PHATAK (E),Bus,BEST,19.032644,72.854298,
MATUNGA RAILWAY PHATAK (E),Bus,BEST,19.032735,72.854364,
LOKMANYA TILAK HOSPITAL (SION),Bus,BEST,19.03579,72.858371,
RANI LAXMIBAI CHOWK (SION),Bus,BEST,19.041033,72.862652,
RANI LAXMIBAI CHOWK (SION),Bus,BEST,19.044908,72.863068,
RANI LAXMIBAI CHOWK (SION),Bus,BEST,19.04574,72.863495,
CHUNABHATTI,Bus,BEST,19.051542,72.867206,
RANI LAXMIBAI CHOWK (SION),Bus,BEST,19.047223,72.865565,
RANI LAXMIBAI CHOWK (SION),Bus,BEST,19.041114,72.863118,
RANI LAXMIBAI CHOWK (SION),Bus,BEST,19.041051,72.862966,
LOKMANYA TILAK HOSPITAL (SION),Bus,BEST,19.037951,72.861248,
MATUNGA POLICE STATION (KINGS CIRCLE STATION),Bus,BEST,19.030586,72.857747,
GANDHI MARKET (KINGS CIRCLE),Bus,BEST,19.03299,72.858943,
RANI LAXMIBAI CHOWK (SION),Bus,BEST,19.041522,72.864847,
RANI LAXMIBAI CHOWK (SION),Bus,BEST,19.044927,72.864037,
BMC WARD OFFICE,Bus,BEST,19.031633,72.85445,
BMC WARD OFFICE,Bus,BEST,19.031678,72.854422,
MATUNGA LABOUR CAMP,Bus,BEST,19.038317,72.853183,
"DHARAVI T JUNCTION, TAPASE CHOWK",Bus,BEST,19.047586,72.852531,
"DHARAVI T JUNCTION, TAPASE CHOWK",Bus,BEST,19.047622,72.852806,
DHARAVI KOLIWADA,Bus,BEST,19.048382,72.855352,
N.C.P.A.,Bus,BEST,18.926542,72.820275,
PRINCESS STREET (KALBADEVI),Bus,BEST,18.945773,72.828177,
SHITAL BAUG,Bus,BEST,18.952204,72.804112,
TARAPOREWALA AQUARIUM,Bus,BEST,18.94845,72.819896,
BHARAT NAGAR (BKC),Bus,BEST,19.061809,72.859438,
KALA NAGAR (BANDRA-E),Bus,BEST,19.053337,72.84715,
MAHARASHTRA NAGAR (BANDRA-E),Bus,BEST,19.065184,72.852253,
M.M.R.D.A. PAY & PARK (BKC),Bus,BEST,19.061801,72.861253,
TATA COLONY (BKC),Bus,BEST,19.060544,72.858033,
BANDRA RECLAMATION BUS STATION,Bus,BEST,19.048238,72.827127,
BANDRA TALKIES,Bus,BEST,19.0611,72.836209,
"DR.AMBEDKAR ROAD, KHAR",Bus,BEST,19.070138,72.829361,
G.D.SOMANI SCHOOL,Bus,BEST,18.916098,72.819201,
MANTRALAYA,Bus,BEST,18.92855,72.823634,
MARINE LINES RAILWAY STATION,Bus,BEST,18.944433,72.824864,
PT.PALUSKAR CHOWK (OPERA HOUSE),Bus,BEST,18.955186,72.816158,
PHANASWADI,Bus,BEST,18.952744,72.824611,
SUKH SAGAR,Bus,BEST,18.956087,72.813338,
SIDDHARTH NAGAR (GOREGAON-W),Bus,BEST,19.158989,72.843057,
BANDRA STATION (E),Bus,BEST,19.054996,72.842047,
CITI BANK (BKC),Bus,BEST,19.068833,72.867748,
KHERWADI (BANDRA-E),Bus,BEST,19.060754,72.847373,
MARATHA COLONY,Bus,BEST,19.075091,72.846565,
TATA COLONY (BKC),Bus,BEST,19.060318,72.857862,
PRABODHANKAR THACKERAY NAGAR MARKET (CHARKOP),Bus,BEST,19.215631,72.828581,
"CHARKOP SECTOR 9, AKSHARA VIDYALAYA",Bus,BEST,19.219735,72.819486,
DENA BANK (KANDIVALI-W),Bus,BEST,19.20428,72.84892,
GOKHALE HIGH SCHOOL (BORIVALI -W),Bus,BEST,19.223623,72.850686,
KORA KENDRA,Bus,BEST,19.220164,72.852448,
MAHAVIR NAGAR (KANDIVLI-W),Bus,BEST,19.215122,72.83715,
MILAP TALKIES,Bus,BEST,19.196085,72.847452,
SAHYADRI NAGAR (CHARKOP),Bus,BEST,19.210283,72.828747,
SAIBABA MANDIR (KANDIVALI-W),Bus,BEST,19.217736,72.828598,
SATYA NAGAR,Bus,BEST,19.216525,72.841399,
CHARKOP POLICE STATION,Bus,BEST,19.215434,72.819844,
VEERA DESAI ROAD,Bus,BEST,19.134747,72.837665,
YARI ROAD,Bus,BEST,19.139198,72.80963,
VESAVA-YARI ROAD BUS STATION,Bus,BEST,19.139513,72.808451,
SAROTAPADA (ANDHERI-W),Bus,BEST,19.133157,72.837647,
DNYANSAGAR VIDAYALAYA,Bus,BEST,19.145892,72.833104,
KALA VIDYALAYA,Bus,BEST,19.181679,72.813671,
DHARIVALI VILLAGE,Bus,BEST,19.169558,72.795665,
SAI SHRADDHA SHOPPING COMPLEX (MALVANI),Bus,BEST,19.178565,72.816459,
HIRADEVI MANDIR,Bus,BEST,19.157399,72.786618,
MADH SONAPUR,Bus,BEST,19.141914,72.795854,
"MALVANI BLOCK NO.5, POLICE STATION",Bus,BEST,19.191966,72.821972,
SIR J.P.PRIMARY SCHOOL,Bus,BEST,19.170725,72.796872,
KHAR TELEPHONE EXCHANGE,Bus,BEST,19.070232,72.834264,
PALI MARKET,Bus,BEST,19.062053,72.829519,
PERI CROSS ROAD,Bus,BEST,19.059934,72.823687,
SHERLEY VILLAGE,Bus,BEST,19.071181,72.822082,
SHITALADEVI TEMPLE (MAHIM),Bus,BEST,19.034046,72.842233,
JOHN BAPTIST ROAD,Bus,BEST,19.047667,72.82555,
UNIT TRUST OF INDIA (BANDRA-W),Bus,BEST,19.049747,72.828265,
"AAREY UNIT NO.6, MARKET",Bus,BEST,19.158048,72.874353,
APPAPADA,Bus,BEST,19.189727,72.866644,
BIMBISAR NAGAR,Bus,BEST,19.146295,72.856317,
GOKULDHAM,Bus,BEST,19.174388,72.867566,
GOREGAON STATION (E),Bus,BEST,19.163691,72.850925,
BANDRA TALAO,Bus,BEST,19.056131,72.83703,
D MONTE GARDEN,Bus,BEST,19.059683,72.826167,
"HILL ROAD GARDEN, MEHBOOB STUDIO",Bus,BEST,19.052653,72.824149,
KHAR STATION (W) ROAD,Bus,BEST,19.070216,72.837314,
MAHIM,Bus,BEST,19.040171,72.841307,
MAHIM PHATAK,Bus,BEST,19.042893,72.845542,
OLD KHAR,Bus,BEST,19.066683,72.83725,
GALAXY APARTMENTS,Bus,BEST,19.054369,72.823055,
SHITALADEVI TEMPLE (MAHIM),Bus,BEST,19.033965,72.842299,
SHITALADEVI TEMPLE (MAHIM),Bus,BEST,19.03533,72.843695,
CHITRANAGRI ENTRY GATE,Bus,BEST,19.165557,72.878171,
HIRA PARK,Bus,BEST,19.186319,72.860472,
AGARKAR CHOWK (ANDHERI-E),Bus,BEST,19.119323,72.848455,
"AMRUT SHAKTI, CALILIO BUILDING",Bus,BEST,19.107702,72.897169,
B CROSS ROAD,Bus,BEST,19.114582,72.868198,
BAMAN PADA,Bus,BEST,19.104378,72.858548,
CHAKALA,Bus,BEST,19.115934,72.86123,
CHANDIVALI JUNCTION,Bus,BEST,19.111682,72.888329,
"GARWARE CHOWK, KOLDONGRI NO.2",Bus,BEST,19.110363,72.851388,
"GUJRAT SOCIETY, DAYALDAS ROAD",Bus,BEST,19.09702,72.851054,
"CHANDIVALI STUDIO, PETROL PUMP",Bus,BEST,19.114603,72.895769,
JUNGLESHWAR MAHADEO MANDIR,Bus,BEST,19.100836,72.898454,
MAROL PIPELINE,Bus,BEST,19.110916,72.872191,
JANKALYAN NAGAR POLICE CHOWKY,Bus,BEST,19.199183,72.820635,
ZUNKA BHAKAR KENDRA (MALVANI),Bus,BEST,19.1903833,72.82535,
ABHYUDAYA BANK,Bus,BEST,19.226147,72.857513,
MAHINDRA COMPANY GATE (B.H.A.D. COLONY),Bus,BEST,19.205545,72.865561,
BALAJI BUILDING,Bus,BEST,19.286467,72.858351,
BISHOP SCHOOL,Bus,BEST,19.295163,72.851657,
BORIVALI (E) STATION,Bus,BEST,19.229697,72.857634,
BORIVALI (E) STATION,Bus,BEST,19.231017,72.85868,
MIRA ROAD STATION,Bus,BEST,19.281462,72.858059,
N.L.COMPLEX JUNCTION (DAHISAR-E),Bus,BEST,19.259504,72.864997,
NENSEY COLONY,Bus,BEST,19.238328,72.864439,
NOVELTY SILK MILL (DAHISAR-E),Bus,BEST,19.254808,72.867026,
KANDIVALI BUS STATION (E),Bus,BEST,19.201625,72.853408,
KURAR VILLAGE,Bus,BEST,19.184989,72.858603,
MAHINDRA GATE NO.4,Bus,BEST,19.200364,72.875434,
NAAGRI NIWARA 1 & 2,Bus,BEST,19.17228,72.88101,
PATHANWADI,Bus,BEST,19.179397,72.858683,
PRABHU HOTEL (KURAR VILLAGE MARG JUNCTION),Bus,BEST,19.179165,72.864378,
RAMESH HOTEL(MALAD-E),Bus,BEST,19.187075,72.861904,
SANGITA TALKIES,Bus,BEST,19.189999,72.851725,
STATE BANK COLONY (MALAD-E),Bus,BEST,19.180361,72.854337,
AAREY UNIT NO.7,Bus,BEST,19.158421,72.878621,
"AAREY HOSPITAL, MUNICIPAL SCHOOL",Bus,BEST,19.14832,72.876563,
"TRACTOR GATE NO.3, VASA HOSPITAL",Bus,BEST,19.200697,72.872429,
KOKANI PADA (MALAD-E),Bus,BEST,19.184287,72.86388,
MALAD POST OFFICE,Bus,BEST,19.179464,72.85023,
"AAREY POLICE STATION, CHHOTA KASHMIR",Bus,BEST,19.16251,72.871308,
PUSHPA PARK (MALAD-E),Bus,BEST,19.187816,72.858459,
SAMBHAJI NAGAR (KANDIVALI-E),Bus,BEST,19.201947,72.861502,
SMALLSCALE INDUSTRIES,Bus,BEST,19.160975,72.857125,
TAPOVAN (PATHANWADI),Bus,BEST,19.179984,72.859471,
OLD PUSHPA PARK,Bus,BEST,19.188583,72.856347,
ADARSH HIGH SCHOOL (ANIK),Bus,BEST,19.024218,72.876882,
"LOKSHAHIR SATHE UDYAN, SUMAN NAGAR",Bus,BEST,19.053573,72.884439,
VASHI NAKA (CHEMBUR),Bus,BEST,19.03307,72.89619,
SHANKAR MANDIR (MAHUL),Bus,BEST,19.029267,72.896999,
MAROL VILLAGE,Bus,BEST,19.110603,72.878607,
HANUMAN SOCIETY BUILDING NO.5 (VILE PARLE-E),Bus,BEST,19.103733,72.852837,
PARLE TILAK VIDYALAYA,Bus,BEST,19.103252,72.84837,
PARSIWADA (CHAKALA),Bus,BEST,19.108785,72.855637,
SAHAR CARGO COMPLEX,Bus,BEST,19.097326,72.865366,
SAHAR VILLAGE,Bus,BEST,19.098464,72.865004,
SUBHASH NAGAR (KHAIRANI ROAD),Bus,BEST,19.096807,72.8978,
DOMESTIC AIRPORT TERMINAL 1-A,Bus,BEST,19.093409,72.855713,
VILE PARLE POLICE STATION (E),Bus,BEST,19.096118,72.854257,
SAVITRIBAI PHULE NAGAR,Bus,BEST,19.100577,72.863919,
ANUSHAKTI NAGAR BUS STATION,Bus,BEST,19.042654,72.926805,
B.A.R.C GATE NO.6,Bus,BEST,19.042141,72.933075,
WOOD HOUSE (COLABA),Bus,BEST,18.91527,72.824224,
FIVE GARDENS,Bus,BEST,19.019735,72.854544,
MADKEBUWA CHOWK (PAREL),Bus,BEST,19.006119,72.838472,
I.C.I. (SEWREE),Bus,BEST,18.980994,72.851624,
GOL MANDIR (BHULESHWAR),Bus,BEST,18.958087,72.828832,
KALINA,Bus,BEST,19.077404,72.862165,
SANTACRUZ STATION (E),Bus,BEST,19.081141,72.842456,
BAIL BAZAR,Bus,BEST,19.086402,72.881004,
K.V.YADAV CHOWK,Bus,BEST,18.999065,72.827973,
RUBY MILL,Bus,BEST,19.023939,72.845156,
SHREE RAM MILL,Bus,BEST,18.9985,72.82125,
"DR.AMBEDKAR HOSPITAL, PAREKH NAGAR",Bus,BEST,19.208454,72.850534,
MAITREYEE SOCIETY,Bus,BEST,19.174168,72.881228,
"MALAD STATION (E), PODDAR PARK",Bus,BEST,19.186854,72.850187,
BHAKTI BHAVAN (CHEMBUR),Bus,BEST,19.052419,72.891081,
JIJAMATA NAGAR (MAHUL),Bus,BEST,19.028261,72.888384,
CHUNABHATTI PHATAK,Bus,BEST,19.052935,72.87092,
GAWANGAON REFINERIES,Bus,BEST,19.010901,72.898364,
HIGHWAY APARTMENT (SION),Bus,BEST,19.04801,72.868168,
NAIK NAGAR (KURLA-E),Bus,BEST,19.060077,72.883429,
PRIYADARSHINI (CHUNABHATTI),Bus,BEST,19.05246,72.879794,
UMARSHI BAPPA CHOWK,Bus,BEST,19.053845,72.887071,
BHAKTI PARK MONO RAIL STATION,Bus,BEST,19.029512,72.87782,
SINDHI SOCIETY GYMKHANA (CHEMBUR),Bus,BEST,19.050721,72.890245,
M.M.R.D.A.COLONY BUILDING NO.31 (MAHUL),Bus,BEST,19.017393,72.889357,
HPCL NORTH GATE (MAHUL),Bus,BEST,19.022258,72.900573,
ANDHERI STATION (W),Bus,BEST,19.119448,72.84586,
FOUR BUNGALOWS,Bus,BEST,19.128776,72.825579,
CHEMBUR COLONY,Bus,BEST,19.044552,72.893269,
CHUNABHATTI PHATAK,Bus,BEST,19.052998,72.870445,
EVEREST SOCIETY (KURLA-E),Bus,BEST,19.061336,72.890973,
MAHUL VILLAGE,Bus,BEST,19.014024,72.890365,
PRIYADARSHINI (CHUNABHATTI),Bus,BEST,19.052343,72.879519,
GEETANJALI (ANDHERI-W),Bus,BEST,19.131209,72.842601,
SHREE SWAMI SAMARTH NAGAR,Bus,BEST,19.139237,72.825504,
CHILDRENS HOME,Bus,BEST,19.042727,72.928667,
"AROGYA HOSPITAL, D MART",Bus,BEST,19.01907,73.015754,
DATTAGURU CO-OPERATIVE HOUSING SOCIETY,Bus,BEST,19.047929,72.920201,
GAVDEVI CHOWK (SARSOLE),Bus,BEST,19.043137,73.014784,
"R.C.F.COLONY (CHEMBUR), GOLF CLUB",Bus,BEST,19.046125,72.898655,
JUHU VILLAGE (NAVI MUMBAI),Bus,BEST,19.086685,73.002949,
"JUI NAGAR, GAONDEVI CHOWK",Bus,BEST,19.049713,73.017038,
KALAMBOLI COLONY,Bus,BEST,19.02206,73.10057,
KOPAR KHAIRANE,Bus,BEST,19.10937,73.001852,
"MAHATMA GANDHI HOSPITAL, PANVEL NAKA",Bus,BEST,19.019157,73.105136,
NARMADESHWAR MANDIR,Bus,BEST,19.040868,72.939772,
NERUL GYMKHANA,Bus,BEST,19.026306,73.015833,
DOMESTIC AIRPORT JUNCTION,Bus,BEST,19.094346,72.851721,
J.B.NAGAR (ANDHERI-E),Bus,BEST,19.111439,72.868437,
Y.B.CHAVAN MARG JUNCTION (VASHI),Bus,BEST,19.067796,72.997471,
VASUDEO BALWANT PHADKE CHOWK (DHOBI TALAO),Bus,BEST,18.943767,72.828653,
RAM BAUG (GOREGAON-W),Bus,BEST,19.163362,72.843995,
BANDRA (E) BUS STATION,Bus,BEST,19.055631,72.845486,
MAHIM BUS STATION,Bus,BEST,19.043116,72.84177,
AAREY UNIT NO.32,Bus,BEST,19.164027,72.870262,
DR.AMBEDKAR CHOWK (GOREGAON-E),Bus,BEST,19.173506,72.85688,
BPCL SPORTS CLUB,Bus,BEST,19.027884,72.896002,
UMARSHI BAPPA CHOWK,Bus,BEST,19.055924,72.888153,
PICNIC COTTAGE (VERSOVA),Bus,BEST,19.130402,72.814163,
M.M.R.D.A.COLONY (MAHUL),Bus,BEST,19.017538,72.890354,
PINK CORNER,Bus,BEST,19.051687,72.889979,
GANESH NAGAR VEER ABDUL HAMID ROAD JUNCTION,Bus,BEST,19.02429,72.876825,
ANDHERI STATION (W),Bus,BEST,19.119276,72.845347,
ANDHERI MARKET,Bus,BEST,19.123668,72.846674,
AZAD NAGAR (ANDHERI),Bus,BEST,19.130717,72.837573,
GANGA BHAVAN,Bus,BEST,19.135034,72.810347,
HIGHLAND GARDEN,Bus,BEST,19.145618,72.828836,
JEEVAN NAGAR,Bus,BEST,19.1313,72.831347,
LOKHANDWALA COMPLEX JUNCTION (JOGESHWARI-W),Bus,BEST,19.142376,72.831386,
TELEPHONE EXCHANGE (ANDHERI-W),Bus,BEST,19.133898,72.825632,
SHREE SWAMI SAMARTH NAGAR,Bus,BEST,19.139852,72.825941,
AMIRA APARTMENTS,Bus,BEST,19.18113,72.816638,
J.J.HOSPITAL NURSING SOCIETY (MADH),Bus,BEST,19.185135,72.797694,
KHARODI VILLAGE,Bus,BEST,19.196354,72.818431,
MADH JETTY,Bus,BEST,19.14454,72.801983,
MADH TEMPLE,Bus,BEST,19.140654,72.791217,
SHIVAJIRAJE COMPLEX (KANDIVALI-W) (EXTENSION),Bus,BEST,19.202084,72.821983,
MARSHAL WADI,Bus,BEST,19.180302,72.797765,
MADH TEMPLE,Bus,BEST,19.140663,72.791198,
ANAND NAGAR (DAHISAR),Bus,BEST,19.258167,72.864665,
MAHINDRA COMPANY GATE (B.H.A.D. COLONY),Bus,BEST,19.2069,72.866311,
BHAIDAYA NAGAR,Bus,BEST,19.310397,72.857651,
BORIVALI (E) STATION,Bus,BEST,19.230629,72.858794,
BHANDUP STATION (W),Bus,BEST,19.144263,72.937678,
BHANDUP STATION (W) ROAD,Bus,BEST,19.146115,72.935852,
PUNJAB WADI (DEONAR),Bus,BEST,19.045353,72.914796,
RAJ KAPOOR CHOWK (ANUSHAKTI NAGAR),Bus,BEST,19.043548,72.921256,
SANPADA STATION,Bus,BEST,19.06754,73.009661,
SEAWOOD DARAVE RAILWAY PHATAK,Bus,BEST,19.023443,73.015138,
"NERUL SECTOR 46, 48",Bus,BEST,19.007831,73.016321,
SHIVAJI CHOWK (KHARGHAR SECTOR 8),Bus,BEST,19.043457,73.067433,
TATA PRESS (NERUL),Bus,BEST,19.039158,73.028861,
TERNA ENGINEERING COLLEGE (KOPAR KHAIRANE),Bus,BEST,19.111023,73.003563,
VIVEKANAND SCHOOL (JUI NAGAR),Bus,BEST,19.062959,73.013166,
CRISIL HOUSE,Bus,BEST,19.117336,72.910651,
SHIVAJI NAGAR (MADH),Bus,BEST,19.141524,72.794077,
ASHIRWAD HOSPITAL,Bus,BEST,19.257101,72.864961,
DAHISAR CHECK NAKA,Bus,BEST,19.258568,72.871837,
GAIMUKH (GHODBUNDER RD),Bus,BEST,19.285419,72.936431,
GOKULANAND HOTEL,Bus,BEST,19.244887,72.864758,
HANUMAN TEKDI (BORIVALI -E),Bus,BEST,19.240319,72.869859,
HANUMAN TEKDI (BORIVALI -E),Bus,BEST,19.240418,72.869812,
KASHIMIRA,Bus,BEST,19.2715,72.882266,
JAI MAHAKALI MANDIR,Bus,BEST,19.241454,72.864342,
"MAHAVISHNU, SAMRAT HOTEL",Bus,BEST,19.265219,72.875363,
FISH MARKET,Bus,BEST,19.24797,72.868799,
VESAVA-YARI ROAD BUS STATION,Bus,BEST,19.13945,72.808233,
AKSA VILLAGE,Bus,BEST,19.176516,72.797626,
AMIRA APARTMENTS,Bus,BEST,19.181112,72.816837,
JANKALYAN NAGAR,Bus,BEST,19.199796,72.818618,
MADH MARKET,Bus,BEST,19.141584,72.789838,
"JANTA COLONY, SHIV MANDIR",Bus,BEST,19.200132,72.83388,
MALVANI BLOCK NO.6,Bus,BEST,19.1892,72.819788,
MARVE BEACH-ESSEL WORLD,Bus,BEST,19.198976,72.798803,
RETREAT HOTEL (MADH),Bus,BEST,19.153896,72.789178,
"FIRE BRIGADE, KHARODI COLONY",Bus,BEST,19.196573,72.821759,
"BHAYANDER PHATAK, JANAKI RESIDENCY",Bus,BEST,19.298298,72.852387,
"HEMGIRI SOCIETY, GANESH MANDIR",Bus,BEST,19.235627,72.864098,
BLOOD BANK,Bus,BEST,19.2743,72.861393,
KAJUPADA (BORIVALI -E),Bus,BEST,19.234,72.8696,
SHREE KOTESHWARI MANDIR,Bus,BEST,19.214029,72.868865,
"ANGAN WADI, MANALI VILLAGE",Bus,BEST,19.235402,72.8662,
MAGATHANE TELEPHONE EXCHANGE,Bus,BEST,19.216034,72.867048,
PUNJAB FOUNDRY (MIRA ROAD),Bus,BEST,19.275963,72.881703,
RUSHIVAN,Bus,BEST,19.2364667,72.8729833,
SAIKRUPA COMPLEX,Bus,BEST,19.2715167,72.8860667,
"SHEETAL NAGAR, MTNL (MIRA ROAD)",Bus,BEST,19.283535,72.866106,
ST.XAVIER S HIGH SCHOOL (KASHIMIRA),Bus,BEST,19.2696,72.8882333,
VERSOVA BRIDGE (GHODBUNDER RD),Bus,BEST,19.284987,72.904817,
GHATKOPAR PIPE LINE,Bus,BEST,19.08819,72.902516,
GHATKOPAR POST OFFICE,Bus,BEST,19.087468,72.905909,
GHATKOPAR STATION (W),Bus,BEST,19.08792,72.90875,
HANUMAN MANDIR (BARVE NAGAR),Bus,BEST,19.093737,72.903883,
HIRANANDANI GARDEN (POWAI),Bus,BEST,19.116215,72.909302,
I.I.T.MARKET (POWAI),Bus,BEST,19.128152,72.919117,
JAIN MANDIR (BHANDUP-W),Bus,BEST,19.149792,72.937763,
JAMBHULPADA,Bus,BEST,19.094242,72.899816,
MEENATAI THACKERAY MAIDAN (ANACIN COMPANY),Bus,BEST,19.098637,72.9171,
MILIND NAGAR (BHANDUP-W),Bus,BEST,19.158446,72.932077,
SAIBABA MANDIR (AMRUT NAGAR),Bus,BEST,19.098734,72.907768,
SUBHASH NAGAR (BHANDUP-W),Bus,BEST,19.15926,72.944131,
PLEASANT PARK (MIRA ROAD),Bus,BEST,19.275428,72.877118,
RAJASHREE CINEMA,Bus,BEST,19.250967,72.863709,
RAJASHREE CINEMA,Bus,BEST,19.251102,72.863547,
SAIKRUPA COMPLEX,Bus,BEST,19.2715833,72.8858667,
"MUNICIPAL MARKET, SAIBABA MANDIR-(BORIVALI -E)",Bus,BEST,19.241357,72.868603,
"SAMATA NAGAR, BUILDING NO.3&5",Bus,BEST,19.205943,72.86751,
SHREE KRISHNA NAGAR (BORIVALI -E),Bus,BEST,19.233169,72.863177,
SILVER PARK (MIRA ROAD),Bus,BEST,19.282157,72.874203,
THAKUR CINEMA (KANDIVALI-E),Bus,BEST,19.210002,72.873118,
THAKUR COMPLEX (KANDIVALI-E),Bus,BEST,19.208896,72.863885,
VITTHAL RAKHUMAI MANDIR (DAHISAR-E),Bus,BEST,19.257409,72.865446,
DAHISAR BUS STATION,Bus,BEST,19.258985,72.873549,
CHHATRAPATI SHIVAJI MAHARAJ TERMINUS(CSMT),Bus,BEST,18.940654,72.833412,
JOHAR CHOWK (BHENDI BAZAAR),Bus,BEST,18.958875,72.831651,
LOHA BHAVAN,Bus,BEST,18.952006,72.841313,
NAVY NAGAR (COLABA),Bus,BEST,18.90748,72.808967,
SANDHURST ROAD STATION,Bus,BEST,18.96084,72.838819,
SWAMI DAYANAND SARASWATI CHOWK (FORT),Bus,BEST,18.936979,72.836899,
WADI BUNDER,Bus,BEST,18.957508,72.842031,
"BHOIWADA, MANE MASTER CHOWK",Bus,BEST,19.005491,72.844979,
"BYCULLA STATION (EAST), GLORIA CHURCH",Bus,BEST,18.975563,72.834383,
KHODADAD CIRCLE (DADAR TT),Bus,BEST,19.019533,72.848949,
DARUKHANA,Bus,BEST,18.972028,72.845211,
"RAJA SHIVAJI HIGH SCHOOL, HINDU COLONY (DADAR-E)",Bus,BEST,19.021402,72.847114,
KANHERI CAVES BASE,Bus,BEST,19.208875,72.901115,
"MAHARASHTRA NATURE PARK, P.M.G.P COLONY (DHARAVI)",Bus,BEST,19.051801,72.861696,
DATTA MANDIR (INCOME TAX COLONY),Bus,BEST,19.13131,72.862343,
KALPATARU ESTATE (MAJAS),Bus,BEST,19.139841,72.867765,
MORARJI NAGAR (POWAI),Bus,BEST,19.133783,72.897548,
RAMWADI (JOGESHWARI-E),Bus,BEST,19.140388,72.858554,
SANJAY NAGAR (JOGESHWARI-E),Bus,BEST,19.137685,72.855191,
SEEPZ VILLAGE,Bus,BEST,19.129701,72.878711,
SHANKARWADI (JOGESHWARI-E),Bus,BEST,19.129581,72.8555,
PANDEY NAGAR,Bus,BEST,19.213293,72.877605,
"JAGATDEV N.VARMA CHOWK, KAPOLE NIWAS",Bus,BEST,19.023871,72.85229,
RANI LAXMIBAI CHOWK (SION),Bus,BEST,19.043247,72.864257,
GHATKOPAR STATION (W),Bus,BEST,19.087541,72.907962,
HIRANANDANI TELEPHONE EXCHANGE (POWAI),Bus,BEST,19.118232,72.915204,
AMAR MAHAL,Bus,BEST,19.066263,72.90031,
BHANDUP VILLAGE (E) JUNCTION,Bus,BEST,19.155665,72.94896,
GHATKOPAR BUS STATION,Bus,BEST,19.088004,72.918272,
"PESTOM SAGAR, GLASS FACTORY",Bus,BEST,19.069552,72.900898,
KANNAMWAR NAGAR NO.2,Bus,BEST,19.120426,72.938723,
NAHUR STATION (E),Bus,BEST,19.154373,72.94704,
ODEON CINEMA,Bus,BEST,19.079438,72.910682,
PANT NAGAR,Bus,BEST,19.083567,72.914063,
R.T.O.(GHATKOPAR-E),Bus,BEST,19.073403,72.911035,
RAMABAI NAGAR (GHATKOPAR-E),Bus,BEST,19.0784,72.915946,
SANJAY GANDHI UDYAN (NATIONAL PARK),Bus,BEST,19.228248,72.867735,
PICNIC POINT ROAD,Bus,BEST,19.225247,72.883905,
CHECK POST,Bus,BEST,19.209651,72.899165,
N.G.PARK,Bus,BEST,19.242985,72.871513,
SIDDHARTH NAGAR (KANDIVALI-E),Bus,BEST,19.214645,72.871433,
PANDEY NAGAR,Bus,BEST,19.21341,72.877719,
KALAKILLA,Bus,BEST,19.048014,72.859152,
RANI LAXMIBAI CHOWK (SION),Bus,BEST,19.044448,72.862688,
RANI LAXMIBAI CHOWK (SION),Bus,BEST,19.046979,72.865423,
RANI LAXMIBAI CHOWK (SION),Bus,BEST,19.043527,72.864351,
LOKMANYA TILAK HOSPITAL (SION),Bus,BEST,19.035347,72.857412,
DHARAVI KOLIWADA,Bus,BEST,19.048482,72.855428,
"MAHARANA PRATAP CHOWK, MAZGAON POST OFFICE",Bus,BEST,18.971411,72.840539,
PRABODHANKAR THACKERAY UDYAN BUS STATION (SEWREE),Bus,BEST,18.998213,72.851566,
SEWREE NAKA,Bus,BEST,18.998809,72.849751,
TANK BUNDER,Bus,BEST,18.98895,72.846215,
WADALA STATION (W),Bus,BEST,19.01784,72.85937,
DADASAHEB SARFARE CHOWK,Bus,BEST,19.012757,72.84884,
HINDUSTAN PETROLEUM (REAY ROAD),Bus,BEST,18.981259,72.855755,
A.H.ANSARI CHOWK (NAGPADA),Bus,BEST,18.970881,72.831794,
NEW AGRIPADA,Bus,BEST,18.976281,72.827298,
"MAHARASHTRA COLLEGE, ALEXANDRA CINEMA",Bus,BEST,18.96749,72.827125,
KASTURBA GANDHI CHOWK (C.P.TANK),Bus,BEST,18.954426,72.825948,
KASTURBA GANDHI CHOWK (C.P.TANK),Bus,BEST,18.955121,72.82552,
GANDHI MARKET (KINGS CIRCLE),Bus,BEST,19.033578,72.859398,
CENTRAL LABOUR INSTITUTE,Bus,BEST,19.049102,72.86584,
BHULESHWAR,Bus,BEST,18.952685,72.830004,
CHHATRAPATI SHIVAJI MAHARAJ TERMINUS(CSMT),Bus,BEST,18.94087,72.833099,
DHOBI GHAT (NAVY NAGAR),Bus,BEST,18.906932,72.812916,
DR. SHYAMAPRASAD MUKHERJEE CHOWK(MUSEUM),Bus,BEST,18.923786,72.831963,
CHHATRAPATI SHIVAJI MAHARAJ TERMINUS (GPO),Bus,BEST,18.938542,72.836376,
KALBADEVI,Bus,BEST,18.946884,72.82885,
MAHATMA PHULE MARKET (CRAWFORD MARKET),Bus,BEST,18.944973,72.834264,
MANDVI POST OFFICE,Bus,BEST,18.956129,72.832631,
RAILWAY ACCIDENT COURT,Bus,BEST,18.943729,72.839258,
"SASOON DOCK, COLABA FIRE STATION",Bus,BEST,18.916067,72.826387,
TAGORE NAGAR NO.3 (VIKHROLI-E),Bus,BEST,19.119726,72.932378,
MUNICIPAL SCHOOL (KURLA-E),Bus,BEST,19.067556,72.893275,
JOGESHWARI VIKHROLI LINK ROAD (KANJURMARG-E),Bus,BEST,19.12493,72.938755,
BABULNATH JUNCTION,Bus,BEST,18.959192,72.809936,
AHILYABAI HOLKAR CHOWK (CHURCHGATE),Bus,BEST,18.933088,72.826848,
DR.AMBEDKAR STATUE (FORT),Bus,BEST,18.927055,72.829644,
"DR.AMBEDKAR NAGAR, DHOBI GHAT COLABA",Bus,BEST,18.911481,72.819281,
G.D.SOMANI SCHOOL,Bus,BEST,18.916513,72.818565,
GYMKHANA,Bus,BEST,18.9464,72.821435,
MANTRALAYA,Bus,BEST,18.929129,72.824564,
JEEVAN BIMA MARG (CHURCHGATE),Bus,BEST,18.928145,72.825628,
MUMBAI GYMKHANA,Bus,BEST,18.939278,72.829986,
SHALIMAR INDUSTRIES LIMITED,Bus,BEST,19.034718,72.85326,
LABOUR CAMP (DHARAVI),Bus,BEST,19.037375,72.853279,
MAHIM PHATAK,Bus,BEST,19.043229,72.848848,
GREEN FIELDS,Bus,BEST,19.139689,72.869172,
"GUNDAVALI, LION S CLUB",Bus,BEST,19.120873,72.855867,
"I.E.S SCHOOL, (J.V.L.R)",Bus,BEST,19.128431,72.887247,
KOKAN NAGAR (JOGESHWARI-E),Bus,BEST,19.134383,72.864803,
M.H.B.COLONY (JOGESHWARI-E),Bus,BEST,19.133768,72.862883,
MILIND NAGAR (POWAI),Bus,BEST,19.126318,72.890584,
NAMASKAR,Bus,BEST,19.138235,72.870704,
"SEEPZ VILLAGE, RELIANCE ENERGY TRAINING CENTRE",Bus,BEST,19.129504,72.882418,
SANJAY NAGAR (JOGESHWARI-E),Bus,BEST,19.13689,72.85579,
MAHARANA PRATAP CHOWK (MAZGAON),Bus,BEST,18.969117,72.84075,
NAVJEEVAN SOCIETY (TARDEO),Bus,BEST,18.965154,72.819711,
PETIT HALL,Bus,BEST,18.955235,72.798631,
PT.PALUSKAR CHOWK (OPERA HOUSE)- MARWADI VIDYALAYA,Bus,BEST,18.957555,72.818169,
VASANTRAO NAIK CHOWK (TARDEO),Bus,BEST,18.968764,72.815387,
SAIDHAM,Bus,BEST,18.957951,72.816954,
CHANDAN CINEMA,Bus,BEST,19.114738,72.827701,
DAULAT NAGAR (SANTACRUZ-W),Bus,BEST,19.089944,72.833327,
JUHU KOLIWADA,Bus,BEST,19.085956,72.828066,
JUHU TARA ROAD,Bus,BEST,19.090066,72.827597,
RAMKRISHNA MISSION (KHAR-W),Bus,BEST,19.076014,72.834231,
ST.TERESA CONVENT SCHOOL (SANTACRUZ-W),Bus,BEST,19.076468,72.837718,
SWADESHI MARKET,Bus,BEST,18.948565,72.828849,
VASUDEO BALWANT PHADKE CHOWK (DHOBI TALAO),Bus,BEST,18.943226,72.829821,
VIJAY VALLABH CHOWK (PYDHONIE),Bus,BEST,18.954313,72.831949,
CHINCH BUNDER,Bus,BEST,18.958382,72.838536,
NIRMAN BHAVAN,Bus,BEST,18.963546,72.846518,
R.C.CHURCH,Bus,BEST,18.900202,72.813899,
KHODADAD CIRCLE (DADAR TT),Bus,BEST,19.019433,72.848826,
KHODADAD CIRCLE (DADAR TT),Bus,BEST,19.016732,72.84953,
DNYANESHWAR NAGAR,Bus,BEST,19.005406,72.85385,
HINDU CEMETARY(REAY ROAD),Bus,BEST,18.977784,72.84722,
JAIHIND CINEMA,Bus,BEST,18.985284,72.835601,
JIJAMATA UDYAN (BYCULLA),Bus,BEST,18.980902,72.834521,
N.C.P.A.,Bus,BEST,18.925161,72.822621,
THAKURDWAR (GIRGAON),Bus,BEST,18.951027,72.823482,
WILSON COLLEGE,Bus,BEST,18.956185,72.810698,
AHILYABAI HOLKAR CHOWK (CHURCHGATE),Bus,BEST,18.932872,72.82851,
PT.PALUSKAR CHOWK,Bus,BEST,18.954409,72.815656,
AYYAPA MANDIR (GOREGAON),Bus,BEST,19.165179,72.831948,
"BEST NAGAR, OSHIWARA STAFF QUARTERS",Bus,BEST,19.153782,72.838944,
GOREGAON (W) BUS STATION,Bus,BEST,19.163582,72.849185,
JAWAHAR NAGAR (GOREGAON-W),Bus,BEST,19.162198,72.846154,
JOGESHWARI (W) BUS STATION,Bus,BEST,19.133976,72.847732,
MOTILAL NAGAR POST OFFICE,Bus,BEST,19.159095,72.84049,
SEEPZ BUS STATION,Bus,BEST,19.124594,72.872678,
SEEPZ VILLAGE,Bus,BEST,19.129953,72.87662,
SHIVAJI CHOWK (ANDHERI-E),Bus,BEST,19.111952,72.849239,
"SIDDHESHWAR SOCIETY, GHARONDA",Bus,BEST,19.118874,72.999146,
VIVEKANAND SCHOOL (JUI NAGAR),Bus,BEST,19.062995,73.013261,
BHANDUP STATION (W),Bus,BEST,19.144317,72.937611,
"ISHWAR NAGAR, BHANDUP (W)",Bus,BEST,19.144425,72.934446,
SHETTY VIDYALAYA (POWAI),Bus,BEST,19.115636,72.905985,
GHATKOPAR BUS STATION,Bus,BEST,19.088158,72.918053,
KANNAMWAR NAGAR NO.1,Bus,BEST,19.1137,72.935601,
GOREGAON POLICE STATION,Bus,BEST,19.156985,72.845834,
CHARAT SINGH COLONY,Bus,BEST,19.11122,72.864512,
NAVJEEVAN SOCIETY (KURLA-W),Bus,BEST,19.077873,72.880228,
OLD AGRA ROAD (KURLA-W),Bus,BEST,19.078957,72.879819,
VILE PARLE (W),Bus,BEST,19.10218,72.839447,
JUHU HOTEL,Bus,BEST,19.105171,72.827081,
AIR INDIA QUARTERS,Bus,BEST,19.080244,72.868692,
HOLY CROSS SCHOOL (KURLA-W),Bus,BEST,19.08242,72.885747,
KAMANI,Bus,BEST,19.08382,72.885034,
SUNDAR BAUG (KAMANI),Bus,BEST,19.086684,72.887133,
VAKOLA MASJID,Bus,BEST,19.081565,72.855122,
VAKOLA POLICE STATION (HANUMAN MANDIR),Bus,BEST,19.078714,72.846676,
BABASAHEB WORLIKAR CHOWK (CENTURY BAZAAR),Bus,BEST,19.012759,72.825521,
PARSIWADA (CHAKALA),Bus,BEST,18.99295,72.842822,
KIDWAI NAGAR,Bus,BEST,19.008767,72.85418,
NAIGAON POLICE COLONY,Bus,BEST,19.008203,72.847285,
MADKEBUWA CHOWK (PAREL),Bus,BEST,19.002768,72.838513,
SEWREE NAKA,Bus,BEST,18.997824,72.849923,
SEWREE STATION (W),Bus,BEST,18.998458,72.853227,
SHINDEWADI (DADAR-E),Bus,BEST,19.011516,72.843464,
T.B.HOSPITAL (KIDWAI NAGAR),Bus,BEST,19.005043,72.851827,
WADIA MATERNITY HOSPITAL,Bus,BEST,19.002725,72.842834,
SEWREE STORE,Bus,BEST,18.987583,72.856862,
RAMBHAU BHOGALE MUNICIPAL SCHOOL,Bus,BEST,18.981999,72.840798,
SAHARA (GOREGAON-W),Bus,BEST,19.15403,72.845332,
NEW SIDDHARTH NAGAR (GOREGAON-W),Bus,BEST,19.1592167,72.8390833,
TECHNICAL SCHOOL (BANDRA-E),Bus,BEST,19.063672,72.846867,
DANDPADA,Bus,BEST,19.074753,72.826583,
"DR.AMBEDKAR ROAD, KHAR",Bus,BEST,19.070066,72.829266,
HILL ROAD GARDEN,Bus,BEST,19.05287,72.824054,
KAPDA BAZAR (MAHIM),Bus,BEST,19.035824,72.83941,
KHAR STATION (W) ROAD,Bus,BEST,19.07074,72.837456,
MAHIM,Bus,BEST,19.0413,72.840879,
MAHIM,Bus,BEST,19.040415,72.841221,
"MACCHIMAR NAGAR, RAHEJA HOSPITAL (MAHIM)",Bus,BEST,19.046117,72.843554,
"PADMASHREE MOHAMMED RAFI CHOWK, BANDRA (W)",Bus,BEST,19.052961,72.837991,
"VILE PARLE STATION (E), DINANATH NATYAGRUH",Bus,BEST,19.100629,72.844618,
"DR.DATTA SAMANT CHOWK, SAKINAKA",Bus,BEST,19.105682,72.885157,
"GARWARE CHOWK, KOLDONGRI NO.2",Bus,BEST,19.10993,72.851911,
KAMANI OIL INDUSTRIES (CHANDIVLI),Bus,BEST,19.113327,72.890761,
MAHILA SANGH (VILE PARLE-E),Bus,BEST,19.106904,72.852017,
MAROL VILLAGE,Bus,BEST,19.112727,72.87928,
MITTAL ESTATE (MAROL),Bus,BEST,19.107623,72.880623,
SAHAR P & T COLONY NO.1,Bus,BEST,19.103747,72.862055,
SAHAR CARGO COMPLEX,Bus,BEST,19.097615,72.865309,
SHIVAJI CHOWK (ANDHERI-E),Bus,BEST,19.110516,72.849686,
LOKMANYA TILAK NAGAR (ASALPHA),Bus,BEST,19.101601,72.890357,
SANGHARSH NAGAR (CHANDIVALI),Bus,BEST,19.107911,72.901113,
"CATERING COLLEGE, SURYAVANSHI HALL",Bus,BEST,19.024059,72.835163,
DADAR POLICE STATION,Bus,BEST,19.01423,72.835465,
NARAYAN PUJARI NAGAR (WORLI),Bus,BEST,18.994763,72.813949,
POLICE CAMP (WORLI),Bus,BEST,19.008252,72.814697,
SIDDHIVINAYAK MANDIR (PRABHADEVI),Bus,BEST,19.01907,72.831719,
"DR.RAVINDRA KULKARNI CHOWK, SASMIRA (WORLI)",Bus,BEST,19.011464,72.821058,
"AMBIKA MILL BUS STATION, H.U.RAKHANGI CHOWK",Bus,BEST,18.989376,72.82233,
"JARIMARI MATA MANDIR, S.T.OFFICE (WORLI)",Bus,BEST,18.99462,72.815222,
MUNICIPAL GARAGE (WORLI),Bus,BEST,18.995337,72.81903,
"PODDAR HOSPITAL (WORLI), SIDDHARTH NAGAR",Bus,BEST,19.000376,72.816442,
DURGA PARMESHWARI MANDIR,Bus,BEST,19.219302,72.833409,
WADALA STATION (W),Bus,BEST,19.017009,72.858896,
AIR CONDITION MARKET,Bus,BEST,18.973064,72.81451,
AUGUST KRANTI MAIDAN,Bus,BEST,18.963005,72.810568,
BREACH CANDY HOSPITAL,Bus,BEST,18.970689,72.804693,
CUMBALA HILL POST OFFICE,Bus,BEST,18.969364,72.808796,
MAFATLAL PARK,Bus,BEST,18.9734833,72.8058167,
DOCKYARD ROAD RAILWAY STATION,Bus,BEST,18.968369,72.843647,
GODREJ CHOWK (KEMPS CORNER),Bus,BEST,18.96388,72.808535,
VATSALABAI DESAI CHOWK (HAJI ALI),Bus,BEST,18.979693,72.812415,
HYDERABAD ESTATE,Bus,BEST,18.956167,72.800814,
JOHAR CHOWK (BHENDI BAZAAR),Bus,BEST,18.958169,72.830854,
MUMBAI CENTRAL STATION,Bus,BEST,18.96902,72.818843,
MOTI MAHAL (BANDRA-W),Bus,BEST,19.06043,72.834338,
NATIONAL COLLEGE (BANDRA-W),Bus,BEST,19.062869,72.834554,
RIZVI COMPLEX (CARTER ROAD),Bus,BEST,19.066538,72.822884,
SHITALADEVI TEMPLE (MAHIM),Bus,BEST,19.035303,72.843951,
UNIT TRUST OF INDIA (BANDRA-W),Bus,BEST,19.050054,72.828417,
KHERWADI POLICE STATION,Bus,BEST,19.064794,72.850192,
RESERVE BANK OF INDIA (BKC),Bus,BEST,19.057596,72.853094,
HANUMAN MANDIR (KHERWADI),Bus,BEST,19.06164,72.847667,
BANDRA (W) BUS STATION,Bus,BEST,19.054561,72.838959,
"BHAYANDER PHATAK, JANAKI RESIDENCY",Bus,BEST,19.295163,72.852247,
GENERAL ARUN KUMAR VAIDYA MARG JUNCTION (GOREGAON-E),Bus,BEST,19.174493,72.861205,
AAREY PUMP HOUSE,Bus,BEST,19.154399,72.875068,
"AMARNATH PATIL SPORT COMPLEX, BANGANGA",Bus,BEST,19.050819,72.914348,
AGARWADI (MANKHURD),Bus,BEST,19.045401,72.925883,
APNA BAZAR (VASHI),Bus,BEST,19.07112,72.99751,
BANUBAI TANDEL MARKET,Bus,BEST,19.014182,73.01657,
DEONAR BEST STAFF QUARTERS,Bus,BEST,19.047196,72.914054,
CHEETA CAMP,Bus,BEST,19.038266,72.944769,
NERUL NAKA,Bus,BEST,19.04598,73.024513,
GAVDEVI CHOWK (SARSOLE),Bus,BEST,19.04302,73.01467,
NERUL NAKA,Bus,BEST,19.0471,73.024219,
NERUL RAILWAY STATION,Bus,BEST,19.033967,73.016975,
R.K.STUDIO,Bus,BEST,19.04779,72.907005,
SANPADA STATION,Bus,BEST,19.06689,73.008986,
"HINDUSTAN NAKA, C.CHARANSINGH CHOWK",Bus,BEST,19.207971,72.829443,
CHARKOP SECTOR 8,Bus,BEST,19.214858,72.813174,
PUSHPA HERITAGE (KANDIVALI-W),Bus,BEST,19.210675,72.838722,
SAIBABA MANDIR (KANDIVALI-W),Bus,BEST,19.21717,72.847362,
HANUMAN MANDIR (KANDIVALI-W),Bus,BEST,19.210578,72.824315,
SHIMPAVALI TELEPHONE EXCHANGE,Bus,BEST,19.223228,72.840805,
AMBASSADOR HOTEL (SAHAR),Bus,BEST,19.103176,72.875227,
BAMANDAYA PADA,Bus,BEST,19.123047,72.887098,
C-CROSS ROAD (SEEPZ ),Bus,BEST,19.122878,72.872061,
CHANDIVALI JUNCTION,Bus,BEST,19.11114,72.888196,
"DARPAN CINEMA, SAI SERVICE",Bus,BEST,19.114584,72.854664,
EKTA SOCIETY,Bus,BEST,19.1065,72.875064,
"MUMBAI CENTRAL STATION, RESERVE BANK",Bus,BEST,18.969952,72.821387,
"NANA CHOWK, SHASTRI HALL",Bus,BEST,18.963586,72.813407,
NOORBAUG,Bus,BEST,18.962419,72.836434,
PLAY HOUSE,Bus,BEST,18.962166,72.822619,
PRIYADARSHINI PARK (NAPEAN SEA ROAD),Bus,BEST,18.956265,72.799218,
"RAILWAY HOTEL, CHARNI ROAD JUNCTION",Bus,BEST,18.961034,72.819913,
TWO TANKS,Bus,BEST,18.96245,72.828544,
VASANTRAO NAIK CHOWK (TARDEO),Bus,BEST,18.968782,72.814988,
PARSI GENERAL HOSPITAL,Bus,BEST,18.968203,72.803432,
MAHALAXMI STATION,Bus,BEST,18.982231,72.823637,
ANDHERI FIRE BRIGADE,Bus,BEST,19.112155,72.841474,
ARYA SAMAJ MANDIR,Bus,BEST,19.079031,72.834352,
NAGRI NIWARA BUILDING NO.16-C,Bus,BEST,19.175152,72.879906,
DAIRY RESEARCH INSTITUTE,Bus,BEST,19.152327,72.867234,
GOREGAON CHECK NAKA NO.1,Bus,BEST,19.166386,72.856323,
HANUMAN NAGAR (GOREGAON-E),Bus,BEST,19.173045,72.874269,
HICKSON & DADAJEE,Bus,BEST,19.168002,72.854164,
KANDIVALI BUS STATION (E),Bus,BEST,19.201807,72.853658,
KURAR VILLAGE,Bus,BEST,19.184654,72.858518,
MAHANANDA DAIRY,Bus,BEST,19.150478,72.856694,
RADHA MAHESHWARI CHOWK,Bus,BEST,19.183701,72.850322,
NIMBORPADA,Bus,BEST,19.164285,72.882202,
OBEROI WOODS (GOREGAON-E),Bus,BEST,19.169155,72.864564,
PANDURANG WADI,Bus,BEST,19.173836,72.850662,
"VASHI SECTOR 9,16, JUHU NAGAR MARKET",Bus,BEST,19.07823,72.998072,
"SAURASHTRA BANK, STATE BANK (VASHI)",Bus,BEST,19.079691,73.007612,
TELECOM FACTORY,Bus,BEST,19.044812,72.917665,
"VADAVALI VILLAGE, BORLA SOCIETY",Bus,BEST,19.046045,72.900812,
DHOBI GHAT (TROMBAY),Bus,BEST,19.035457,72.946746,
GHANSOLI SECTOR 3,Bus,BEST,19.114808,73.003365,
AMRUT NAGAR (VIKHROLI-W),Bus,BEST,19.101247,72.91192,
BABU GENU MARKET,Bus,BEST,19.095788,72.904167,
MHADA COLONY (HIRANANDANI-POWAI),Bus,BEST,19.115229,72.905149,
EKTA NAGAR POLICE CHOWKY- BHANDUP-W,Bus,BEST,19.14072,72.92669,
GURU NANAK SCHOOL (VIKHROLI-W),Bus,BEST,19.10413,72.917621,
HINDUSTAN COMPANY (VIKHROLI-W),Bus,BEST,19.121531,72.925582,
HANUMAN ROAD (VILE PARLE -E),Bus,BEST,19.105378,72.854061,
JUMBO DARSHAN (ANDHERI-E),Bus,BEST,19.113869,72.852545,
VIJAY NAGAR SOCIETY (ANDHERI-E),Bus,BEST,19.114453,72.847346,
WAREHOUSE (SAHAR),Bus,BEST,19.102774,72.866931,
AGARKAR CHOWK (ANDHERI-E),Bus,BEST,19.118844,72.84798,
ANUSHAKTI NAGAR BUS STATION,Bus,BEST,19.042772,72.926453,
"DHARAN TALAO, ASHTAGANDHA SOCIETY",Bus,BEST,19.010831,73.016417,
DEONAR VILLAGE,Bus,BEST,19.050251,72.919782,
MAROL MAROSHI BUS STATION,Bus,BEST,19.118066,72.880171,
"E.S.I.S HOSPITAL, MIDC POLICE STATION",Bus,BEST,19.117952,72.867901,
SAINATH NAGAR (MIDC -MAROL),Bus,BEST,19.120982,72.875541,
SANGHARSH NAGAR (CHANDIVALI),Bus,BEST,19.108064,72.901103,
JUHU PRABHAT (ANDHERI-E),Bus,BEST,19.118235,72.828981,
NANAVATI HOSPITAL,Bus,BEST,19.09498,72.839595,
RAHEJA COLLEGE (SANTACRUZ-W),Bus,BEST,19.085417,72.832352,
SANTACRUZ POLICE STATION,Bus,BEST,19.08438,72.835688,
SHOPPERS STOP (ANDHERI-W),Bus,BEST,19.116338,72.842174,
VILE PARLE (W),Bus,BEST,19.102334,72.839466,
JUHU BUS STATION,Bus,BEST,19.107899,72.826718,
"RAJMATA AHILYABAI HOLKAR UDYAN, KURLA LION S PARK",Bus,BEST,19.061084,72.872702,
METRO PLAYING CARDS,Bus,BEST,19.073785,72.869028,
METRO PLAYING CARDS,Bus,BEST,19.073857,72.869731,
MOHAMMAD ESTATE,Bus,BEST,19.073813,72.870947,
PATHANWADI,Bus,BEST,19.177048,72.858598,
"SIR ALIYAWAR JUNG, RANI SATI MARG (MALAD-E)",Bus,BEST,19.181185,72.857883,
SHREE SAIBABA COMPLEX (GOREGAON-E),Bus,BEST,19.168687,72.86735,
SANGITA TALKIES,Bus,BEST,19.189926,72.851687,
DINDOSHI SESSION COURT,Bus,BEST,19.175706,72.867137,
TIPCO PLAZA COMPANY,Bus,BEST,19.183514,72.855333,
AAREY UNIT NO.16,Bus,BEST,19.146508,72.874862,
"OM SHIVDARSHAN SOCIETY, HANUMAN NAGAR",Bus,BEST,19.171961,72.874507,
GENERAL ARUN KUMAR VAIDYA MARG JUNCTION (GOREGAON-E),Bus,BEST,19.174112,72.858372,
SAMBHAJI NAGAR (KANDIVALI-E),Bus,BEST,19.200917,72.86099,
ACHARYA VIDYANIKETAN (MAHUL),Bus,BEST,19.027603,72.890702,
BHAKTI BHAVAN (CHEMBUR),Bus,BEST,19.052663,72.890549,
JAGRUTI NAGAR (GHATKOPAR-W),Bus,BEST,19.092047,72.901745,
JANATA MARKET (BHANDUP-W),Bus,BEST,19.142735,72.933039,
KRUPA BUILDING,Bus,BEST,19.094587,72.90795,
MUNICIPAL GARDEN (VIKHROLI-W),Bus,BEST,19.110119,72.917715,
MINILAND SOCIETY (BHANDUP-W),Bus,BEST,19.146864,72.933504,
"TEMBIPADA PIPE LINE, POLICE STATION (BHANDUP)",Bus,BEST,19.155075,72.929159,
SAHYADRI NAGAR (BHANDUP-W),Bus,BEST,19.143069,72.92822,
"SHIV DARSHAN, TERESA ROAD (BHANDUP-W)",Bus,BEST,19.149329,72.92724,
MEENATAI THACKERAY MAIDAN (ANACIN COMPANY),Bus,BEST,19.099477,72.91767,
ANKUR HOSPITAL,Bus,BEST,19.13129,72.935636,
VIKHROLI STATION ROAD (E),Bus,BEST,19.109381,72.931667,
KALAMBOLI,Bus,BEST,19.02617,73.101913,
MAHALAXMI MANDIR (DEONAR),Bus,BEST,19.046863,72.91965,
MANKHURD STATION (SOUTH),Bus,BEST,19.042646,72.930871,
R.B.I COLONY (CHEMBUR-E),Bus,BEST,19.051105,72.903337,
SARSOLE BUS STATION,Bus,BEST,19.039993,73.014697,
SHANTARAM PATIL CHOWK (VASHI),Bus,BEST,19.072492,73.002603,
TALOJA PHATA,Bus,BEST,19.03246,73.086187,
URAN PHATA,Bus,BEST,19.034107,73.029372,
VASHI BUS STATION,Bus,BEST,19.075529,72.997805,
GHANSOLI SECTOR 3,Bus,BEST,19.114754,73.003307,
BHANDUP POLICE STATION,Bus,BEST,19.15084,72.93762,
MHADA COLONY (HIRANANDANI-POWAI),Bus,BEST,19.115148,72.905235,
NAVJEEVAN SOCIETY (KURLA-W),Bus,BEST,19.077548,72.880248,
NEW AGRIPADA (SANTACRUZ-E),Bus,BEST,19.085381,72.845855,
MILITARY CAMP (KALINA),Bus,BEST,19.081901,72.858238,
VIDYA VIHAR S.T.WORKSHOP,Bus,BEST,19.080859,72.890413,
SHEETAL CINEMA (KURLA-W),Bus,BEST,19.081921,72.881794,
VAKOLA POLICE STATION (HANUMAN MANDIR),Bus,BEST,19.079175,72.847246,
VIDYA NAGARI (CANTEEN),Bus,BEST,19.07097,72.859414,
BUDDHA NAGAR (KURLA-W),Bus,BEST,19.073492,72.881637,
ACHARYA ATRE CHOWK (WORLI NAKA),Bus,BEST,18.997142,72.816644,
ACHARYA ATRE CHOWK (WORLI NAKA),Bus,BEST,18.999672,72.817896,
NATASHA TOWER,Bus,BEST,19.126388,72.821551,
BAIL BAZAR,Bus,BEST,19.086122,72.880947,
"CHEMBUR NAKA, SWAMI VIVEKANAND CHOWK",Bus,BEST,19.052782,72.894235,
EVERARD NAGAR,Bus,BEST,19.050479,72.874807,
MARATHI VIDNYAN PARISHAD (CHUNABHATTI),Bus,BEST,19.053309,72.878834,
POSTAL COLONY (CHEMBUR),Bus,BEST,19.061445,72.893386,
R.C.F. (CHEMBUR),Bus,BEST,19.033872,72.889597,
S.G.BARVE MARG NAKA (KURLA-E),Bus,BEST,19.057035,72.888115,
TATA POWER CENTRE (MAHUL),Bus,BEST,19.004281,72.905148,
UMARSHI BAPPA CHOWK,Bus,BEST,19.054831,72.888733,
VINAY HIGH SCHOOL,Bus,BEST,19.030786,72.900304,
SCLR DOUBLE DECK FLY OVER JUNCTION (KURLA-E),Bus,BEST,19.063538,72.885271,
NEHRU NAGAR (KURLA-E),Bus,BEST,19.062571,72.883048,
VIVEKANAND SCHOOL (CHEMBUR),Bus,BEST,19.049085,72.887748,
DERASAR LANE,Bus,BEST,19.081822,72.90764,
MANSUKH DYEING COMPANY,Bus,BEST,19.129483,72.933631,
PANT NAGAR,Bus,BEST,19.083549,72.913864,
RAMABAI NAGAR (GHATKOPAR-E),Bus,BEST,19.077677,72.915547,
SOMMAIYA COLLEGE (VIDYAVIHAR-E),Bus,BEST,19.074666,72.903167,
AHILYABAI HOLKAR CHOWK (CHURCHGATE),Bus,BEST,18.934019,72.82793,
BABULNATH JUNCTION,Bus,BEST,18.96098,72.808747,
BAJAJ BHAVAN,Bus,BEST,18.926498,72.822249,
PRINCESS STREET (KALBADEVI),Bus,BEST,18.946404,72.827246,
THAKURDWAR (GIRGAON),Bus,BEST,18.952129,72.823216,
VIDHAN BHAVAN,Bus,BEST,18.925326,72.824633,
SHRIMATI MOTIBEN DALVI HOSPITAL,Bus,BEST,18.958425,72.810582,
"DR.AMBEDKAR UDYAN, POWAI",Bus,BEST,19.125651,72.894871,
KINGSTON SEZ (POWAI),Bus,BEST,19.114232,72.913007,
GHATKOPAR PIPE LINE,Bus,BEST,19.087557,72.903334,
I.I.T.MARKET (POWAI),Bus,BEST,19.12742,72.919013,
JAMBHULPADA,Bus,BEST,19.093889,72.899692,
MAHARASHTRA NAGAR (BHANDUP-W),Bus,BEST,19.139871,72.928382,
SARVODAYA HOSPITAL (GHATKOPAR-W),Bus,BEST,19.092347,72.90853,
PRATAP NAGAR (BHANDUP-W),Bus,BEST,19.139129,72.923677,
ADARSH VIDYALAYA (KANJURMARG-E),Bus,BEST,19.136773,72.934485,
GHATKOPAR STATION (E),Bus,BEST,19.085074,72.907915,
JANATA MARKET (VIKHROLI-E),Bus,BEST,19.121298,72.940038,
ST.JOSEPH TECHNICAL SCHOOL,Bus,BEST,19.080885,72.888532,
GOL BUILDING (KURLA-W),Bus,BEST,19.067265,72.874875,
HOLY CROSS SCHOOL (KURLA-W),Bus,BEST,19.08232,72.885899,
CITYLIGHT CINEMA,Bus,BEST,19.029764,72.841647,
COMRADE P.K.KURNE CHOWK (WORLI ),Bus,BEST,19.006297,72.821252,
DEEPAK CINEMA,Bus,BEST,19.00587,72.830732,
DHANMILL NAKA,Bus,BEST,19.008219,72.830787,
NATIONAL (HINDUJA) HOSPITAL,Bus,BEST,19.032075,72.839593,
K.V.YADAV CHOWK,Bus,BEST,18.997511,72.826939,
LOWER PAREL WORKSHOP,Bus,BEST,19.00232,72.831,
COMRADE P.K.KURNE CHOWK (WORLI ),Bus,BEST,19.004643,72.820788,
PHOENIX MILL,Bus,BEST,18.995649,72.82619,
ADARSH HIGH SCHOOL (ANIK),Bus,BEST,19.021778,72.875981,
ANDHERI STATION (W),Bus,BEST,19.12046,72.845707,
ANDHERI MARKET,Bus,BEST,19.123359,72.843519,
SHAHAJIRAJE SPORTS COMPLEX (ANDHERI-W),Bus,BEST,19.127736,72.837537,
MHADA COLONY (FOUR BUNGALOWS),Bus,BEST,19.138006,72.822473,
DHAKE COLONY,Bus,BEST,19.127679,72.833241,
FOUR BUNGALOWS MARKET,Bus,BEST,19.127926,72.825409,
JEEVAN NAGAR,Bus,BEST,19.131535,72.831508,
AAI TULJABHAVANI CHOWK,Bus,BEST,19.141833,72.829523,
KAMLAKAR WALAWALKAR UDYAN,Bus,BEST,19.152619,72.828384,
NANA-NANI PARK (VERSOVA),Bus,BEST,19.127407,72.818861,
NAVRANG TALKIES (ANDHERI-W),Bus,BEST,19.124342,72.841313,
AHILYABAI HOLKAR CHOWK (CHURCHGATE),Bus,BEST,18.935798,72.827482,
"BHAGATSINGH NAGAR, SEJAL PARK",Bus,BEST,19.155145,72.83689,
GOREGAON POLICE STATION,Bus,BEST,19.158503,72.846014,
JOGESHWARI TELEPHONE EXCHANGE,Bus,BEST,19.141463,72.843259,
SINDHI COLONY (JOGESHWARI-W),Bus,BEST,19.144001,72.842193,
FREE PRESS JOURNAL MARG,Bus,BEST,18.924531,72.824909,
MANGALDAS MARKET,Bus,BEST,18.948205,72.831498,
PRESIDENT HOTEL,Bus,BEST,18.9146,72.82187,
INCOME TAX OFFICE (MARINE LINES),Bus,BEST,18.940044,72.826814,
K.C.COLLEGE,Bus,BEST,18.92765,72.828106,
MAKER TOWER,Bus,BEST,18.916232,72.817616,
VASUDEO BALWANT PHADKE CHOWK (DHOBI TALAO),Bus,BEST,18.943632,72.828786,
RALIWAY POLICE GROUND,Bus,BEST,19.077451,72.913723,
SHIVAI VIDYALAYA (BHANDUP-E),Bus,BEST,19.152765,72.94647,
MUNICIPAL SCHOOL (KURLA-E),Bus,BEST,19.067514,72.893402,
SAHAKAR NAGAR (SCLR- KURLA-E),Bus,BEST,19.065041,72.894296,
BABULNATH JUNCTION,Bus,BEST,18.959364,72.809679,
CRICKET CLUB OF INDIA,Bus,BEST,18.930274,72.82218,
AHILYABAI HOLKAR CHOWK (CHURCHGATE),Bus,BEST,18.932465,72.827808,
WALKESHWAR,Bus,BEST,18.946587,72.796151,
MEHRABAD BAUG,Bus,BEST,19.1438,72.839008,
BANGUR NAGAR,Bus,BEST,19.168794,72.835206,
MAHATMA GANDHI VIDYALAYA (JOGESHWARI-W),Bus,BEST,19.143355,72.83668,
MADINA MANZIL (MALAD-W),Bus,BEST,19.172035,72.845225,
POLICE COLONY (WORLI),Bus,BEST,19.004387,72.8168,
PRABODHANKAR THACKERAY CHOWK (DADAR-W),Bus,BEST,19.019832,72.836534,
RANADE ROAD (DADAR-W),Bus,BEST,19.021612,72.837549,
RAGHUVANSHI MILL,Bus,BEST,18.99169,72.823952,
"PRABHADEVI, RAVINDRA NATYA MANDIR",Bus,BEST,19.014786,72.830231,
SHARDASHRAM VIDYAMANDIR,Bus,BEST,19.015279,72.836984,
VEER HUTATMA BHAI KOTWAL UDYAN (PLAZA),Bus,BEST,19.023359,72.841794,
WORLI SEA FACE (S),Bus,BEST,19.003734,72.812944,
"CHAITYABHUMI, BHAGOJI KEER CREMETORI",Bus,BEST,19.025107,72.835571,
KANDIVALI STATION (W),Bus,BEST,19.205167,72.851278,
NANAVATI HOSPITAL,Bus,BEST,19.096317,72.839518,
SANTACRUZ STATION (W) ROAD,Bus,BEST,19.081843,72.837989,
SHOPPERS STOP (ANDHERI-W),Bus,BEST,19.115345,72.843135,
UTPAL SANGHAVI SCHOOL,Bus,BEST,19.11267,72.828206,
JUHU BUS STATION,Bus,BEST,19.107815,72.826527,
MITHIBAI COLLEGE,Bus,BEST,19.103353,72.836833,
JUHU SHOPPING CENTRE (JVPD),Bus,BEST,19.115891,72.835227,
VESAVA LINK ROAD,Bus,BEST,19.123237,72.824253,
D SOUZA NAGAR,Bus,BEST,19.0958,72.887689,
KALINA,Bus,BEST,19.077313,72.862128,
KURLA STATION (W),Bus,BEST,19.067565,72.879027,
600 TENAMENT GATE,Bus,BEST,19.054371,72.921035,
SHATABDI HOSPITAL (DEONAR),Bus,BEST,19.049508,72.91014,
GOVANDI STATION ROAD (W),Bus,BEST,19.055995,72.915154,
M-EAST WARD OFFICE (GOVANDI-WEST),Bus,BEST,19.056187,72.921349,
GHATLA VILLAGE,Bus,BEST,19.053951,72.905312,
"ACHARYA GARDEN, DIAMOND GARDEN",Bus,BEST,19.053805,72.900837,
R.B.I.STAFF QUARTERS,Bus,BEST,19.053038,72.903574,
"AIROLI SEWERAGE PLANT, PREMDAN",Bus,BEST,19.154849,72.993184,
AIROLI SECTOR 16,Bus,BEST,19.149917,72.992755,
AIROLI SECTOR 16,Bus,BEST,19.150793,72.992917,
AIROLI SECTOR 17,Bus,BEST,19.152004,72.992822,
AIROLI SECTOR 5,Bus,BEST,19.148136,72.998734,
POST & TELEGRAPHS (MULUND-W),Bus,BEST,19.171284,72.943417,
PARSIK NAGAR,Bus,BEST,19.205744,73.008342,
PAWAR NAGAR (THANE),Bus,BEST,19.2284667,72.9677833,
"SHIVAJI CHOWK, KALWA NAKA",Bus,BEST,19.196136,72.987763,
ST.MARY SCHOOL (MULUND-W),Bus,BEST,19.165033,72.947087,
VRINDAVAN SOCIETY (THANE),Bus,BEST,19.208188,72.982658,
WAGLE WARD COMMITTEE OFFICE,Bus,BEST,19.187727,72.955338,
E.S.I.S.HOSPITAL (THANE),Bus,BEST,19.2036,72.954026,
MHADA COLONY BUS STATION (MULUND-E),Bus,BEST,19.169433,72.96805,
S.I.W.SCHOOL (WADALA ),Bus,BEST,19.020921,72.860081,
LOKMANYA TILAK HOSPITAL (SION),Bus,BEST,19.037653,72.860802,
"DR.AMBEDKAR UDYAN, CHEMBUR",Bus,BEST,19.058268,72.900418,
KHERWADI (BANDRA-E),Bus,BEST,19.062,72.846222,
CRESCENZO,Bus,BEST,19.061715,72.867913,
BANDRA (W) BUS STATION,Bus,BEST,19.054145,72.83915,
BANDRA (W) BUS STATION,Bus,BEST,19.054787,72.839862,
KHAR DANDA,Bus,BEST,19.074488,72.822687,
MAHIM KOLIWADA,Bus,BEST,19.045888,72.838548,
SHERLEY VILLAGE,Bus,BEST,19.070215,72.822719,
K.F.C. MARKET (BANDRA-W),Bus,BEST,19.065688,72.834267,
GENERAL ARUN KUMAR VAIDYA MARG JUNCTION (GOREGAON-E),Bus,BEST,19.174556,72.861243,
ALIKA NAGAR JUNCTION,Bus,BEST,19.197734,72.872602,
GOREGAON CHECK NAKA NO.1,Bus,BEST,19.165737,72.85832,
LASHYACHANDI SOCIETY,Bus,BEST,19.172113,72.871199,
MILAN SUBWAY,Bus,BEST,19.090059,72.843666,
VILE PARLE SUBWAY,Bus,BEST,19.091939,72.845879,
SHEETAL CINEMA (KURLA-W),Bus,BEST,19.08193,72.881804,
VAKOLA PIPE LINE,Bus,BEST,19.080569,72.85212,
VIDYA NAGARI (KALINA),Bus,BEST,19.072516,72.861266,
ACHARYA VINOBA BHAVE NAGAR (KURLA-W),Bus,BEST,19.073691,72.881532,
ACHARYA ATRE CHOWK (WORLI NAKA),Bus,BEST,18.997331,72.816654,
CENTURY MILL,Bus,BEST,19.006346,72.826315,
COMRADE P.K.KURNE CHOWK (WORLI ),Bus,BEST,19.00627,72.821974,
GANDHI MAIDAN (WORLI),Bus,BEST,19.00166,72.819053,
"JAKHADEVI, DADAR POLICE STATION",Bus,BEST,19.015015,72.834296,
KASTURBA GANDHI HOSPITAL (SAATRASTA),Bus,BEST,18.983807,72.829305,
AMRUT ANGAN,Bus,BEST,19.20894,73.012851,
"ANAND NAGAR, KOPRI",Bus,BEST,19.179009,72.967119,
ANAND NAGAR (KOPRI) POLICE CHOWKY,Bus,BEST,19.17357,72.968278,
ANNABHAU SATHE CHOWK (THANE),Bus,BEST,19.200736,72.949157,
ATRIA SOCIETY,Bus,BEST,19.245497,72.982294,
BALKUM NAKA,Bus,BEST,19.221485,72.989555,
BHANDUP PUMPING CENTRE,Bus,BEST,19.154997,72.955824,
DR.K.B.HEDGEWAR CHOWK,Bus,BEST,19.163903,72.937181,
BHANDUP VILLAGE (E) JUNCTION,Bus,BEST,19.156216,72.950538,
BHANDUP VILLAGE (E) JUNCTION,Bus,BEST,19.156144,72.950538,
BRAHMAND AZAD NAGAR,Bus,BEST,19.239463,72.980637,
BRAHMAND AZAD NAGAR,Bus,BEST,19.239554,72.980665,
BRAHMAND PHASE-3,Bus,BEST,19.241153,72.981521,
MALAD STATION (W),Bus,BEST,19.187963,72.847286,
MOVIE TIME CINEMA (MALAD-W),Bus,BEST,19.188985,72.83503,
MARIAMMAN MANDIR,Bus,BEST,19.189104,72.83715,
RANI SATI NAGAR (MALAD-W),Bus,BEST,19.180718,72.846854,
AJARA BANK,Bus,BEST,19.23114,72.825069,
BABHAI NAKA,Bus,BEST,19.228545,72.848486,
BORIVALI (W) BUS STATION,Bus,BEST,19.231675,72.856882,
BORIVALI (W) STATION,Bus,BEST,19.229624,72.856436,
BORIVALI (W) STATION,Bus,BEST,19.229904,72.856388,
NAGRI NIWARA VIDYALAYA,Bus,BEST,19.174989,72.878138,
SAMBHAJI NAGAR (KANDIVALI-E),Bus,BEST,19.200955,72.863595,
SHANTARAM TALAO (MALAD-E),Bus,BEST,19.185913,72.859623,
"SHIVSHAHI PRAKALP, MANTRI PARK",Bus,BEST,19.167709,72.881459,
UDYOG BHAVAN,Bus,BEST,19.162616,72.851182,
"AAREY UNIT NO.6, MARKET",Bus,BEST,19.157649,72.874069,
BHAKTI PARK GATE (ANIK),Bus,BEST,19.033886,72.879433,
H.P. NAGAR (MAHUL),Bus,BEST,19.027667,72.892896,
PRIYADARSHINI (CHUNABHATTI),Bus,BEST,19.052569,72.880051,
THAKKAR BAPPA COLONY (KURLA-E),Bus,BEST,19.05782,72.886689,
WADALA ROAD (MAHUL),Bus,BEST,19.021269,72.890115,
MATUNGA STATION (W),Bus,BEST,19.031294,72.847497,
NATIONAL ASSOCIATION FOR BLIND (NAB),Bus,BEST,19.011162,72.816186,
GOPIKRISHNA PIRAMAL HOSPITAL,Bus,BEST,18.998332,72.825267,
PRABODHANKAR THACKERAY CHOWK (DADAR-W),Bus,BEST,19.018033,72.835699,
"AMBIKA MILL BUS STATION, H.U.RAKHANGI CHOWK",Bus,BEST,18.989666,72.823204,
RUPAREL COLLEGE (DADAR-W),Bus,BEST,19.027038,72.846123,
"SASMIRA MARG, MUNICIPAL COLONY",Bus,BEST,19.011834,72.820232,
WORLI SEA FACE (N),Bus,BEST,19.016205,72.818376,
"HANUMAN MANDIR (DADAR-W), D SILVA SCHOOL",Bus,BEST,19.020088,72.840932,
BEST RECEIVING CENTRE (WORLI),Bus,BEST,18.998447,72.822598,
CHIKOOWADI,Bus,BEST,19.219514,72.839467,
CADBURY JUNCTION (THANE),Bus,BEST,19.203934,72.968546,
DADLANI PARK (THANE-W),Bus,BEST,19.222396,72.995822,
DHANVANTARI HOSPITAL,Bus,BEST,19.176163,72.953418,
AIROLI SECTOR 9,Bus,BEST,19.148236,72.993487,
"DIVA VILLAGE, SECTOR 8",Bus,BEST,19.148263,72.994704,
DNYAN SARITA (THANE),Bus,BEST,19.202669,72.949442,
DNYAN SARITA (THANE),Bus,BEST,19.202678,72.949499,
DONGARI PADA,Bus,BEST,19.250856,72.973228,
DUNCAN COMPANY,Bus,BEST,19.168149,72.939281,
DUNCAN COMPANY,Bus,BEST,19.168185,72.939148,
EDENWOOD,Bus,BEST,19.2278333,72.9699,
FOREST OFFICE (THANE),Bus,BEST,19.189073,72.964609,
GARIB NAGAR,Bus,BEST,19.27196,72.963555,
GOMANT NAGAR (DAHISAR-W),Bus,BEST,19.243493,72.858796,
I.C.COLONY (BORIVALI -W),Bus,BEST,19.247461,72.846961,
KALPANA CHAWLA CHOWK (BORIVALI -W),Bus,BEST,19.240983,72.846233,
PRASANNA JEEVAN SOCIETY,Bus,BEST,19.230107,72.847724,
RAMESHWAR BANK (BORIVALI -W),Bus,BEST,19.224682,72.840775,
DR. SHYAMAPRASAD MUKHERJEE CHOWK(MUSEUM),Bus,BEST,19.230796,72.850748,
SHANTI ASHRAM (BORIVALI-W),Bus,BEST,19.242952,72.845965,
TECHNICAL SCHOOL (BORIVALI -W),Bus,BEST,19.242912,72.853898,
KARUNA HOSPITAL,Bus,BEST,19.241566,72.853423,
GOVIND NAGAR,Bus,BEST,19.234139,72.851421,
NILDHARA BUILDING,Bus,BEST,19.237445,72.851419,
ANTOP HILL POLICE STATION,Bus,BEST,19.031068,72.863257,
ADARSH HIGH SCHOOL (ANIK),Bus,BEST,19.022103,72.8758,
ADARSH NAGAR (JOGESHWARI-W),Bus,BEST,19.145041,72.831289,
ANDHERI STATION (W),Bus,BEST,19.118346,72.846155,
FILMALAYA (AMBOLI),Bus,BEST,19.127966,72.843687,
DADAR STATION (W),Bus,BEST,19.016663,72.840573,
JAY GANGA,Bus,BEST,19.212084,72.820852,
AGARKAR CHOWK (ANDHERI-E),Bus,BEST,19.117625,72.847952,
Y.B.CHAVAN MARG JUNCTION (VASHI),Bus,BEST,19.067796,72.997281,
SAHYADRI GUEST HOUSE (MALABAR HILL),Bus,BEST,18.953098,72.802886,
PARIJAT,Bus,BEST,19.050932,72.830203,
MHADA COLONY (KANDIVALI-E),Bus,BEST,19.195701,72.872318,
"VIRWANI ESTATE, SARVODAYA NAGAR",Bus,BEST,19.17058,72.859097,
DENA BANK (KANDIVALI-W),Bus,BEST,19.204253,72.848749,
GANESH MANDIR (KANDIVALI-W),Bus,BEST,19.215482,72.822266,
INDIAN EDUCATION SCHOOL (KANDIVALI-W),Bus,BEST,19.213098,72.824085,
KAMRAJ NAGAR (KANDIVALI-W),Bus,BEST,19.208661,72.835119,
RENUKA NAGAR,Bus,BEST,19.211426,72.835764,
SAI SIDDHI SOCIETY (KANDIVALI-W),Bus,BEST,19.215044,72.81611,
AGARKAR CHOWK (ANDHERI-E),Bus,BEST,19.119152,72.848512,
AMBASSADOR HOTEL (SAHAR),Bus,BEST,19.103238,72.873516,
ASHOK NAGAR (MAROL MAROSHI),Bus,BEST,19.118999,72.88536,
BAMAN PADA (CHAKALA),Bus,BEST,19.104088,72.858177,
BOROSIL GLASS FACTORY,Bus,BEST,19.117471,72.883317,
GAWANPADA FIRE BRIGADE (MULUND-E),Bus,BEST,19.17245,72.966529,
GHANSOLI VILLAGE,Bus,BEST,19.126118,73.004632,
E.S.I.S.HOSPITAL (MULUND),Bus,BEST,19.179514,72.945631,
HANUMAN CHOWK (MULUND-E),Bus,BEST,19.170237,72.959094,
HANUMAN CHOWK (MULUND-E),Bus,BEST,19.168864,72.960121,
HARI NIWAS (THANE),Bus,BEST,19.191711,72.968536,
HIGHLAND PARK (MULUND-W),Bus,BEST,19.169982,72.932217,
HINDUSTAN CHOWK (MULUND-W),Bus,BEST,19.176903,72.938596,
HIRANANDANI ESTATE (THANE-W),Bus,BEST,19.258199,72.98433,
HIRANANDANI GATE (THANE-W),Bus,BEST,19.249789,72.979544,
HIRANANDANI GATE (THANE-W),Bus,BEST,19.249916,72.979335,
"NIRMAL LIFE STYLE, HOECHST COMPANY",Bus,BEST,19.16589,72.938397,
JAY SHASTRI NAGAR,Bus,BEST,19.171446,72.933966,
BARKAT ALI DARGAH,Bus,BEST,19.019976,72.865685,
INDIAN HUME PIPE COMPANY,Bus,BEST,19.021674,72.866235,
JAIN SOCIETY (SION),Bus,BEST,19.039677,72.861751,
KHALSA COLLEGE (MATUNGA-E),Bus,BEST,19.025021,72.857067,
MAHESHWARI UDYAN (KINGS CIRCLE),Bus,BEST,19.02849,72.856742,
RANI LAXMIBAI CHOWK (SION),Bus,BEST,19.041051,72.862966,
"SAMAJ MANDIR HALL (SION KOLIWADA), SARDAR NAGAR",Bus,BEST,19.038279,72.865874,
LOKMANYA TILAK HOSPITAL (SION),Bus,BEST,19.037734,72.861125,
WADALA CHURCH,Bus,BEST,19.019212,72.857232,
ANTOP HILL,Bus,BEST,19.026282,72.866822,
SHIVAJI NAGAR (GOVANDI) POST OFFICE,Bus,BEST,19.062429,72.921281,
SHIVAJI NAGAR (GOVANDI) ROAD NO.12,Bus,BEST,19.068211,72.923398,
SEVEN BUNGALOWS BUS STATION,Bus,BEST,19.130398,72.820331,
ANDHERI STATION (W),Bus,BEST,19.121011,72.845925,
BHATI VILLAGE,Bus,BEST,19.158618,72.78616,
"FIRE BRIGADE, KHARODI COLONY",Bus,BEST,19.195237,72.822131,
"KAMAL BAUG, 14TH BUNGALOWS -(MADH)",Bus,BEST,19.155828,72.787893,
EKTA NAGAR (KANDIVALI-W),Bus,BEST,19.201032,72.827984,
ASMITA JYOTI,Bus,BEST,19.196324,72.826904,
JANKALYAN NAGAR POLICE CHOWKY,Bus,BEST,19.199283,72.82053,
BORIVALI (E) STATION,Bus,BEST,19.231279,72.858546,
CHENA BRIDGE,Bus,BEST,19.275703,72.916151,
EVERSHINE MILLENIUM PARADISE,Bus,BEST,19.21023,72.877093,
JAIN MANDIR (SAMATA NAGAR-KANDIVALI-E),Bus,BEST,19.213354,72.872651,
SHANKARWADI (JOGESHWARI-E),Bus,BEST,19.128578,72.855244,
SHER-E-PUNJAB (ANDHERI-E),Bus,BEST,19.125862,72.861091,
SHYAM NAGAR (MAJAS),Bus,BEST,19.138954,72.863517,
GURUNANAK VIDYALAYA (ANDHERI-E),Bus,BEST,19.129847,72.863171,
TOLANI COLLEGE,Bus,BEST,19.128846,72.865148,
TOLANI NAKA,Bus,BEST,19.129966,72.86549,
TOLANI NAKA,Bus,BEST,19.129876,72.865414,
VIHAR LAKE,Bus,BEST,19.139637,72.898117,
VIKAS NAGAR SOCIETY (ANDHERI-E),Bus,BEST,19.128852,72.860329,
OLD NAGARDAS ROAD,Bus,BEST,19.12376,72.85059,
GORAI AAKASHVANI,Bus,BEST,19.231778,72.83262,
ATMARAM TOWER,Bus,BEST,19.245852,72.845297,
BEST OFFICER QUARTERS (GORAI),Bus,BEST,19.225437,72.833946,
KADAM PADA (MULUND-W),Bus,BEST,19.17853,72.948113,
KALWA BRIDGE,Bus,BEST,19.197356,72.983475,
KAPUR BAWDI,Bus,BEST,19.22117,72.977981,
KAPUR BAWDI,Bus,BEST,19.217538,72.979883,
KASARVADAVALI,Bus,BEST,19.269755,72.965477,
KHAREGAON NAKA,Bus,BEST,19.201833,73.001647,
KHINDIPADA (DARGAH),Bus,BEST,19.16625,72.9284833,
KHOPAT S.T.TERMINUS,Bus,BEST,19.200717,72.973186,
FORTIS HOSPITAL,Bus,BEST,19.16272,72.941801,
L I C CLY,Bus,BEST,19.164717,72.954512,
LAXMINARAYAN RESIDENCY,Bus,BEST,19.219355,72.959798,
LOKIM COMPANY,Bus,BEST,19.230186,72.976955,
MANPADA,Bus,BEST,19.235236,72.976318,
"AIROLI SEWERAGE PLANT, PREMDAN",Bus,BEST,19.154587,72.992994,
AIROLI SECTOR 10,Bus,BEST,19.149041,72.990093,
"ASHOK NAGAR (THANE), VILO S SOCIETY",Bus,BEST,19.222351,72.994091,
"BRAHMAND, AZAD NAGAR BUS STATION",Bus,BEST,19.247648,72.986021,
CONTAINER CORPORATION OF INDIA,Bus,BEST,19.15562,72.953048,
GANDHI NAGAR (THANE),Bus,BEST,19.2181333,72.9701333,
GAWANPADA FIRE BRIGADE (MULUND-E),Bus,BEST,19.172333,72.966567,
"VEENA NAGAR, GOVARDHAN NAGAR",Bus,BEST,19.182053,72.94701,
HIRA MONGI NAVNEET HOSPITAL,Bus,BEST,19.171086,72.950443,
"NIRMAL LIFE STYLE, HOECHST COMPANY",Bus,BEST,19.166125,72.938255,
KALIDAS NATYAGRUH (MULUND-W),Bus,BEST,19.173001,72.949197,
KAPUR BAWDI,Bus,BEST,19.217854,72.980016,
M.I.D.C (MIRA ROAD),Bus,BEST,19.266692,72.876894,
POUSHMATA MANDIR,Bus,BEST,19.281111,72.955117,
"SWATANTRAVEER SAVARKAR CHOWK, BHAYANDER (E)",Bus,BEST,19.293848,72.859821,
SHITAL GARDEN (MIRA ROAD),Bus,BEST,19.283516,72.863718,
SIDDHARAJ SOCIETY,Bus,BEST,19.2350833,72.87215,
VIDYA MANDIR (DAHISAR-E),Bus,BEST,19.254851,72.862498,
MIRA GAONTHAN,Bus,BEST,19.26755,72.876998,
SUNFLOWER SOCIETY,Bus,BEST,19.214502,72.87401,
MAHESHWARI UDYAN (KINGS CIRCLE),Bus,BEST,19.028282,72.856571,
LOKMANYA TILAK HOSPITAL (SION),Bus,BEST,19.037409,72.861011,
KUMBHARWADA (DHARAVI),Bus,BEST,19.037541,72.854884,
BHAGWATI HOSPITAL,Bus,BEST,19.240573,72.854479,
BHAKTI PALACE (DAHISAR),Bus,BEST,19.2559,72.84958,
BORIVALI JAIL (W),Bus,BEST,19.224447,72.854271,
BORIVALI (W) STATION,Bus,BEST,19.230031,72.856616,
BORIVALI (W) STATION,Bus,BEST,19.230772,72.855969,
BORIVALI (W) STATION,Bus,BEST,19.228711,72.854981,
BORIVALI (W) STATION,Bus,BEST,19.229525,72.856217,
BORIVALI (W) STATION,Bus,BEST,19.228621,72.854829,
BORIVALI TELEPHONE EXCHANGE,Bus,BEST,19.231802,72.856216,
BORIVALI TELEPHONE EXCHANGE,Bus,BEST,19.231829,72.856225,
DAHISAR BRIDGE,Bus,BEST,19.254883,72.856572,
DAHISAR BRIDGE,Bus,BEST,19.255182,72.857048,
DAHISAR BRIDGE (LINK ROAD),Bus,BEST,19.258142,72.853727,
LOKPURAM,Bus,BEST,19.2247167,72.97,
MAHARSHI ARVIND CHOWK (MULUND-W),Bus,BEST,19.175883,72.951536,
MAHARSHI ARVIND CHOWK (MULUND-W),Bus,BEST,19.174781,72.951013,
MADHANI CIRCLE,Bus,BEST,19.257498,72.97819,
"MAHARANA PRATAP CHOWK (MULUND-W), R MALL",Bus,BEST,19.183671,72.952562,
MAHARANA PRATAP CHOWK (MULUND CHECK NAKA-W),Bus,BEST,19.184312,72.954283,
MAJIWADA,Bus,BEST,19.214313,72.977524,
MANISHA NAGAR (KALWA),Bus,BEST,19.196894,72.990996,
MARATHON CHOWK (TEEN HATH NAKA),Bus,BEST,19.189452,72.963221,
MARATHON CHOWK (TEEN HATH NAKA),Bus,BEST,19.187456,72.964124,
"NAHUR VILLAGE, MEHUL CINEMA",Bus,BEST,19.165891,72.949093,
MERIND COMPANY,Bus,BEST,19.161835,72.94415,
MHADA OFFICE (MULUND-E),Bus,BEST,19.166099,72.965502,
LOKMANYA NAGAR (THANE),Bus,BEST,19.208857,72.951505,
"MAHARANA PRATAP CHOWK (MULUND-W), R MALL",Bus,BEST,19.183652,72.952115,
MHADA OFFICE (MULUND-E),Bus,BEST,19.166226,72.965578,
MITHAGAR,Bus,BEST,19.163407,72.954845,
MITHAGAR (MULUND-E),Bus,BEST,19.165431,72.964152,
MAHARANA PRATAP CHOWK (MULUND CHECK NAKA-W),Bus,BEST,19.183074,72.953713,
MUNICIPAL SCHOOL (MULUND-W),Bus,BEST,19.180897,72.953865,
NAVGHAR ROAD (MULUND-E),Bus,BEST,19.16787,72.961718,
AIROLI OCTROI NAKA,Bus,BEST,19.153741,72.961728,
PARSIK SHIV MANDIR,Bus,BEST,19.203197,73.00469,
R.T.O. (THANE),Bus,BEST,19.199009,72.981193,
JOGESHWARI (E) POLICE STATION,Bus,BEST,19.139419,72.854677,
KOKAN NAGAR (JOGESHWARI-E),Bus,BEST,19.134401,72.864793,
MODEL TOWN (JOGESHWARI-E),Bus,BEST,19.132696,72.869804,
POONAM NAGAR (MAJAS),Bus,BEST,19.135859,72.870125,
SATYA SAIBABA MANDIR (MAHAKALI CAVES RD),Bus,BEST,19.129688,72.869967,
STRAND CINEMA,Bus,BEST,18.917215,72.827374,
AZAD NAGAR (WADALA),Bus,BEST,19.014405,72.855696,
SANT JAGNADE CHOWK (LALBAUG),Bus,BEST,18.993145,72.836288,
"TATA OIL MILL, HINDUSTAN LEVER LIMITED",Bus,BEST,18.980907,72.857379,
PAREL STATION (E),Bus,BEST,19.007076,72.836961,
DR.M.IQBAL CHOWK (J J HOSPITAL),Bus,BEST,18.962066,72.834165,
DR.COOPER HOSPITAL,Bus,BEST,19.107155,72.834977,
DHARAMSHI HALL,Bus,BEST,19.226435,72.855268,
DON BOSCO SCHOOL (BORIVALI ),Bus,BEST,19.229688,72.842351,
DON BOSCO SCHOOL (BORIVALI ),Bus,BEST,19.229353,72.841,
EKSAR VILLAGE,Bus,BEST,19.237649,72.845398,
GANPAT PATIL NAGAR,Bus,BEST,19.253134,72.847147,
GORAI BRIDGE,Bus,BEST,19.226426,72.827631,
HOLY CROSS ROAD (BORIVALI -W),Bus,BEST,19.248691,72.850146,
I.C.COLONY (BORIVALI -W),Bus,BEST,19.247561,72.847978,
KALPANA CHAWLA CHOWK (BORIVALI -W),Bus,BEST,19.240866,72.846204,
KANDAR PADA (DAHISAR BRIDGE),Bus,BEST,19.254738,72.854546,
KANDAR PADA (DAHISAR BRIDGE),Bus,BEST,19.254702,72.854537,
KARUNA HOSPITAL,Bus,BEST,19.24153,72.853499,
MODEL TOWN (MULUND-W),Bus,BEST,19.1846667,72.9443167,
MUCHHALA COLLEGE,Bus,BEST,19.262763,72.968264,
MAHARANA PRATAP CHOWK (MULUND CHECK NAKA-W),Bus,BEST,19.183147,72.953646,
MULUND COLONY,Bus,BEST,19.174617,72.93717,
MULUND COLONY,Bus,BEST,19.174942,72.936942,
MAHATMA JYOTIBA PHULE CHOWK (MULUND-W),Bus,BEST,19.173162,72.934727,
MULUND RAILWAY STATION (W),Bus,BEST,19.17285,72.95575,
MULUND RAILWAY STATION (W),Bus,BEST,19.17386,72.955976,
MULUND RAILWAY STATION (W),Bus,BEST,19.173833,72.955947,
"MULUND (E) TOLL NAKA, MHADA COLONY",Bus,BEST,19.16989,72.967106,
"MULUND (E) TOLL NAKA, MHADA COLONY",Bus,BEST,19.169686,72.967582,
MUNICIPAL SCHOOL (MULUND-W),Bus,BEST,19.18115,72.953865,
RABODI POLICE STATION,Bus,BEST,19.206047,72.981697,
SAINATH NAGAR (THANE-W),Bus,BEST,19.2669,72.966808,
"AIROLI SECTOR 4, SAI CLINIC",Bus,BEST,19.155553,72.995713,
ST.PIUS SCHOOL (MULUND-W),Bus,BEST,19.166496,72.945033,
STANFORD SOCIETY (THANE),Bus,BEST,19.256378,72.979594,
STANFORD SOCIETY (THANE),Bus,BEST,19.256803,72.979363,
SWASTIK PARK (THANE),Bus,BEST,19.243411,72.982796,
AIROLI TOLL NAKA,Bus,BEST,19.153217,72.964855,
VANDANA CINEMA,Bus,BEST,19.194069,72.970485,
WAGLE ESTATE POST OFFICE,Bus,BEST,19.185649,72.957887,
MAHARANA PRATAP CHOWK (MULUND CHECK NAKA-W),Bus,BEST,19.18311,72.953732,
MALAD STATION (W),Bus,BEST,19.184531,72.848335,
SHASTRI NAGAR (JUHU),Bus,BEST,19.089908,72.834657,
AMAR BRASS & STEEL COMPANY,Bus,BEST,19.072157,72.86577,
METRO PLAYING CARDS,Bus,BEST,19.073866,72.869455,
"MAHAPOUR NIWAS, SHIVAJI PARK",Bus,BEST,19.028984,72.837629,
"MAHARASHTRA NAGAR (KANDIVALI-W), YADAV NAGAR",Bus,BEST,19.206971,72.83338,
SAIDHAM SOCIETY (NERUL),Bus,BEST,19.011689,73.014793,
TROMBAY,Bus,BEST,19.033939,72.949871,
VIKHROLI STATION (W),Bus,BEST,19.110754,72.927513,
MANGATRAM PETROLPUMP,Bus,BEST,19.140115,72.931357,
VIKHROLI PARK SITE,Bus,BEST,19.105077,72.913145,
VIKHROLI STATION ROAD (W),Bus,BEST,19.110184,72.925347,
LIC OFFICERS TRAINING CENTRE (BORIVALI -W),Bus,BEST,19.24279,72.846954,
M.H.B.POLICE STATION (BORIVALI -W),Bus,BEST,19.23247,72.840732,
M.H.B.POLICE STATION (BORIVALI -W),Bus,BEST,19.232777,72.840617,
MADHUBAN SOCIETY,Bus,BEST,19.224011,72.836401,
MAHARASHTRA NAGAR (BORIVALI -W),Bus,BEST,19.228682,72.851282,
MOUNT POINSUR CHURCH,Bus,BEST,19.244474,72.851975,
PRABHODHANKAR THACKERAY NAGAR BUS STATION (CHARKOP),Bus,BEST,19.221115,72.828852,
PAI NAGAR (BORIVALI -W),Bus,BEST,19.234547,72.85513,
PEPSI GARDEN,Bus,BEST,19.229847,72.823339,
PRAGATI HIGH SCHOOL (GORAI),Bus,BEST,19.227352,72.822095,
RAJHANS SOCIETY (BORIVALI -W),Bus,BEST,19.236898,72.857791,
RAM MANDIR (BORIVALI -W),Bus,BEST,19.237194,72.855005,
MUNICIPAL HOSPITAL (MULUND-E),Bus,BEST,19.171999,72.959959,
NANE PADA JUNCTION,Bus,BEST,19.167174,72.953951,
NEW SHAKTI MILL,Bus,BEST,19.200735,72.975525,
VOLTAS,Bus,BEST,19.2169667,72.97185,
VOLTAS,Bus,BEST,19.217162,72.971688,
OVALE,Bus,BEST,19.274218,72.960321,
POST & TELEGRAPHS (MULUND-W),Bus,BEST,19.169749,72.946183,
"SARVODAYA, PARSHWANATH NAGAR (MULUND-W)",Bus,BEST,19.164084,72.947249,
"M.I.D.C, PASSPORT OFFICE",Bus,BEST,19.192208,72.955186,
PATLI PADA,Bus,BEST,19.245724,72.975625,
MAHARASHTRA NAGAR (THANE),Bus,BEST,19.2285,72.9681333,
ADISHAKTI NAGAR (PIPE LINE),Bus,BEST,19.1853667,72.9463667,
PIPE LINE (MULUND-W),Bus,BEST,19.184971,72.947827,
CHINCHVALI BUNDER ROAD,Bus,BEST,19.179347,72.835902,
"MARVE ROAD NAKA, SWAMI SHIVANAND CHOWK",Bus,BEST,19.191468,72.845962,
"MITH CHOWKY, KAVI.V.R.KANT CHOWK",Bus,BEST,19.194604,72.833875,
B.P.T COLONY (DOCKYARD RD),Bus,BEST,19.017626,72.864186,
BAINGANWADI,Bus,BEST,19.058717,72.92511,
DEONAR MUNICIPAL COLONY,Bus,BEST,19.054326,72.923468,
DR.AMBEDKAR NAGAR (CHEMBUR),Bus,BEST,19.063292,72.902734,
"DR.AMBEDKAR UDYAN, CHEMBUR",Bus,BEST,19.05909,72.900493,
"KRISHNA BAUG, FINE ARTS SOCIETY (CHEMBUR)",Bus,BEST,19.060941,72.897604,
JAFRI ENGLISH SCHOOL,Bus,BEST,19.067488,72.920909,
SAMRAT ASHOK NAGAR (DEONAR),Bus,BEST,19.055497,72.910537,
SHANTI BAUG (CHEMBUR),Bus,BEST,19.057607,72.895449,
PHANASWADI,Bus,BEST,18.953269,72.825826,
JOGESHWARI TELEPHONE EXCHANGE,Bus,BEST,19.141309,72.843193,
BANDRA TALKIES,Bus,BEST,19.05932,72.835887,
DHIRAJ VALLEY SOCIETY,Bus,BEST,19.168327,72.869347,
BPCL SPORTS CLUB,Bus,BEST,19.027785,72.895765,
NAVJEEVAN SOCIETY (CHEMBUR),Bus,BEST,19.047533,72.89342,
VESAVA-YARI ROAD BUS STATION,Bus,BEST,19.139495,72.808356,
PASCALWADI,Bus,BEST,19.142693,72.797869,
DATTAPADA PHATAK,Bus,BEST,19.224277,72.856725,
GHODBUNDER VILLAGE JUNCTION,Bus,BEST,19.286817,72.893305,
"BORIVALI MARKET (E), CARTER ROAD",Bus,BEST,19.229455,72.860174,
RAJENDRA NAGAR,Bus,BEST,19.22118,72.860664,
DR. SHYAMAPRASAD MUKHERJEE CHOWK(MUSEUM),Bus,BEST,19.230841,72.850738,
SAI AMRUT SOCIETY (DAHISAR-W),Bus,BEST,19.240647,72.858569,
SAIBABA NAGAR (KANDARPADA),Bus,BEST,19.261313,72.852345,
SARDAR VALLABHBHAI PATEL COLLEGE (BORIVALI -W),Bus,BEST,19.250179,72.845798,
SHANTI ASHRAM (BORIVALI-W),Bus,BEST,19.240939,72.847184,
SHIVAJI NAGAR (BORIVALI -W),Bus,BEST,19.245433,72.8542,
SHIVDHAM (RUSHI COMPLEX),Bus,BEST,19.253741,72.849677,
SUVIDHYA SCHOOL (GORAI),Bus,BEST,19.229896,72.828703,
SWAMI VIVEKANAND VIDYALAYA (BORIVALI -W),Bus,BEST,19.225914,72.831179,
TECHNICAL SCHOOL (BORIVALI -W),Bus,BEST,19.242975,72.853955,
THAKUR PAKHADI,Bus,BEST,19.234759,72.846009,
VAZIRA NAKA,Bus,BEST,19.228976,72.844558,
PIPE LINE (MULUND-W),Bus,BEST,19.177581,72.940155,
R.T.O. (THANE),Bus,BEST,19.198937,72.981088,
R.R.EDUCATION VIDYALAYA,Bus,BEST,19.167581,72.966614,
MULUND RAILWAY STATION (W),Bus,BEST,19.173327,72.956613,
RABODI POLICE STATION,Bus,BEST,19.206029,72.981916,
RALLI WOLF,Bus,BEST,19.170769,72.940165,
RIDDHI SIDDHI SOCIETY (MULUND -E),Bus,BEST,19.169415,72.955006,
RUNWAL PLAZA (THANE-W),Bus,BEST,19.207511,72.957506,
RUNWAL PLAZA (THANE-W),Bus,BEST,19.208126,72.958733,
SAIDHAM (MULUND-W),Bus,BEST,19.167644,72.944738,
SAIDHAM (MULUND-W),Bus,BEST,19.167571,72.944738,
SAINATH NAGAR (THANE-W),Bus,BEST,19.266828,72.966713,
SANTOSHI MATA MANDIR (MULUND-W),Bus,BEST,19.183083,72.948464,
SHIVAJI NAGAR BUS STATION,Bus,BEST,19.066198,72.927883,
"BRAMHALA TALAO, MANORPADA",Bus,BEST,19.202641,72.976362,
KADAM PADA (MULUND-W),Bus,BEST,19.178602,72.947324,
GHATI PADA,Bus,BEST,19.1869833,72.94185,
USHMA NAGAR,Bus,BEST,19.19397,72.832563,
NEW ERA TALKIES,Bus,BEST,19.183798,72.846899,
LOKMANYA TILAK CHOWK (MALAD-W),Bus,BEST,19.184682,72.844836,
CHHATRAPATI SHIVAJI MAHARAJ TERMINUS(CSMT),Bus,BEST,18.940881,72.834836,
DR. SHYAMAPRASAD MUKHERJEE CHOWK(MUSEUM),Bus,BEST,18.925865,72.833148,
JOHAR CHOWK (BHENDI BAZAAR),Bus,BEST,18.959552,72.831831,
SARASWATI COMPLEX (DAHISAR),Bus,BEST,19.264,72.86,
SIDDHARTH NAGAR,Bus,BEST,19.215404,72.871156,
PINKY CINEMA,Bus,BEST,19.121952,72.847816,
JARIMARI (SAKINAKA),Bus,BEST,19.093919,72.883195,
GANDHI MAIDAN (WORLI),Bus,BEST,19.002221,72.819233,
ODEON CINEMA,Bus,BEST,19.079619,72.910672,
SHIV MANDIR,Bus,BEST,19.128607,72.843173,
VERSOVA VIEW (ANDHERI-W),Bus,BEST,19.153045,72.830284,
TUNGA VILLAGE,Bus,BEST,19.120239,72.890863,
BABHAI NAKA,Bus,BEST,19.228608,72.848486,
GANPAT PATIL NAGAR,Bus,BEST,19.255937,72.849913,
YOGI NAGAR (BORIVALI -W),Bus,BEST,19.235072,72.842299,
SHIVSHAKTI SOCIETY,Bus,BEST,19.261765,72.852069,
KANDARPADA BUS STATION,Bus,BEST,19.262604,72.85125,
KANDARPADA BUS STATION,Bus,BEST,19.263608,72.852001,
GOVIND NAGAR JUNCTION,Bus,BEST,19.233,72.851393,
SHRIMAD GOKUL,Bus,BEST,19.235439,72.851277,
NILDHARA BUILDING,Bus,BEST,19.23758,72.851362,
VRUNDAS HOTEL,Bus,BEST,19.229496,72.853535,
PRABODHANKAR THACKERAY NAGAR BUS STATION (CHARKOP),Bus,BEST,19.220654,72.829204,
AMULAKH HIGH SCHOOL,Bus,BEST,19.026224,72.860296,
MAHESHWARI UDYAN (KINGS CIRCLE),Bus,BEST,19.027893,72.856248,
ANTOP HILL EXTENSION,Bus,BEST,19.024973,72.869577,
"AIROLI SECTOR 4, SAI CLINIC",Bus,BEST,19.155508,72.995865,
SHIVRAM SOCIETY,Bus,BEST,19.175729,72.944433,
SIDDHARTH NAGAR (THANE),Bus,BEST,19.182496,72.970447,
ST.MARY SCHOOL (MULUND-W),Bus,BEST,19.165024,72.947039,
ST.PIUS SCHOOL (MULUND-W),Bus,BEST,19.166523,72.944967,
ST.XAVIERS HIGH SCHOOL (THANE),Bus,BEST,19.240376,72.977584,
SUBHASH NAGAR (THANE),Bus,BEST,19.2162833,72.9738333,
SUBHASH NAGAR (THANE),Bus,BEST,19.216309,72.974214,
SUBHASH TOWER,Bus,BEST,19.207766,73.0115,
SWAMI VIVEKANAND CHOWK (THANE),Bus,BEST,19.181692,72.967651,
SWAPNA NAGARI (YOGI HILL),Bus,BEST,19.1828,72.9421333,
SWASTIK PARK (THANE),Bus,BEST,19.243384,72.98292,
"TALAVALI NAKA, NOCIL COMPANY",Bus,BEST,19.1306,73.003416,
SWADESHI MARKET,Bus,BEST,18.949116,72.828801,
VASUDEO BALWANT PHADKE CHOWK (DHOBI TALAO),Bus,BEST,18.942748,72.830363,
HUTATMA CHOWK,Bus,BEST,18.933596,72.830199,
INDIRA DOCK,Bus,BEST,18.935872,72.843565,
DNYANESHWAR NAGAR,Bus,BEST,19.004936,72.853575,
GHODAPDEV,Bus,BEST,18.979679,72.843477,
SANT JAGNADE CHOWK (LALBAUG),Bus,BEST,18.993099,72.836354,
SEWREE COURT,Bus,BEST,18.996489,72.852982,
WADALA STATION (W),Bus,BEST,19.017496,72.857746,
CANTEEN STORES DEPARTMENT,Bus,BEST,18.9817,72.853656,
AIR CONDITION MARKET,Bus,BEST,18.973289,72.814414,
ALANKAR CINEMA,Bus,BEST,18.957453,72.827171,
RUSHI COMPLEX (DAHISAR-W),Bus,BEST,19.251493,72.851295,
GORAI CREEK,Bus,BEST,19.232893,72.826256,
MUNICIPAL SCHOOL (ANTOP HILL),Bus,BEST,19.025361,72.868665,
MATUNGA POLICE STATION (KINGS CIRCLE STATION),Bus,BEST,19.030541,72.857861,
"JAGATDEV N.VARMA CHOWK, KAPOLE NIWAS",Bus,BEST,19.02398,72.852803,
MAHESHWARI UDYAN (KINGS CIRCLE),Bus,BEST,19.028047,72.856315,
WADALA FLYOVER BRIDGE,Bus,BEST,19.018681,72.860414,
AMAR TALKIES,Bus,BEST,19.051802,72.910462,
DUKES COMPANY (DEONAR),Bus,BEST,19.046571,72.909628,
P.W.D. GROUND (CHEMBUR),Bus,BEST,19.06772,72.909555,
M-WEST-MCGM OFFICE,Bus,BEST,19.061294,72.899485,
SAHAKAR NAGAR (CHEMBUR-E),Bus,BEST,19.063831,72.893879,
BARKAT ALI DARGAH,Bus,BEST,19.020003,72.865704,
BHARANI NAKA (ANTOP HILL),Bus,BEST,19.025616,72.871116,
B.P.T. COLONY (BARKAT ALI MARG),Bus,BEST,19.017617,72.864148,
NADKARNI PARK WELFARE CENTRE,Bus,BEST,19.016144,72.863104,
B.P.T. COLONY (BARKAT ALI MARG),Bus,BEST,19.014536,72.863086,
C.G.S.DISPENSARY,Bus,BEST,19.029803,72.862991,
"GODREJ FOODS COMPANY, VEG.OILS (WADALA-E)",Bus,BEST,19.009485,72.861379,
GURU TEG BAHADUR NAGAR STATION,Bus,BEST,19.037474,72.863452,
INDIAN HUME PIPE COMPANY,Bus,BEST,19.021783,72.86615,
I.B.P COMPANY (SEWREE),Bus,BEST,19.004648,72.855569,
INDIRA NAGAR (SEWREE),Bus,BEST,18.992768,72.854589,
KANE NAGAR,Bus,BEST,19.02957,72.865927,
KANE NAGAR,Bus,BEST,19.029498,72.865803,
TATWADNYAN VIDYAPITH,Bus,BEST,19.223727,72.977715,
THANE CIVIL HOSPITAL,Bus,BEST,19.199064,72.978825,
AIROLI TOLL NAKA,Bus,BEST,19.152539,72.96995,
VAISHALI NAGAR (MULUND-W),Bus,BEST,19.1866,72.9456667,
VANDANA CINEMA,Bus,BEST,19.194457,72.970447,
"VIDYABEN GARDI SCHOOL, KESHAVPADA",Bus,BEST,19.170932,72.947267,
VRINDAVAN SOCIETY (THANE),Bus,BEST,19.208269,72.982734,
WAGHBIL,Bus,BEST,19.252563,72.972743,
WAGLE CIRCLE,Bus,BEST,19.194593,72.949918,
"YASHASVI NAGAR, VARDHAMAN GARDEN",Bus,BEST,19.218405,72.983905,
YOGI HILLS (MULUND-W),Bus,BEST,19.1842833,72.9388,
SAHAKAR BAZAR (AIROLI),Bus,BEST,19.150204,72.999704,
MAHARANA PRATAP CHOWK (MULUND CHECK NAKA-W),Bus,BEST,19.183273,72.954511,
"NOVELTY CINEMA, DR.BHADKAMKAR ROAD",Bus,BEST,18.961937,72.81902,
DR.M.IQBAL CHOWK (J J HOSPITAL),Bus,BEST,18.962886,72.831762,
MAHALAXMI TEMPLE,Bus,BEST,18.976465,72.808287,
NAIR HOSPITAL,Bus,BEST,18.973784,72.822666,
VATSALABAI DESAI CHOWK (HAJI ALI),Bus,BEST,18.978502,72.813517,
HASRAT MOHANI CHOWK,Bus,BEST,18.967798,72.828416,
JUHU SHOPPING CENTRE (JVPD),Bus,BEST,19.115466,72.834971,
"SANTACRUZ STATION (W) ROAD, KASHIBAI HOSPITAL",Bus,BEST,19.084128,72.837408,
PARSI COLONY (JUHU),Bus,BEST,19.100157,72.827389,
UTPAL SANGHAVI SCHOOL,Bus,BEST,19.112625,72.828235,
MANO-BINA APARTMENTS,Bus,BEST,19.116309,72.839589,
CHIRAG NAGAR,Bus,BEST,19.086544,72.897718,
"DNYANSADHANA COLLEGE, KOPARI",Bus,BEST,19.184195,72.96517,
"DR.AMBEDKAR CHOWK, INDIRA NAGAR THANE",Bus,BEST,19.204747,72.949899,
HINDUSTAN CHOWK (MULUND-W),Bus,BEST,19.17712,72.93889,
KOLBAD,Bus,BEST,19.204051,72.977171,
MULUND (W) MCGM GARDEN,Bus,BEST,19.175883,72.948721,
MANPADA,Bus,BEST,19.235146,72.975966,
MULUND SONAPUR,Bus,BEST,19.178521,72.953808,
MUNICIPAL HOSPITAL (MULUND-E),Bus,BEST,19.171935,72.960054,
PANCHAMRUT,Bus,BEST,19.256981,72.97066,
PAWAR NAGAR BUS STATION (THANE),Bus,BEST,19.229003,72.966379,
MAHARSHI ARVIND CHOWK (MULUND-W),Bus,BEST,19.175603,72.951868,
SANTOSHI MATA MANDIR (MULUND-W),Bus,BEST,19.183264,72.949187,
"JAGATDEV N.VARMA CHOWK, KAPOLE NIWAS",Bus,BEST,19.024694,72.853458,
"JAGATDEV N.VARMA CHOWK, KAPOLE NIWAS",Bus,BEST,19.023347,72.852224,
"DON BOSCO, KHALSA COLLEGE",Bus,BEST,19.024018,72.857068,
KORBA MITHAGAR,Bus,BEST,19.016099,72.864481,
KORBA MITHAGAR,Bus,BEST,19.015982,72.864234,
MAHESHWARI UDYAN (KINGS CIRCLE),Bus,BEST,19.026836,72.854796,
MAHESHWARI UDYAN (KINGS CIRCLE),Bus,BEST,19.027234,72.856904,
NADKARNI PARK,Bus,BEST,19.017806,72.862305,
RANI LAXMIBAI CHOWK (SION),Bus,BEST,19.04106,72.862681,
SANGAM NAGAR (WADALA-E),Bus,BEST,19.021649,72.869474,
SANGAM NAGAR (WADALA-E),Bus,BEST,19.021658,72.86937,
MAHARANA PRATAP CHOWK (MULUND CHECK NAKA-W),Bus,BEST,19.183381,72.954216,
AMBIKA NAGAR,Bus,BEST,19.197646,72.955718,
MHADA COLONY BUS STATION (MULUND-E),Bus,BEST,19.168864,72.968231,
"MAHARANA PRATAP CHOWK (MULUND-W), R MALL",Bus,BEST,19.183643,72.952068,
FLOWER VALLEY SOCIETY,Bus,BEST,19.207818,72.972398,
"NIRMAL LIFE STYLE, HOECHST COMPANY",Bus,BEST,19.1658,72.938321,
KHOPAT,Bus,BEST,19.200627,72.973167,
"ORLEM POST OFFICE, S.N.D.T.COLLEGE",Bus,BEST,19.19133,72.842064,
"CHINCHVALI PHATAK, SARVODAYA BALIKA VIDYALAYA",Bus,BEST,19.178729,72.84522,
BANK OF BARODA (MALAD-W),Bus,BEST,19.178632,72.834087,
"MITH CHOWKY, KAVI.V.R.KANT CHOWK",Bus,BEST,19.195642,72.832685,
"ORLEM CHURCH, VALNAI VILLAGE",Bus,BEST,19.195564,72.837963,
KALINA VILLAGE,Bus,BEST,19.077812,72.865805,
KURLA STATION (W),Bus,BEST,19.067411,72.878922,
SANTACRUZ STATION (E),Bus,BEST,19.081241,72.842475,
VAKOLA POLICE STATION,Bus,BEST,19.082472,72.846237,
ACHARYA ATRE CHOWK (WORLI NAKA),Bus,BEST,18.99669,72.816293,
RUBY MILL,Bus,BEST,19.024138,72.845156,
WORLI SEA FACE (N),Bus,BEST,19.015635,72.817436,
WORLI VILLAGE,Bus,BEST,19.01673,72.819629,
NEHRU PLANETARIUM (WORLI),Bus,BEST,18.98927,72.813774,
"FLORA HOTEL, WATUMAL ENGG.COLLEGE",Bus,BEST,19.003455,72.814483,
"JAKHADEVI, DADAR POLICE STATION",Bus,BEST,19.014771,72.834372,
AIROLI BUS STATION,Bus,BEST,19.156944,72.998299,
ORLEM WELL,Bus,BEST,19.193181,72.840551,
SAIBABA PARK (EVERSHINE NAGAR),Bus,BEST,19.19258,72.833353,
THAKUR NAGAR (CAVES ROAD),Bus,BEST,19.137876,72.85828,
ANTOP HILL EXTENSION,Bus,BEST,19.024811,72.869568,
V.J.T.I.COLLEGE,Bus,BEST,19.023918,72.854731,
"CHEMBUR NAKA, SWAMI VIVEKANAND CHOWK",Bus,BEST,19.055664,72.895022,
JAFRI ENGLISH SCHOOL,Bus,BEST,19.067669,72.921023,
SAMRAT ASHOK NAGAR (DEONAR),Bus,BEST,19.055353,72.911202,
GAWANPADA (MULUND-E),Bus,BEST,19.172911,72.961414,
MULLA BAUG,Bus,BEST,19.239292,72.975795,
KARMAVEER DADASAHEB GAIKWAD NAGAR (ANTOP HILL),Bus,BEST,19.037439,72.866046,
SARDAR NAGAR NO.4 (GTB NAGAR),Bus,BEST,19.035253,72.867406,
"SAMAJ MANDIR HALL (SION KOLIWADA), SARDAR NAGAR",Bus,BEST,19.039725,72.867023,
SEWREE RAILWAY PHATAK,Bus,BEST,19.000637,72.855714,
SEWREE RAILWAY PHATAK,Bus,BEST,19.000637,72.855467,
LOKMANYA TILAK HOSPITAL (SION),Bus,BEST,19.035069,72.860462,
BEST RECEIVING CENTRE ( SION),Bus,BEST,19.043459,72.872901,
LOKMANYA TILAK HOSPITAL (SION),Bus,BEST,19.036252,72.860271,
LOKMANYA TILAK HOSPITAL (SION),Bus,BEST,19.037237,72.860584,
V.J.T.I.COLLEGE,Bus,BEST,19.021922,72.856765,
GANDHI MARKET (KINGS CIRCLE),Bus,BEST,19.032267,72.858592,
KANE NAGAR,Bus,BEST,19.029353,72.866544,
CHOKSI HOSPITAL,Bus,BEST,19.191937,72.844412,
IJMIMA,Bus,BEST,19.184142,72.833712,
"DHOLEDEV MANDIR, VASARI TEKDI NO.2",Bus,BEST,19.173793,72.839785,
"DHOLEDEV MANDIR, VASARI TEKDI NO.2",Bus,BEST,19.173902,72.839985,
INDUSTRIAL ESTATE (MALAD-W),Bus,BEST,19.185882,72.841754,
NAVY NAGAR (MALAD-W),Bus,BEST,19.187316,72.838615,
CHINCHVALI BUNDER ROAD,Bus,BEST,19.178895,72.836768,
CHINCHVALI BUNDER ROAD,Bus,BEST,19.180386,72.836405,
D MART SHOPPING CENTRE-MALAD-W,Bus,BEST,19.186809,72.835706,
KACHPADA,Bus,BEST,19.189564,72.835371,
EVERSHINE NAGAR (MALAD-W),Bus,BEST,19.193529,72.834256,
MAHALAXMI STATION,Bus,BEST,18.983253,72.824168,
"NEHRU PLANETARIUM, N.S.C.I (WORLI)",Bus,BEST,18.98694,72.814194,
KANDIVALI STATION (W),Bus,BEST,19.205419,72.850337,
CHARKOP SECTOR 2,Bus,BEST,19.215538,72.824435,
RAM MANDIR (BORIVALI -W),Bus,BEST,19.219059,72.847969,
SAIBABA MANDIR (KANDIVALI-W),Bus,BEST,19.21717,72.847362,
SHIMPAVALI NAKA,Bus,BEST,19.223335,72.853349,
CHAKALA CIGARETTE FACTORY,Bus,BEST,19.106646,72.859069,
"VILE PARLE STATION (E), DINANATH NATYAGRUH",Bus,BEST,19.100891,72.844609,
J.B.NAGAR (ANDHERI-E),Bus,BEST,19.111827,72.868931,
MAROL PIPELINE,Bus,BEST,19.110402,72.873018,
MITTAL ESTATE (MAROL),Bus,BEST,19.10747,72.88335,
MALAD STATION (W),Bus,BEST,19.188749,72.8472,
BALLARD PIER,Bus,BEST,18.933911,72.842237,
CHHATRAPATI SHIVAJI MAHARAJ TERMINUS(CSMT),Bus,BEST,18.939083,72.835616,
CHAKALA MARKET,Bus,BEST,18.949499,72.83464,
DR. SHYAMAPRASAD MUKHERJEE CHOWK(MUSEUM),Bus,BEST,18.926414,72.831297,
FIRE BRIGADE,Bus,BEST,18.947027,72.840073,
KHADI BHANDAR,Bus,BEST,18.936571,72.834004,
HUTATMA CHOWK,Bus,BEST,18.929965,72.831351,
OLD CUSTOM HOUSE,Bus,BEST,18.930284,72.835195,
RAILWAY ACCIDENT COURT,Bus,BEST,18.943946,72.839439,
VASUDEO BALWANT PHADKE CHOWK (DHOBI TALAO),Bus,BEST,18.944536,72.830115,
ZAKERIA MASJID,Bus,BEST,18.952182,72.834353,
600 TENAMENT GATE,Bus,BEST,19.053358,72.919335,
ACHARYA MARATHE COLLEGE,Bus,BEST,19.058469,72.908094,
ANNABHAU SATHE NAGAR (MANKHURD),Bus,BEST,19.056206,72.930013,
ASSISI NAGAR (CHEMBUR-W),Bus,BEST,19.060548,72.912179,
B.M.C.COMPOST PLANT,Bus,BEST,19.057416,72.927685,
"10TH ROAD, CHEMBUR CHURCH",Bus,BEST,19.056416,72.900551,
"KRISHNA BAUG, FINE ARTS SOCIETY (CHEMBUR)",Bus,BEST,19.059947,72.896712,
"DR.AMBEDKAR UDYAN, CHEMBUR STATION",Bus,BEST,19.062342,72.900283,
DEONAR MUNICIPAL COLONY,Bus,BEST,19.05494,72.924066,
DEONAR POLICE STATION,Bus,BEST,19.0583,72.917842,
DEONAR POLICE STATION,Bus,BEST,19.058815,72.917538,
"DR.AMBEDKAR UDYAN, CHEMBUR",Bus,BEST,19.060057,72.901244,
"DR.AMBEDKAR UDYAN, CHEMBUR",Bus,BEST,19.059009,72.900579,
NATIONAL DAIRY,Bus,BEST,19.191451,72.83383,
MALAD STATION (W),Bus,BEST,19.188351,72.846621,
RANI SATI NAGAR (MALAD-W),Bus,BEST,19.179715,72.846997,
SARVODAYA BALIKA VIDYALAYA (MALAD-W),Bus,BEST,19.176643,72.84582,
MALAD STATION (W),Bus,BEST,19.189093,72.848065,
SARDAR CHOWK,Bus,BEST,19.185114,72.842021,
PARADIGM- B,Bus,BEST,19.180455,72.831737,
MADINA MANZIL (MALAD-W),Bus,BEST,19.17378,72.847334,
TOLANI NAKA,Bus,BEST,19.12955,72.865547,
SUBHASH NAGAR,Bus,BEST,19.13611,72.851371,
BHAGWATI HOSPITAL,Bus,BEST,19.23957,72.854689,
BORIVALI (W) STATION,Bus,BEST,19.230817,72.855941,
BORIVALI (W) STATION,Bus,BEST,19.228684,72.855134,
"MAROLNAKA, MATA RAMABAI AMBEDKAR CHOWK",Bus,BEST,19.108517,72.880907,
SHREE PARLESHWAR SOCIETY,Bus,BEST,19.105834,72.846781,
"VISHAL HALL, PRAKASH STUDIO",Bus,BEST,19.118512,72.852086,
ANUSHAKTI NAGAR,Bus,BEST,19.042925,72.92613,
APNA BAZAR (VASHI),Bus,BEST,19.06981,72.997357,
CHILDRENS HOME,Bus,BEST,19.042881,72.928524,
JUI NAGAR RAILWAY STATION,Bus,BEST,19.055387,73.015957,
KHARGHAR RAILWAY STATION (SUBWAY),Bus,BEST,19.027382,73.057819,
MAHARASHTRA STATE CO-OPERATIVE BANK,Bus,BEST,19.070162,73.002355,
TURBHE POLICE STATION,Bus,BEST,19.062198,73.01899,
KAMOTHE JUNCTION,Bus,BEST,19.023634,73.098301,
"SIDDHESHWAR SOCIETY, GHARONDA",Bus,BEST,19.118748,72.999535,
DADAR FIRE BRIGADE,Bus,BEST,19.014182,72.845248,
KHODADAD CIRCLE (DADAR TT),Bus,BEST,19.017119,72.847421,
JACKERIA BUNDER,Bus,BEST,18.990324,72.847981,
JIJAMATA UDYAN (BYCULLA),Bus,BEST,18.98139,72.834692,
AMBEWADI (KALCHOWKY),Bus,BEST,18.990447,72.84138,
SANT JAGNADE CHOWK (LALBAUG),Bus,BEST,18.992296,72.836573,
MADKEBUWA CHOWK (PAREL),Bus,BEST,19.004883,72.840382,
"MUSTAFA BAZAR, SAVLYA TANDEL CHOWK",Bus,BEST,18.976236,72.840963,
MADKEBUWA CHOWK (PAREL),Bus,BEST,19.002686,72.83857,
REAY ROAD STATION,Bus,BEST,18.97622,72.844553,
RUIA COLLEGE (MATUNGA-E),Bus,BEST,19.021738,72.851493,
SHANTARAM PUJARE CHOWK (KALA CHOWKY),Bus,BEST,18.987416,72.835532,
"DR.AMBEDKAR UDYAN, CHEMBUR",Bus,BEST,19.058747,72.900579,
"DR.AMBEDKAR UDYAN, CHEMBUR STATION",Bus,BEST,19.061909,72.901271,
DUKES COMPANY (DEONAR),Bus,BEST,19.04715,72.909513,
DNYANSAMPADA HIGH SCHOOL,Bus,BEST,19.060586,72.920616,
DEONAR FIRE BRIGADE COLONY,Bus,BEST,19.055753,72.92208,
INDIAN OIL NAGAR (GOVANDI),Bus,BEST,19.063592,72.912435,
INDIAN OIL NAGAR (GOVANDI),Bus,BEST,19.063755,72.913014,
JIJAMATA BHOSLE MARG JUNCTION (CHEMBUR),Bus,BEST,19.070114,72.908547,
MHADA COLONY (SHIVAJI NAGAR),Bus,BEST,19.063114,72.915456,
NARAYAN GURU HIGH SCHOOL (CHEMBUR-W),Bus,BEST,19.061044,72.908578,
NEW GAUTAM NAGAR (GOVANDI),Bus,BEST,19.06091,72.91597,
NEW GAUTAM NAGAR (GOVANDI),Bus,BEST,19.060983,72.916065,
CITIZEN BANK,Bus,BEST,19.24684,72.850319,
MANSI PLAZA,Bus,BEST,19.244976,72.846373,
MUNICIPAL GARDEN (BORIVALI -W),Bus,BEST,19.238122,72.849811,
PEPSI GARDEN,Bus,BEST,19.229774,72.823339,
SHIMPAVALI TELEPHONE EXCHANGE,Bus,BEST,19.223941,72.840186,
YOGI HOTEL (BORIVALI -W),Bus,BEST,19.235074,72.843983,
SHIVSHAKTI SOCIETY,Bus,BEST,19.261449,72.85224,
ANTOP HILL POLICE STATION,Bus,BEST,19.031737,72.864054,
I.B.P COMPANY (SEWREE),Bus,BEST,19.00435,72.855836,
KHALSA COLLEGE (MATUNGA-E),Bus,BEST,19.024786,72.857381,
RAWLI CAMP,Bus,BEST,19.036663,72.869039,
KARMAVEER DADASAHEB GAIKWAD NAGAR (ANTOP HILL),Bus,BEST,19.037421,72.866587,
HIRANANDANI COMPLEX JUNCTION (KHARGHAR),Bus,BEST,19.03316,73.06509,
BHANDUP PEOPLES SCHOOL,Bus,BEST,19.140024,72.925616,
DR.K.B.HEDGEWAR CHOWK BHANDUP SONAPUR,Bus,BEST,19.161418,72.937752,
GELDA NAGAR,Bus,BEST,19.097379,72.907816,
HUMA CINEMA (KANJURMARG-W),Bus,BEST,19.129219,72.92577,
KAMRAJ NAGAR (GHATKOPAR-E),Bus,BEST,19.073195,72.909306,
GHATKOPAR STATION (E),Bus,BEST,19.083899,72.90572,
RAJAWADI HOSPITAL,Bus,BEST,19.079644,72.903954,
VALLABH PARK,Bus,BEST,19.077912,72.912288,
VIKHROLI VILLAGE,Bus,BEST,19.104196,72.930442,
BABULNATH JUNCTION,Bus,BEST,18.96015,72.809355,
BEST POWER HOUSE (KUSSARA),Bus,BEST,18.96902,72.845251,
SEWREE STORE,Bus,BEST,18.987484,72.856786,
RAMBHAU BHOGALE MUNICIPAL SCHOOL,Bus,BEST,18.982469,72.840826,
MADKEBUWA CHOWK (PAREL),Bus,BEST,19.006102,72.84021,
A.H.ANSARI CHOWK (NAGPADA),Bus,BEST,18.9707,72.8315,
NEW AGRIPADA,Bus,BEST,18.976272,72.827336,
AUGUST KRANTI MAIDAN,Bus,BEST,18.96278,72.810749,
CUMBALA HILL POST OFFICE,Bus,BEST,18.969807,72.809356,
J.MEHTA MARG (NAPEAN SEA ROAD),Bus,BEST,18.95077,72.79606,
INSPECTOR KAKLIS CHOWK,Bus,BEST,18.964032,72.843953,
ALANKAR CINEMA,Bus,BEST,18.958059,72.827408,
RAILWAY SANKALP COLONY (MANKHURD),Bus,BEST,19.055222,72.93313,
RAILWAY SANKALP COLONY (MANKHURD),Bus,BEST,19.055457,72.933462,
"SAIBABA MANDIR (GOVANDI), KOKAN BANK",Bus,BEST,19.065085,72.919674,
SHIVAJI NAGAR BUS STATION,Bus,BEST,19.066089,72.928957,
SHIVAJI NAGAR BUS STATION,Bus,BEST,19.066207,72.927893,
SHIVAJI NAGAR JUNCTION (GOVANDI),Bus,BEST,19.062537,72.918373,
SHIVAJI NAGAR JUNCTION (GOVANDI),Bus,BEST,19.062401,72.916663,
SHIVAJI NAGAR JUNCTION (GOVANDI),Bus,BEST,19.062419,72.917252,
SHIVAJI NAGAR JUNCTION (GOVANDI),Bus,BEST,19.061796,72.919076,
SHIVAJI NAGAR (GOVANDI) TERMINUS,Bus,BEST,19.060623,72.925404,
SUBHASH NAGAR (CHEMBUR-E),Bus,BEST,19.060175,72.904911,
"KRISHNA BAUG, FINE ARTS SOCIETY (CHEMBUR)",Bus,BEST,19.061727,72.897661,
AGARWAL MUNICIPAL HOSPITAL,Bus,BEST,19.178566,72.945802,
AIROLI SECTOR 10,Bus,BEST,19.149167,72.990236,
ANAND NAGAR (GHODBUNDER ROAD),Bus,BEST,19.264705,72.967712,
BHANDUP PUMPING CENTRE,Bus,BEST,19.154364,72.958001,
BRAHMAND PHASE-5,Bus,BEST,19.244856,72.983481,
BRAHMAND PHASE-6,Bus,BEST,19.246573,72.984689,
GHANSOLI RAILWAY STATION,Bus,BEST,19.116316,73.00787,
HANUMAN CHOWK (MULUND-E),Bus,BEST,19.169379,72.959408,
KASARVADAVALI,Bus,BEST,19.269331,72.965382,
KHEDEKAR WADI,Bus,BEST,19.166705,72.954474,
MADHANI CIRCLE,Bus,BEST,19.257566,72.97821,
MAHATMA JYOTIBA PHULE CHOWK (MULUND-W),Bus,BEST,19.173063,72.93467,
AMAR MAHAL,Bus,BEST,19.066119,72.900586,
DAVA BAZAR (KALBADEVI),Bus,BEST,18.946252,72.829268,
CHOWPATTY BAND STAND,Bus,BEST,18.955768,72.809151,
AHILYABAI HOLKAR CHOWK (CHURCHGATE),Bus,BEST,18.932121,72.827533,
GAIWADI,Bus,BEST,18.953916,72.820423,
HUTATMA CHOWK,Bus,BEST,18.929467,72.829633,
HUTATMA CHOWK,Bus,BEST,18.929431,72.82968,
ARIHANT INDUSTRIAL ESTATE,Bus,BEST,19.1494667,72.8476833,
NEW SIDDHARTH NAGAR (GOREGAON-W),Bus,BEST,19.1598667,72.8378833,
JAIN MANDIR (GOREGAON-W),Bus,BEST,19.16004,72.848636,
JOGESHWARI TELEPHONE EXCHANGE,Bus,BEST,19.14093,72.843269,
GANDHI NAGAR (KANJURMARG),Bus,BEST,19.058641,72.847659,
CAFE PARADISE,Bus,BEST,18.961783,72.830766,
PT.PALUSKAR CHOWK (OPERA HOUSE)- MARWADI VIDYALAYA,Bus,BEST,18.9575,72.81778,
SHUKLAJI STREET,Bus,BEST,18.966124,72.824391,
ST.MARY S HIGH SCHOOL (MAZGAON),Bus,BEST,18.969899,72.835156,
VATSALABAI DESAI CHOWK (HAJI ALI),Bus,BEST,18.977036,72.811553,
VASANTRAO NAIK CHOWK (TARDEO),Bus,BEST,18.969803,72.815054,
NANA CHOWK,Bus,BEST,18.961336,72.813409,
DAULAT NAGAR (SANTACRUZ-W),Bus,BEST,19.089691,72.833232,
JUHU BUS STATION,Bus,BEST,19.106661,72.826918,
JUHU HOTEL,Bus,BEST,19.103445,72.826873,
J.V.P.D.BUS STATION,Bus,BEST,19.116113,72.82922,
SHRAWAN YASHWANTE CHOWK (KALA CHOWKY),Bus,BEST,18.98808,72.841971,
ABHINAV SCHOOL,Bus,BEST,19.302954,72.857951,
KELKAR COLLEGE,Bus,BEST,19.162919,72.956632,
CHHATRAPATI SHIVAJI MAHARAJ TERMINUS(CSMT),Bus,BEST,18.941856,72.834589,
OBEROI WOODS (GOREGAON-E),Bus,BEST,19.169164,72.864536,
VINAY HIGH SCHOOL,Bus,BEST,19.031075,72.900446,
CANOSSA SCHOOL (ANDHERI-E),Bus,BEST,19.125169,72.865264,
CHHATRAPATI SHIVAJI MAHARAJ TERMINUS(CSMT),Bus,BEST,18.9397,72.838388,
AHILYABAI HOLKAR CHOWK (CHURCHGATE),Bus,BEST,18.93149,72.828293,
MAHIM,Bus,BEST,19.041417,72.840897,
NAGRI NIWARA PLOT NO.5,Bus,BEST,19.176137,72.879886,
AMRUT ANGAN,Bus,BEST,19.208976,73.013089,
NENSEY COLONY,Bus,BEST,19.238401,72.864581,
DR.SUCHAK CHOWK,Bus,BEST,19.187767,72.850805,
SOMPURI MARKET,Bus,BEST,19.081038,72.838672,
RAMESHWAR MANDIR (BORIVALI -E),Bus,BEST,19.244285,72.870104,
TOBACCO COMPANY,Bus,BEST,19.050008,72.826546,
BANDRA POLICE STATION,Bus,BEST,19.055552,72.835738,
DANA BAZAR,Bus,BEST,19.083585,73.008431,
WADALA FLYOVER BRIDGE,Bus,BEST,19.018519,72.86239,
VIKHROLI STATION ROAD (E),Bus,BEST,19.10949,72.931315,
KURLA STATION (W),Bus,BEST,19.067727,72.87896,
MANTRALAYA,Bus,BEST,18.928614,72.824412,
BABASAHEB WORLIKAR CHOWK (CENTURY BAZAAR),Bus,BEST,19.012595,72.822681,
SHIVAR GARDEN,Bus,BEST,19.288431,72.865704,
CHARKOP VILLAGE,Bus,BEST,19.208886,72.821017,
BAYER HOUSE,Bus,BEST,19.118565,72.912752,
"C.B.D.BELAPUR, KONKAN BHAVAN",Bus,BEST,19.024337,73.040871,
MAFATLAL MILL,Bus,BEST,18.979813,72.840847,
VIJAY NAGAR (MAROL MAROSHI),Bus,BEST,19.121725,72.879932,
DOCKYARD ROAD RAILWAY STATION,Bus,BEST,18.966345,72.844389,
B.S.E.S SUB-STATION (SWAMI SAMARTH NAGAR),Bus,BEST,19.134566,72.82529,
MAHATMA PHULE MARKET (CRAWFORD MARKET),Bus,BEST,18.945199,72.834054,
MAHATMA PHULE MARKET (CRAWFORD MARKET),Bus,BEST,18.943889,72.834492,
DOCKYARD ROAD RAILWAY STATION,Bus,BEST,18.968405,72.843542,
HIGHLAND GARDEN,Bus,BEST,19.146033,72.828836,
SIR ALIYAWAR JUNG INSTITUTE(BANDRA-W),Bus,BEST,19.052236,72.83423,
POWAI CHOWK (MULUND-W),Bus,BEST,19.1726833,72.9359,
JAMBLI MOHALLA,Bus,BEST,18.955982,72.829622,
KOKANIPADA (EXTENSION) (BORIVALI -E),Bus,BEST,19.245984,72.872462,
AGAR BAZAR,Bus,BEST,19.018619,72.833552,
SHRAWAN YASHWANTE CHOWK (KALA CHOWKY),Bus,BEST,18.987384,72.841582,
S.R.A COLONY MANKHURD (LALLUBHAI COMPOUND),Bus,BEST,19.04981,72.926803,
SANTACRUZ STATION (W),Bus,BEST,19.08209,72.841281,
JAMA MASJID (MIRA ROAD),Bus,BEST,19.28466,72.857524,
EKTA NAGAR (KANDIVALI-W),Bus,BEST,19.213478,72.836989,
DAHISAR BRIDGE (LINK ROAD),Bus,BEST,19.25832,72.853774,
WADALA MONORAIL STATION ROAD,Bus,BEST,19.036828,72.873465,
VEER HUTATMA BHAI KOTWAL UDYAN (PLAZA),Bus,BEST,19.021688,72.842289,
MANISHA NAGAR (KALWA),Bus,BEST,19.197093,72.991814,
VIDYA VIHAR BUS STATION (W),Bus,BEST,19.080174,72.896257,
MILITARY CAMP (KALINA),Bus,BEST,19.082018,72.858096,
ASHOK VAN,Bus,BEST,19.242214,72.867005,
DEONAR MUNICIPAL COLONY,Bus,BEST,19.054561,72.924342,
MAHALAXMI STATION,Bus,BEST,18.982106,72.824615,
IMPERIAL SQUARE SOCIETY,Bus,BEST,19.284444,72.94762,
AIR INDIA QUARTERS,Bus,BEST,19.081401,72.869993,
"HINDUSTAN NAKA, C.CHARANSINGH CHOWK",Bus,BEST,19.207402,72.830004,
SION KOLIWADA,Bus,BEST,19.039932,72.864705,
VASHI SECTOR 29,Bus,BEST,19.089377,73.004783,
INDIRA NAGAR (SEWREE),Bus,BEST,18.992614,72.854732,
INDIAN OIL NAGAR (ANDHERI-W),Bus,BEST,19.129376,72.831453,
HUTATMA CHOWK,Bus,BEST,18.933397,72.830133,
URAN PHATA,Bus,BEST,19.03342,73.029809,
BHAYANDER POLICE STATION,Bus,BEST,19.300409,72.846953,
R.T.O.(GHATKOPAR-E),Bus,BEST,19.073268,72.910484,
DEONAR FIRE BRIGADE COLONY,Bus,BEST,19.055726,72.922175,
AHILYABAI HOLKAR CHOWK (CHURCHGATE),Bus,BEST,18.932827,72.828928,
"DR.DATTA SAMANT CHOWK, SAKI NAKA",Bus,BEST,19.102864,72.885738,
GOMANT NAGAR (DAHISAR-W),Bus,BEST,19.243367,72.858967,
SHIVRAM SOCIETY,Bus,BEST,19.175684,72.944348,
PRABODHANKAR THACKERAY CHOWK (DADAR-W),Bus,BEST,19.019669,72.836382,
"KHEDGALLI, SIDDHIVINAYAK MANDIR (PRABHADEVI)",Bus,BEST,19.013912,72.83329,
AFGHAN CHURCH,Bus,BEST,18.907188,72.816978,
"CARDINAL GRACIAS SCHOOL, TEACHER S COLONY",Bus,BEST,19.068216,72.846959,
VANICHA PADA,Bus,BEST,19.150058,72.872899,
GATE WAY PLAZA (POWAI),Bus,BEST,19.1232,72.912864,
"DUMPING GROUND, NIRANKARI BHAVAN",Bus,BEST,19.067218,72.925774,
BORIVALI (W) BUS STATION,Bus,BEST,19.23191,72.856929,
REAY ROAD STATION,Bus,BEST,18.976229,72.845417,
NAHUR STATION (E),Bus,BEST,19.154337,72.94705,
SWAPNA NAGARI (YOGI HILL),Bus,BEST,19.18275,72.94205,
MATUNGA (W),Bus,BEST,19.03033,72.847636,
GRANT ROAD STATION (W),Bus,BEST,18.96291,72.815496,
"ANAND NAGAR, KOPRI",Bus,BEST,19.178792,72.967527,
"DEVIKA NAGAR, EKSAR KOLIWADA",Bus,BEST,19.239556,72.845901,
DIVINE CHILD HIGH SCHOOL,Bus,BEST,19.112882,72.864188,
BANDRA COLONY,Bus,BEST,19.062282,72.848246,
RELIANCE ENERGY OFFICE (TILAK NAGAR CHEMBUR),Bus,BEST,19.066734,72.897271,
NAWAB TANK MARG,Bus,BEST,18.965515,72.844769,
"TARDEO BUS STATION, RUSI MEHTA CHOWK",Bus,BEST,18.964866,72.820879,
TRANSPORT CORPORATION,Bus,BEST,19.269331,72.879166,
MULUND COLONY,Bus,BEST,19.1746167,72.9371667,
PERU BAUG,Bus,BEST,19.166276,72.852939,
BRAHMAND PHASE-6,Bus,BEST,19.246546,72.98467,
MAROL PIPELINE,Bus,BEST,19.110645,72.872049,
NARAYAN DABHOLKAR MARG,Bus,BEST,18.950777,72.793688,
C.B.D. BELAPUR BUS STATION,Bus,BEST,19.025095,73.041613,
GADDI ADDA,Bus,BEST,18.994836,72.853743,
"CHANDVALI STUDIO, PETROL PUMP",Bus,BEST,19.114531,72.896966,
SHANTI ASHRAM JUNCTION,Bus,BEST,19.242466,72.845066,
ASHOK NAGAR (MAROL MAROSHI),Bus,BEST,19.118529,72.885284,
BALBHAVAN,Bus,BEST,18.951429,72.817633,
"A.H.ANSARI CHOWK, NEW NAGPADA",Bus,BEST,18.967151,72.832832,
MORE MALL,Bus,BEST,19.214699,72.83987,
I.R.B.COMPLEX (POWAI),Bus,BEST,19.11353,72.900921,
KHAR TELEPHONE EXCHANGE,Bus,BEST,19.069473,72.833761,
DURGA PARMESHWARI MANDIR,Bus,BEST,19.219293,72.833542,
DOORDARSHAN (WORLI),Bus,BEST,19.007297,72.818402,
SHIVSENA OFFICE (CHEMBUR-W),Bus,BEST,19.061983,72.906012,
VASUDEO BALWANT PHADKE CHOWK (DHOBI TALAO),Bus,BEST,18.942567,72.830658,
RAMESH HOTEL(MALAD-E),Bus,BEST,19.186834,72.862995,
SANT GADGE MAHARAJ CHOWK (SAATRASTA),Bus,BEST,18.98087,72.827646,
CHHATRAPATI SHIVAJI MAHARAJ TERMINUS(CSMT),Bus,BEST,18.941396,72.834646,
RALLI WOLF,Bus,BEST,19.171022,72.940507,
SANT MUKTABAI HOSPITAL,Bus,BEST,19.097748,72.903711,
ADARSH DAIRY (MALAD-W),Bus,BEST,19.192441,72.842881,
MULUND (W) MCGM GARDEN,Bus,BEST,19.175847,72.949187,
"GARWARE CHOWK, KOLDONGRI NO.2",Bus,BEST,19.10918,72.852149,
GANDHI MARKET (KINGS CIRCLE),Bus,BEST,19.0329,72.859114,
SEAWOOD DARAVE RAILWAY STATION,Bus,BEST,19.021382,73.017313,
SATYA NAGAR,Bus,BEST,19.216471,72.841295,
"GANESH NAGAR (DAHISAR), GOKUL ANAND HOTEL",Bus,BEST,19.247218,72.865081,
DR.M.IQBAL CHOWK (J J HOSPITAL),Bus,BEST,18.963067,72.832199,
"FIRE BRIGADE, KHARODI COLONY",Bus,BEST,19.195869,72.821608,
BABULNATH JUNCTION,Bus,BEST,18.96089,72.808785,
BHAKTI PALACE (DAHISAR),Bus,BEST,19.256108,72.850084,
M.S.E.B.OFFICE (KOPAR KHAIRANE),Bus,BEST,19.106768,73.002479,
SHIVAJI NAGAR JUNCTION (GOVANDI),Bus,BEST,19.062781,72.918478,
BALAJI NAGAR,Bus,BEST,19.31014,72.850277,
JAIN SOCIETY (SION),Bus,BEST,19.039704,72.861732,
NATHU JOMA PATIL CHOWK,Bus,BEST,19.060592,73.013992,
C.B.D. BELAPUR BUS STATION,Bus,BEST,19.024671,73.041546,
MARVE VILLAGE,Bus,BEST,19.196122,72.799889,
"MAROL NAKA, MATA RAMABAI AMBEDKAR CHOWK",Bus,BEST,19.107948,72.880262,
SARVODAYA NAGAR (BHANDUP-W),Bus,BEST,19.149465,72.930063,
SANDU GARDEN (CHEMBUR-E),Bus,BEST,19.056289,72.898062,
JANKIDEVI VIDYALAYA,Bus,BEST,19.139884,72.820865,
DINDOSHI PADA,Bus,BEST,19.165557,72.878171,
KALA CHOWKY POLICE STATION,Bus,BEST,18.988071,72.842047,
KAMALA NEHRU PARK (MALABAR HILL),Bus,BEST,18.955321,72.80465,
BEST NAGAR (GOREGAON-W),Bus,BEST,19.153242,72.841283,
FOUR BUNGALOWS,Bus,BEST,19.129678,72.824391,
"PARASMANI, MADHUKUNJ SOCIETY",Bus,BEST,19.107693,72.829883,
"MAHANT ROAD, VILE PARLE (E)",Bus,BEST,19.10067,72.852031,
PRIYADARSHINI (CHUNABHATTI),Bus,BEST,19.053066,72.880354,
BAMAN PADA,Bus,BEST,19.10473,72.858833,
"KANNAMWAR NAGAR, BUILDING NO.188",Bus,BEST,19.118706,72.940675,
KRANTI NAGAR,Bus,BEST,19.194425,72.872338,
INSPECTOR KAKLIS CHOWK,Bus,BEST,18.963183,72.843964,
TERNA ENGINEERING COLLEGE (NERUL),Bus,BEST,19.030173,73.016955,
TROMBAY,Bus,BEST,19.034526,72.949197,
"KANNAMWAR NAGAR, PRAVIN HOTEL",Bus,BEST,19.116401,72.935325,
SATHAYE COLLEGE (VILE PARLE-E),Bus,BEST,19.097488,72.849401,
NELCO,Bus,BEST,19.117163,72.862845,
"HIND RECTIFIER CORPORATION, COLOUR CARTONS",Bus,BEST,19.157344,72.934463,
IRANI BRIDGE,Bus,BEST,18.959187,72.814503,
POONAM SAGAR COMPLEX (MIRA ROAD),Bus,BEST,19.273822,72.862744,
APNA BAZAR (MIRA ROAD),Bus,BEST,19.275396,72.867557,
AUGUST KRANTI MAIDAN,Bus,BEST,18.962816,72.810967,
GANDHI MARKET (KINGS CIRCLE),Bus,BEST,19.032629,72.858753,
HUTATMA CHOWK,Bus,BEST,18.929368,72.829737,
RATHODI,Bus,BEST,19.196632,72.816111,
BEVERLY PARK,Bus,BEST,19.286779,72.867484,
MUNICIPAL COLONY SECTOR -B (GOREGAON-E),Bus,BEST,19.173832,72.877321,
MARINE DRIVE,Bus,BEST,18.941252,72.823899,
TIPCO PLAZA COMPANY,Bus,BEST,19.18356,72.855333,
CHAKALA,Bus,BEST,19.115417,72.857448,
FORENSIC LAB,Bus,BEST,19.07471,72.858718,
HANUMAN CHOWK (MULUND-E),Bus,BEST,19.170174,72.959075,
UNIT TRUST OF INDIA (BANDRA-W),Bus,BEST,19.049883,72.828142,
GANESH TALKIES (LALBAUG),Bus,BEST,18.989656,72.834572,
SHIVAJI NAGAR (GOVANDI) ROAD NO.13,Bus,BEST,19.06823,72.92336,
PRABODHANKAR THACKERAY UDYAN BUS STATION (SEWREE),Bus,BEST,18.998196,72.852021,
ANTOP HILL,Bus,BEST,19.026824,72.866308,
GANDHI MARKET (KINGS CIRCLE),Bus,BEST,19.033831,72.859512,
VIJAY VALLABH CHOWK (PYDHONIE),Bus,BEST,18.955198,72.832119,
NAGPADA POLICE HOSPITAL,Bus,BEST,18.965885,72.831579,
"CHEMBUR NAKA, SWAMI VIVEKANAND CHOWK",Bus,BEST,19.055691,72.894918,
DHANVANTARI HOSPITAL,Bus,BEST,19.176326,72.953256,
M.H.B.COLONY (BORIVALI -W),Bus,BEST,19.230508,72.838527,
VEER HUTATMA BHAI KOTWAL UDYAN (PLAZA),Bus,BEST,19.023259,72.84205,
KANDIVALI STATION ROAD (W),Bus,BEST,19.205798,72.850137,
SIMLA HOUSE,Bus,BEST,18.958039,72.802416,
MALVANI BLOCK NO.7,Bus,BEST,19.186336,72.818839,
AGRAWAL GREEN VILLAGE,Bus,BEST,19.2706,72.89045,
PRABODHANKAR THACKERAY CHOWK (DADAR-W),Bus,BEST,19.0197833,72.8375,
TATA MOTORS,Bus,BEST,19.197547,72.949167,
REAY ROAD STATION,Bus,BEST,18.977069,72.844058,
VASHI NAKA (CHEMBUR),Bus,BEST,19.031616,72.89659,
"DR.AMBEDKAR COLONY, 18TH ROAD KHAR",Bus,BEST,19.073941,72.829073,
"ISHWAR NAGAR, BHANDUP (W)",Bus,BEST,19.143847,72.934085,
"CARDINAL GRACIAS SCHOOL, TEACHER S COLONY",Bus,BEST,19.068017,72.846541,
ANDHERI FIRE BRIGADE,Bus,BEST,19.112516,72.841692,
GHATKOPAR STATION (E),Bus,BEST,19.084939,72.907829,
GOREGAON STATION (E),Bus,BEST,19.165326,72.850354,
INDIAN OIL NAGAR (ANDHERI-W),Bus,BEST,19.128507,72.829087,
WAGLE CIRCLE,Bus,BEST,19.194538,72.951135,
KANDIVALI BUS STATION (E),Bus,BEST,19.201654,72.853797,
KURAR POLICE CHOWKY,Bus,BEST,19.185479,72.863766,
"VASHI NAKA (CHEMBUR), M.M.R.D.A COLONY",Bus,BEST,19.031211,72.902926,
SOUTH-NORTH MARG NO.9 (VILE PARLE-W),Bus,BEST,19.10717,72.831157,
"VENUS BUILDING, WATUMAL ENGG.COLLEGE",Bus,BEST,19.00207,72.811948,
BORIVALI (E) STATION,Bus,BEST,19.231558,72.857776,
VIKHROLI COURT,Bus,BEST,19.115751,72.936427,
CIBA COMPANY,Bus,BEST,19.13483,72.928668,
"CHEMBUR NAKA, SWAMI VIVEKANAND CHOWK",Bus,BEST,19.054128,72.893265,
EVERSHINE NAGAR (MALAD-W),Bus,BEST,19.190835,72.831947,
MAKHAMALI TALAO,Bus,BEST,19.198441,72.971712,
ADARSH NAGAR (KURAR VILLAGE),Bus,BEST,19.187539,72.863127,
DNYAN SARITA (MULUND-W),Bus,BEST,19.178648,72.950547,
R.F.NAIK SCHOOL (KOPAR KHAIRANE),Bus,BEST,19.0987,73.005118,
"SASOON DOCK, COLABA FIRE STATION",Bus,BEST,18.9158667,72.8262667,
RYAN INTERNATIONAL SCHOOL(GOREGAON-E),Bus,BEST,19.171969,72.872397,
POONAM NAGAR (MAJAS),Bus,BEST,19.136048,72.870296,
KANDIVALI STATION (W),Bus,BEST,19.205365,72.850536,
GHATKOPAR SONAPUR,Bus,BEST,19.073807,72.902807,
NATIONAL COLLEGE (BANDRA-W),Bus,BEST,19.063069,72.835419,
GOREGAON CHECK NAKA NO.1,Bus,BEST,19.165919,72.860155,
GOREGAON TELEPHONE EXCHANGE,Bus,BEST,19.157587,72.856661,
SEEPZ BUS STATION,Bus,BEST,19.127956,72.874967,
VEEJ BHAVAN,Bus,BEST,18.921776,72.826497,
MANPADA,Bus,BEST,19.235218,72.976356,
ROYAL PARK,Bus,BEST,19.270946,72.87537,
RABALE POLICE STATION,Bus,BEST,19.145777,73.000787,
"GANDHI NAGAR (BANDRA-E), CHETANA COLLEGE",Bus,BEST,19.059969,72.847734,
BHANDUP STATION (W),Bus,BEST,19.1442,72.937868,
C-CROSS ROAD (SEEPZ) JUNCTION,Bus,BEST,19.122895,72.871244,
B.P.T. COLONY (WADALA),Bus,BEST,19.01253,72.862479,
CHARKOP SECTOR 6,Bus,BEST,19.216656,72.833953,
SINDHI COLONY (JOGESHWARI-W),Bus,BEST,19.144171,72.83993,
CHEMBUR PHATAK,Bus,BEST,19.064646,72.899589,
RAMESH HOTEL(MALAD-E),Bus,BEST,19.18696,72.862633,
DR.AMBEDKAR NAGAR (CHEMBUR),Bus,BEST,19.051153,72.887766,
SAHYADRI SCHOOL,Bus,BEST,19.197734,72.993421,
AHILYABAI HOLKAR CHOWK (CHURCHGATE),Bus,BEST,18.935455,72.826884,
BUDDHA NAGAR (KURLA-W),Bus,BEST,19.073636,72.880288,
KAMANI,Bus,BEST,19.085131,72.887304,
YASHODHAN NAGAR (THANE),Bus,BEST,19.208379,72.95432,
AMAR NAGAR,Bus,BEST,19.168284,72.931866,
SAMANA PARIWAR (MALAD-E),Bus,BEST,19.176144,72.876388,
JAIN MANDIR (MIRA ROAD),Bus,BEST,19.280082,72.862322,
ADARSH HIGH SCHOOL (ANIK),Bus,BEST,19.021787,72.876019,
"KANDIVALI INDUSTRIAL ESTATE, GANESH NAGAR",Bus,BEST,19.204194,72.828295,
PRINCESS STREET (KALBADEVI),Bus,BEST,18.946413,72.827161,
MAKER TOWER,Bus,BEST,18.916268,72.817587,
MAHARASHTRA NAGAR (THANE),Bus,BEST,19.226528,72.969993,
CENTRAL DAIRY TABELA (AAREY COLONY),Bus,BEST,19.1570167,72.8829167,
"M.M.R.D.A., FAMILY COURT (BKC)",Bus,BEST,19.056032,72.851471,
SARDAR VALLABHBHAI PATEL COLLEGE,Bus,BEST,19.249936,72.845903,
TAGORE NAGAR NO.5 (VIKHROLI-E),Bus,BEST,19.124983,72.928832,
BHUTTA COLLEGE,Bus,BEST,19.108013,72.848443,
"BANDRA TALKIES, SHROFF EYE HOSPITAL",Bus,BEST,19.060911,72.837235,
SALVATION ARMY,Bus,BEST,18.972594,72.826114,
BRIMCO,Bus,BEST,19.207587,72.822996,
SWAN MILLS,Bus,BEST,18.994761,72.848795,
RANI LAXMIBAI CHOWK (SION),Bus,BEST,19.044692,72.862907,
LALJIPADA POLICE CHOWKY,Bus,BEST,19.203927,72.834343,
GHODBUNDER VILLAGE,Bus,BEST,19.291613,72.889402,
POWAI CHOWK (MULUND-W),Bus,BEST,19.172747,72.935953,
BHARAT DIAMOND BOURSE,Bus,BEST,19.064053,72.865432,
DR. SHYAMAPRASAD MUKHERJEE CHOWK(MUSEUM),Bus,BEST,18.925718,72.830528,
ACHARYA MARATHE COLLEGE,Bus,BEST,19.058948,72.907629,
MUMBAI CENTRAL STATION,Bus,BEST,18.969037,72.818416,
PT.PALUSKAR CHOWK (OPERA HOUSE),Bus,BEST,18.953208,72.816739,
AAREY UNIT NO.2 & 3,Bus,BEST,19.164802,72.867466,
KENDRIYA VIDYALAYA (MALAD-W),Bus,BEST,19.188026,72.797834,
HINDUSTAN DORR-OLIVER LIMITED,Bus,BEST,19.112056,72.857545,
MULUND COURT,Bus,BEST,19.174501,72.958115,
"SASOON DOCK, COLABA FIRE STATION",Bus,BEST,18.915479,72.825714,
BANDRA TALKIES,Bus,BEST,19.059383,72.835849,
GOVIND NAGAR JUNCTION,Bus,BEST,19.232901,72.851631,
SANSKRITI APARTMENT,Bus,BEST,19.213132,72.863502,
VAZIRA NAKA,Bus,BEST,19.230376,72.844033,
KUNCHI KURVE NAGAR,Bus,BEST,19.077616,72.869814,
LOKMANYA TILAK NAGAR (GOREGAON-W),Bus,BEST,19.16318,72.841799,
PARSIK NAGAR,Bus,BEST,19.204777,73.007058,
KUMBHARWADA (CHEMBUR),Bus,BEST,19.054281,72.891916,
NAGBABA MANDIR (KAILAS COMPLEX),Bus,BEST,19.114194,72.91759,
SHIVAJI NAGAR (BORIVALI -W),Bus,BEST,19.245848,72.854048,
JAIN MANDIR (GHODBUNDER RD),Bus,BEST,19.285266,72.899632,
JAGDUSHA NAGAR,Bus,BEST,19.099583,72.908471,
VARSHA NAGAR,Bus,BEST,19.107048,72.917222,
FOUR BUNGALOWS,Bus,BEST,19.129471,72.824923,
RANI LAXMIBAI CHOWK (SION),Bus,BEST,19.045758,72.863505,
"PAREL VILLAGE, ST.GORA KUMBHAR CHOWK",Bus,BEST,19.000794,72.845637,
BHANDUP PUMPING CENTRE,Bus,BEST,19.153885,72.956452,
M.I.G.COLONY (KALA NAGAR),Bus,BEST,19.056183,72.847651,
ADARSH NAGAR (JOGESHWARI-W),Bus,BEST,19.145736,72.830528,
ASHA USHA COMPANY,Bus,BEST,19.107781,72.92395,
NEHRU PLANETARIUM (WORLI),Bus,BEST,18.989921,72.81383,
VIJAY PRINTING PRESS (SAKI NAKA),Bus,BEST,19.101707,72.884693,
MASTER WADI,Bus,BEST,19.15238,72.790378,
HUTATMA CHOWK,Bus,BEST,18.934509,72.831129,
KETAKI PADA,Bus,BEST,19.255857,72.869337,
JUHU BEACH,Bus,BEST,19.096895,72.827002,
"ADITYA APARTMENT, CHIKOOWADI",Bus,BEST,19.220554,72.840921,
GOPAL NAGAR (WORLI),Bus,BEST,19.006235,72.823352,
BEHRAM BAUG,Bus,BEST,19.14677,72.836563,
RAMKRISHNA MISSION (KHAR-W),Bus,BEST,19.074469,72.83428,
MAHALAXMI STATION,Bus,BEST,18.982222,72.823628,
BHUTTA COLLEGE,Bus,BEST,19.108139,72.848415,
VAIBHAV ASAVARI SOCIETY (WARE HOUSE),Bus,BEST,19.106514,72.86671,
SWAMI VIVEKANAND CHOWK (THANE),Bus,BEST,19.181755,72.967775,
RAMESH NAGAR (ANDHERI-W),Bus,BEST,19.132031,72.842943,
ANUSHAKTI NAGAR BUS STATION,Bus,BEST,19.042438,72.926482,
"HANUMAN MANDIR (DADAR-W), D SILVA SCHOOL",Bus,BEST,19.01968,72.839954,
STATE BANK (SAKI NAKA),Bus,BEST,19.107003,72.888055,
FORTIS HOSPITAL,Bus,BEST,19.162368,72.9424,
MARINE LINES RAILWAY STATION,Bus,BEST,18.945372,72.824427,
GAUTAM NAGAR (KANDIVALI-E),Bus,BEST,19.2002,72.8784,
ABHINAV NAGAR,Bus,BEST,19.2318833,72.8682333,
CHHEDA NAGAR,Bus,BEST,19.068911,72.904709,
MAHARANA PRATAP CHOWK (MAZGAON),Bus,BEST,18.969315,72.840759,
DAHISAR CHECK NAKA,Bus,BEST,19.257755,72.871895,
BANWARI COMPOUND,Bus,BEST,19.045686,72.847696,
PARSIWADA (CHAKALA),Bus,BEST,19.10883,72.855932,
MUNICIPAL SCHOOL (ANTOP HILL),Bus,BEST,19.025524,72.868788,
PLAY HOUSE,Bus,BEST,18.962563,72.822314,
VIVEKANAND NAGAR (BELAPUR),Bus,BEST,19.023739,73.044519,
B.M.C.OFFICE-VIKHROLI,Bus,BEST,19.117032,72.926143,
BHANDUP VILLAGE (W),Bus,BEST,19.151662,72.943295,
GENERAL ARUN KUMAR VAIDYA MARG JUNCTION (GOREGAON-E),Bus,BEST,19.173967,72.858458,
"KHAR, 14TH ROAD",Bus,BEST,19.072453,72.83278,
NAVAPADA (VIDYAVIHAR-W),Bus,BEST,19.082476,72.889919,
GOREGAON STATION (E),Bus,BEST,19.165597,72.850543,
PRINCESS STREET (KALBADEVI),Bus,BEST,18.946585,72.827141,
PAI NAGAR (BORIVALI -W),Bus,BEST,19.234439,72.855025,
SANKALP SOCIETY,Bus,BEST,19.176371,72.87904,
LOKMANYA TILAK HOSPITAL (SION),Bus,BEST,19.036234,72.860185,
"SHEETAL NAGAR, MTNL (MIRA ROAD)",Bus,BEST,19.283462,72.86368,
KURLA BUS STATION (E),Bus,BEST,19.064647,72.880349,
CITYLIGHT CINEMA,Bus,BEST,19.030206,72.841713,
KELKAR COLLEGE,Bus,BEST,19.162847,72.956746,
"KONDIVITA CAVES, MAHAKALI CAVES",Bus,BEST,19.130557,72.872761,
PRESIDENT HOTEL,Bus,BEST,18.915206,72.822563,
MAHESHWARI UDYAN (KINGS CIRCLE),Bus,BEST,19.028437,72.858718,
NEW D.N.NAGAR,Bus,BEST,19.118173,72.829893,
SHANGRILA COMPANY,Bus,BEST,19.154236,72.937553,
FOUR BUNGALOWS,Bus,BEST,19.130185,72.825721,
BANDRA RAILWAY TERMINUS,Bus,BEST,19.062603,72.841547,
MOVIE TIME CINEMA (MALAD-W),Bus,BEST,19.188985,72.835049,
PRATAP SOCIETY (ANDHERI-W),Bus,BEST,19.130002,72.822832,
RANI LAXMIBAI CHOWK (SION),Bus,BEST,19.040987,72.862643,
WADALA TRUCK TERMINAL,Bus,BEST,19.034561,72.874265,
"VANITA SAMAJ, CHAITYABHOOMI",Bus,BEST,19.027113,72.836776,
HINDMATA CINEMA (PAREL),Bus,BEST,19.009835,72.842297,
ADHYA SHANKARACHARYA UDYAN,Bus,BEST,19.008154,72.816008,
YASHWANTRAO CHAVAN MARG JUNCTION(VASHI),Bus,BEST,19.068889,72.997851,
TAGORE NAGAR JUNCTION (KANJURMARG-E),Bus,BEST,19.124902,72.932101,
SARVODAYA HOSPITAL (GHATKOPAR-W),Bus,BEST,19.088932,72.907163,
RAM BAUG (GOREGAON-W),Bus,BEST,19.163244,72.843415,
AMAR TALKIES,Bus,BEST,19.052444,72.910775,
MAHESHWARI UDYAN (KINGS CIRCLE),Bus,BEST,19.027668,72.856267,
JUHU HOTEL,Bus,BEST,19.10444,72.828754,
LOWER PAREL STATION,Bus,BEST,18.996764,72.831385,
DR.M.IQBAL CHOWK (J J HOSPITAL),Bus,BEST,18.962624,72.831876,
SHANTI NAGAR (KALINA),Bus,BEST,19.073946,72.849597,
KALINA,Bus,BEST,19.077883,72.861928,
DR.SUCHAK CHOWK,Bus,BEST,19.188353,72.849968,
TERNA VIDYALAYA (NERUL),Bus,BEST,19.038467,73.014583,
GANESH MANDIR (ASALPHA),Bus,BEST,19.095498,72.900613,
INDIAN OIL (SAHAR),Bus,BEST,19.102948,72.871198,
INDIAN OIL OFFICE (BKC),Bus,BEST,19.060141,72.864275,
VIJAY PRINTING PRESS,Bus,BEST,19.101499,72.88456,
KARTVYA NAGAR,Bus,BEST,19.007966,72.859186,
GUNDECHA PARK,Bus,BEST,19.21248,72.877606,
NAVY NAGAR (COLABA),Bus,BEST,18.907479,72.808663,
NANA CHOWK,Bus,BEST,18.96214,72.812316,
MATUNGA STATION (W),Bus,BEST,19.0317,72.849321,
ANITA NAGAR,Bus,BEST,19.197148,72.875854,
BORIVALI (W) STATION,Bus,BEST,19.229543,72.856255,
BEHRAM BAUG,Bus,BEST,19.145749,72.836631,
AHILYABAI HOLKAR CHOWK,Bus,BEST,18.932591,72.827798,
SEWREE COURT,Bus,BEST,18.996453,72.852849,
K.C.COMPANY (BHANDUP-W),Bus,BEST,19.158897,72.933436,
FERRY WHARF,Bus,BEST,18.956935,72.849399,
SANTOSH NAGAR (DINDOSHI),Bus,BEST,19.16898,72.875612,
BORIVALI (E) STATION,Bus,BEST,19.229851,72.857663,
TWO TANKS,Bus,BEST,18.961872,72.828582,
SATYA SAIBABA MANDIR (MAHAKALI CAVES RD),Bus,BEST,19.129381,72.869672,
VIKAS NAGAR SOCIETY (ANDHERI-E),Bus,BEST,19.128897,72.860348,
BORIVALI (W)STATION (JAYA TALKIES),Bus,BEST,19.227835,72.855705,
DNYANODAY VIDYALAYA,Bus,BEST,19.207069,72.950564,
KINNARI HALL (KANNAMWAR NAGAR),Bus,BEST,19.11127,72.934384,
BABASAHEB WORLIKAR CHOWK (CENTURY BAZAAR),Bus,BEST,19.012732,72.824685,
SHREE KRISHNA NAGAR (BORIVALI -E),Bus,BEST,19.2328,72.8645333,
JIJAMATA UDYAN (BYCULLA),Bus,BEST,18.981046,72.834236,
MAROL BHAVAN,Bus,BEST,19.102477,72.888266,
LALLUBHAI COMPOUND POLICE CHOWKY,Bus,BEST,19.053152,72.927259,
KISAN NAGAR JUNCTION,Bus,BEST,19.193409,72.953893,
J.V.P.D.BUS STATION,Bus,BEST,19.116033,72.831387,
KHERANI BAUG,Bus,BEST,19.103239,72.897836,
RAJ BUCKET FACTORY,Bus,BEST,19.288081,72.889736,
K.C.COLLEGE,Bus,BEST,18.927975,72.828182,
ELIA SARVAT JUNIOR COLLEGE,Bus,BEST,19.1872667,72.8248167,
"PADMASHREE MOHAMMED RAFI CHOWK, BANDRA (W)",Bus,BEST,19.054713,72.837715,
"SWAMI NARAYAN CHOWK, DADAR STATION -E",Bus,BEST,19.018175,72.844505,
DHAKE COLONY,Bus,BEST,19.127742,72.832367,
CRICKET CLUB OF INDIA,Bus,BEST,18.930699,72.822597,
PATLI PADA,Bus,BEST,19.245779,72.975625,
VIKHROLI STATION ROAD (E),Bus,BEST,19.108614,72.932237,
SHANTI ASHRAM (BORIVALI-W),Bus,BEST,19.24251,72.846108,
MAHARANA PRATAP CHOWK (MAZGAON),Bus,BEST,18.968458,72.841415,
MAHAVIR NAGAR -EXTENSION (KANDIVLI-W),Bus,BEST,19.214707,72.837996,
MHADA COLONY (ANDHERI-W),Bus,BEST,19.134133,72.826279,
KUMBHARWADA (CHEMBUR),Bus,BEST,19.054019,72.891698,
"B.D.PATIL MARG, HPCL",Bus,BEST,19.01942,72.898,
JAIN MANDIR (KANDIVALI-W),Bus,BEST,19.201949,72.849103,
VICEROY PARK,Bus,BEST,19.2118,72.872946,
CHARKOP SECTOR 6,Bus,BEST,19.216276,72.833839,
ANNABHAU SATHE CHOWK (THANE),Bus,BEST,19.200781,72.949071,
KAJUPADA (GHODBUNDER ROAD),Bus,BEST,19.278596,72.922467,
V.J.T.I.COLLEGE,Bus,BEST,19.022112,72.856698,
KHODADAD CIRCLE (DADAR TT),Bus,BEST,19.016731,72.847213,
KRISHNA BUILDING (MALAD-W),Bus,BEST,19.187236,72.839804,
NAVRANG HOTEL,Bus,BEST,19.039374,73.067326,
DON BOSCO VIDYALAYA (NERUL),Bus,BEST,19.01758,73.014424,
R.B.I. COLONY (ANDHERI-E),Bus,BEST,19.11111,72.862117,
MULUND RAILWAY STATION (W),Bus,BEST,19.17365,72.95625,
RABALE NAKA,Bus,BEST,19.142597,73.002374,
MAHIM,Bus,BEST,19.041065,72.841002,
MOTILAL NAGAR NO.2,Bus,BEST,19.163438,72.8358,
DAHISAR PHATAK (W),Bus,BEST,19.247567,72.859183,
SHIVAJI CHOWK (NERUL),Bus,BEST,19.044246,73.022983,
HOLY ANGEL S SCHOOL,Bus,BEST,19.173751,72.963848,
MAHIM STATION (W),Bus,BEST,19.03928,72.847017,
MUNICIPAL HOSPITAL (BORIVALI -W),Bus,BEST,19.252554,72.858714,
LOKMANYA TILAK HOSPITAL (SION),Bus,BEST,19.037364,72.861002,
HOLY FAMILY HOSPITAL (BANDRA-W),Bus,BEST,19.054851,72.827805,
GHODBUNDER VILLAGE JUNCTION,Bus,BEST,19.286935,72.893913,
G.T.HOSPITAL,Bus,BEST,18.94563,72.831396,
ISHWARBHAI PATEL ROAD,Bus,BEST,19.161109,72.853532,
JUHU BUS STATION,Bus,BEST,19.10667,72.826842,
KHARGHAR RAILWAY STATION (SUBWAY),Bus,BEST,19.027283,73.057696,
BIRLA COMPANY,Bus,BEST,19.136574,72.929656,
"REGENCY GARDEN, SBI",Bus,BEST,19.04467,73.063871,
GANDHI NAGAR (THANE),Bus,BEST,19.218569,72.969346,
ADARSH NAGAR (JOGESHWARI-W),Bus,BEST,19.145936,72.831887,
EVERARD SOCIETY,Bus,BEST,19.049387,72.877582,
ESIC NAGAR,Bus,BEST,19.121136,72.829692,
MOUNT POINSUR CHURCH,Bus,BEST,19.244239,72.851747,
SHILP CHOWK,Bus,BEST,19.046094,73.069658,
HEALTH CENTRE (VIDYANAGARI),Bus,BEST,19.072886,72.860249,
CHARKOP VILLAGE,Bus,BEST,19.2086833,72.8191333,
ATMARAM NAGAR (SRUSHTI),Bus,BEST,19.264548,72.87094,
KURLA BUS STATION (E),Bus,BEST,19.064846,72.880615,
"ACHARYA GARDEN, DIAMOND GARDEN",Bus,BEST,19.052035,72.901455,
"REKHA SADAN, JAIN MANDIR (WALKESHWAR)",Bus,BEST,18.948558,72.797906,
BANK OF BARODA (JOGESHWARI -E),Bus,BEST,19.136771,72.853452,
CHAKALA CIGARETTE FACTORY,Bus,BEST,19.106673,72.859126,
BABASAHEB WORLIKAR CHOWK (CENTURY BAZAAR),Bus,BEST,19.012505,72.823071,
"GARODIA NAGAR, R.T.O",Bus,BEST,19.072454,72.908299,
MAROL MAROSHI BUS STATION,Bus,BEST,19.11672,72.88002,
JOGESHWARI VIKHROLI LINK ROAD (KANJURMARG-E),Bus,BEST,19.124243,72.937909,
SIDDHIVINAYAK MANDIR (PRABHADEVI),Bus,BEST,19.017886,72.832081,
BRAHMAND AZAD NAGAR,Bus,BEST,19.241,72.975548,
"KOPAR KHAIRANE, SECTOR 15",Bus,BEST,19.102115,73.004055,
ACHARYA ATRE CHOWK (WORLI NAKA),Bus,BEST,18.998597,72.817849,
YERALA MEDICAL CENTRE,Bus,BEST,19.031753,73.060614,
SHETHIYA NAGAR,Bus,BEST,19.097706,72.887859,
VAISHALI NAGAR (MULUND-W),Bus,BEST,19.18713,72.945583,
SWAMI NARAYAN MANDIR (GHATKOPAR-E),Bus,BEST,19.077342,72.909656,
BHAKTI PARK MONO RAIL STATION,Bus,BEST,19.028482,72.877336,
"A.H.ANSARI CHOWK, NEW NAGPADA",Bus,BEST,18.966401,72.832624,
BHAYANDER STATION (E),Bus,BEST,19.312292,72.853463,
TECHNIMONT I.C.B.HOUSE,Bus,BEST,19.181206,72.833533,
POWAI VIHAR COMPLEX,Bus,BEST,19.119475,72.904083,
KHINDIPADA (DARGAH),Bus,BEST,19.1663833,72.9286667,
AGARI PADA (AAREY COLONY),Bus,BEST,19.15895,72.8807667,
ANAND NAGAR (GHODBUNDER ROAD),Bus,BEST,19.264416,72.967617,
DR.K.B.HEDGEWAR CHOWK BHANDUP SONAPUR,Bus,BEST,19.161581,72.937714,
MERCHANT BROTHERS,Bus,BEST,19.20757,72.824812,
IMAX CINEMA,Bus,BEST,19.030299,72.880109,
GURUNANAK VIDYALAYA (ANDHERI-E),Bus,BEST,19.129938,72.863066,
GARTAN PADA,Bus,BEST,19.252261,72.867912,
NEHRU PLANETARIUM (WORLI),Bus,BEST,18.988981,72.813745,
KALAMBOLI,Bus,BEST,19.026251,73.102017,
DONGARI PADA,Bus,BEST,19.251028,72.973228,
SATHAYE COLLEGE (VILE PARLE-E),Bus,BEST,19.097633,72.848982,
SHIVAJI NAGAR (GOVANDI) TERMINUS,Bus,BEST,19.06056,72.92549,
VIKHROLI COURT,Bus,BEST,19.116103,72.936541,
AMBAJI DHAM,Bus,BEST,19.178051,72.949881,
CHAKALA MARKET,Bus,BEST,18.949463,72.834906,
"GOTHIVALI VILLAGE, TELEPHONE EXCHANGE",Bus,BEST,19.137755,73.003085,
GOREGAON STATION (E),Bus,BEST,19.164549,72.850905,
SHANTI NAGAR (KANDIVALI-W),Bus,BEST,19.206601,72.834845,
DHARAMSHI HALL,Bus,BEST,19.226489,72.855097,
AIROLI OCTROI NAKA,Bus,BEST,19.153867,72.961908,
MAITRI PARK,Bus,BEST,19.050274,72.904848,
PAWAR NAGAR BUS STATION (THANE),Bus,BEST,19.228868,72.966284,
GOVANDI STATION ROAD (W),Bus,BEST,19.056158,72.914841,
SHOPPERS STOP (ANDHERI-W),Bus,BEST,19.116275,72.842583,
GHANSOLI VILLAGE,Bus,BEST,19.122696,72.999451,
MAROL MAROSHI BUS STATION,Bus,BEST,19.11803,72.880152,
ST.LAWRENCE HIGH SCHOOL (KANDIVALI-E),Bus,BEST,19.23943,72.847232,
ACHARYA ATRE CHOWK (WORLI NAKA),Bus,BEST,18.999292,72.817621,
SHREYAS CINEMA,Bus,BEST,19.092294,72.911115,
COMRADE GULABRAO GANACHARYA CHOWK,Bus,BEST,18.98595,72.831868,
"VADAVALI VILLAGE, BORLA SOCIETY",Bus,BEST,19.04609,72.90123,
RAMASHRAM (POWAI),Bus,BEST,19.120151,72.899702,
JUIPADA VILLAGE,Bus,BEST,19.051069,73.016877,
NELCO,Bus,BEST,19.117208,72.862684,
PRASANNA JEEVAN SOCIETY,Bus,BEST,19.230577,72.847904,
MORA VILLAGE,Bus,BEST,19.117831,72.821436,
NERUL BUS STATION,Bus,BEST,19.03982,73.019903,
SAMARTH NAGAR (JOGESHWARI-E),Bus,BEST,19.136982,72.859583,
CHARAT SINGH COLONY,Bus,BEST,19.111391,72.864189,
"DNYANSADHANA COLLEGE, KOPARI",Bus,BEST,19.184728,72.965189,
"AAREY POLICE STATION, CHHOTA KASHMIR",Bus,BEST,19.162717,72.87128,
KIDWAI NAGAR,Bus,BEST,19.009453,72.854056,
BANK OF INDIA (BKC),Bus,BEST,19.061006,72.860408,
RAJASHREE CINEMA,Bus,BEST,19.25093,72.863737,
SUYASH SHOPPING CENTRE,Bus,BEST,19.176027,72.877595,
SHAHU NAGAR (DHARAVI),Bus,BEST,19.040069,72.851196,
M.I.G.COLONY (KALA NAGAR),Bus,BEST,19.056364,72.847651,
BAINGANWADI,Bus,BEST,19.058482,72.924816,
LOKMANYA TILAK HOSPITAL (SION),Bus,BEST,19.035465,72.857488,
MALAD STATION (W),Bus,BEST,19.185453,72.848353,
GOREGAON-MULUND LINK ROAD (MULUND-W),Bus,BEST,19.160335,72.946774,
ASHOK VIHAR,Bus,BEST,19.117717,72.887185,
AMULAKH HIGH SCHOOL,Bus,BEST,19.024589,72.860354,
SARVODAYA HOSPITAL (GHATKOPAR-W),Bus,BEST,19.09232,72.908435,
VAKOLA POLICE STATION,Bus,BEST,19.080251,72.849469,
"SPECIAL STEEL, RAJENDRA NAGAR",Bus,BEST,19.221227,72.863174,
MULUND RAILWAY STATION (W),Bus,BEST,19.174013,72.954435,
BHAJI MARKET,Bus,BEST,19.307168,72.849755,
BHANDUP STATION (E),Bus,BEST,19.142483,72.939151,
POSTAL COLONY (CHEMBUR),Bus,BEST,19.061635,72.894003,
JIJAMATA NAGAR (WORLI),Bus,BEST,18.993115,72.820219,
TURBHE NAKA (JANATA MARKET),Bus,BEST,19.068946,73.019486,
MAHARASHTRA WEIGHT BRIDGE (SION),Bus,BEST,19.05381,72.867984,
AGRA ROAD NAKA (MULUND-W),Bus,BEST,19.177816,72.94333,
MARATHON CHOWK (TEEN HATH NAKA),Bus,BEST,19.187736,72.962831,
CUMBALA HILL POST OFFICE,Bus,BEST,18.969627,72.809309,
QUINSCENT HEIGHTS,Bus,BEST,19.178549,72.832508,
MARATHON CHOWK (TEEN HATH NAKA),Bus,BEST,19.187971,72.962612,
WAGLE ESTATE POST OFFICE,Bus,BEST,19.185947,72.958153,
VAISHALI NAGAR (DAHISAR-E),Bus,BEST,19.251001,72.873474,
MUKESH CHOWK (KEMPS CORNER),Bus,BEST,18.964418,72.804063,
RAJ PARK,Bus,BEST,19.205021,73.007182,
MOVIE STAR TALKIES (GOREGAON-W),Bus,BEST,19.1517833,72.8465,
SARAF CHOUDHARI NAGAR,Bus,BEST,19.208949,72.86322,
MILLENNIUM BUSINESS PARK (MAHAPE),Bus,BEST,19.113919,73.016385,
"DR.AMBEDKAR UDYAN, POWAI",Bus,BEST,19.125552,72.893427,
KAMALA NEHRU PARK (MALABAR HILL),Bus,BEST,18.955023,72.804518,
SU PUMPS (MULUND-WEST),Bus,BEST,19.1846,72.9433833,
SHRIMATI MOTIBEN DALVI HOSPITAL,Bus,BEST,18.95838,72.810411,
GOLDEN CHEMICALS (DAHISAR-E),Bus,BEST,19.263041,72.873794,
SANTACRUZ STATION (E),Bus,BEST,19.081223,72.842465,
PARSIK BANK (NERUL),Bus,BEST,19.040624,73.021082,
WADALA TRUCK TERMINAL,Bus,BEST,19.03457,72.874369,
AAREY UNIT NO.10 (CENTRAL DAIRY),Bus,BEST,19.157856,72.868905,
MAHIM,Bus,BEST,19.040415,72.841202,
M.T.PARK,Bus,BEST,18.907419,72.811795,
CHUNABHATTI,Bus,BEST,19.052084,72.867453,
PRATHAMESH COMPLEX,Bus,BEST,19.137547,72.837416,
GANDHI NAGAR (THANE),Bus,BEST,19.218668,72.969393,
KHARGHAT ROAD,Bus,BEST,19.0192,72.8512,
VIKHROLI BUS STATION (E),Bus,BEST,19.110185,72.929481,
LOKMANYA NAGAR (THANE),Bus,BEST,19.209002,72.951496,
RAM GANESH GADKARI CHOWK,Bus,BEST,19.024342,72.839969,
SAHYADRI GUEST HOUSE (MALABAR HILL),Bus,BEST,18.953269,72.802962,
BANGUR HALL,Bus,BEST,19.165703,72.832879,
FIRE BRIGADE JUNCTION (ANTOP HILL),Bus,BEST,19.025867,72.868513,
MAITRI PARK,Bus,BEST,19.049895,72.904867,
HANUMAN MANDIR (BHANDUP-W),Bus,BEST,19.151706,72.933247,
GURU NANAK NAGAR (GHATKOPAR-W),Bus,BEST,19.085187,72.892835,
AIROLI SECTOR 5,Bus,BEST,19.147955,72.998886,
FREE PRESS JOURNAL MARG,Bus,BEST,18.923102,72.823752,
RANI LAXMIBAI CHOWK (SION),Bus,BEST,19.044746,72.864142,
BHAKTI PARK GATE (ANIK),Bus,BEST,19.033334,72.878796,
VIKHROLI POLICE STATION,Bus,BEST,19.120368,72.936959,
SARASWATI VIDYAMANDIR (MAHIM),Bus,BEST,19.034276,72.847818,
VASANTRAO NAIK CHOWK (TARDEO),Bus,BEST,18.969432,72.815149,
GAVDEVI MANDIR (THANE),Bus,BEST,19.184538,72.972491,
MAROL PIPELINE,Bus,BEST,19.110989,72.872153,
MAJIWADA,Bus,BEST,19.215614,72.978133,
JOGESHWARI (W) BUS STATION,Bus,BEST,19.133606,72.84757,
BKC TELEPHONE EXCHANGE,Bus,BEST,19.071167,72.87264,
SASOON DOCK,Bus,BEST,18.914882,72.824841,
BEST COLONY (BHOIWADA),Bus,BEST,19.005385,72.848408,
LOKMANYA TILAK HOSPITAL (SION),Bus,BEST,19.037021,72.861116,
CENTRAL RAILWAY GOODS,Bus,BEST,18.960527,72.84331,
BANDRA (E) PHATAK,Bus,BEST,19.057209,72.841333,
KRISHNA NAGAR (SAKI NAKA),Bus,BEST,19.099107,72.887859,
SANTACRUZ POLICE STATION,Bus,BEST,19.08288,72.834463,
EKTA BHOOMI COMPLEX,Bus,BEST,19.212675,72.838587,
VIVEK VIDYALAYA,Bus,BEST,19.158619,72.843703,
NEW INDIA BANK,Bus,BEST,19.281761,72.860409,
BKC TELEPHONE EXCHANGE,Bus,BEST,19.07151,72.871975,
JANTA NAGAR (KANDIVALI-E),Bus,BEST,19.213095,72.86083,
"TRACTOR GATE NO.3, VASA HOSPITAL",Bus,BEST,19.200733,72.871573,
HUTATMA CHOWK,Bus,BEST,18.933957,72.830237,
DAHISAR MARKET,Bus,BEST,19.25595,72.858018,
"AAREY UNIT NO.6, MARKET",Bus,BEST,19.157841,72.874524,
SAIBABA MANDIR (KANDIVALI-W),Bus,BEST,19.21807,72.828702,
SAIKRUPA NAGAR,Bus,BEST,19.196354,72.80646,
GOREGAON STATION (E),Bus,BEST,19.165407,72.850487,
"VASHI NAKA (CHEMBUR), M.M.R.D.A COLONY",Bus,BEST,19.031076,72.902717,
SARVODAYA HOSPITAL (GHATKOPAR-W),Bus,BEST,19.08848,72.906736,
VAKOLA POLICE STATION,Bus,BEST,19.080448,72.845468,
"MOUNT CARMEL CHURCH, LILAVATI HOSPITAL",Bus,BEST,19.051419,72.828882,
MAHESHWARI UDYAN (KINGS CIRCLE),Bus,BEST,19.02548,72.854217,
KHADI BHANDAR,Bus,BEST,18.937258,72.834165,
CHHATRAPATI SHIVAJI MAHARAJ TERMINUS(CSMT),Bus,BEST,18.941134,72.834789,
MARVA INDUSTRIAL ESTATE,Bus,BEST,19.111727,72.886599,
G.T.HOSPITAL,Bus,BEST,18.945386,72.83113,
VESAVA-YARI ROAD BUS STATION,Bus,BEST,19.13954,72.80847,
"NOVELTY CINEMA, DR.BHADKAMKAR ROAD",Bus,BEST,18.961919,72.818697,
ANDHERI STATION (W),Bus,BEST,19.119132,72.846221,
ZULELAL CHOWK,Bus,BEST,19.142995,72.824617,
HICKSON & DADAJEE,Bus,BEST,19.16737,72.854203,
GAIWADI,Bus,BEST,18.95323,72.821278,
SONAWALA BUILDING,Bus,BEST,18.967293,72.816813,
MANTRALAYA,Bus,BEST,18.927314,72.825847,
AMRAPALI SOCIETY,Bus,BEST,19.181409,72.815164,
ANAND NAGAR MARKET,Bus,BEST,19.255818,72.864629,
VARTAK NAGAR,Bus,BEST,19.210185,72.961804,
CROMPTON GREAVES,Bus,BEST,19.134379,72.93497,
JALVAYU VIHAR (POWAI),Bus,BEST,19.117651,72.905453,
KAMLADEVI JAIN HIGH SCHOOL,Bus,BEST,19.133404,72.828779,
WADALA CHURCH,Bus,BEST,19.01932,72.856662,
"A.H.ANSARI CHOWK, NEW NAGPADA",Bus,BEST,18.968768,72.833182,
INTERFACE BUILDING-16,Bus,BEST,19.184166,72.829652,
NANA CHOWK,Bus,BEST,18.961336,72.813409,
PRARTHANA SAMAJ,Bus,BEST,18.957132,72.819983,
JAIHIND CINEMA,Bus,BEST,18.985375,72.835325,
SANT GADGE MAHARAJ CHOWK,Bus,BEST,18.980707,72.826877,
EVERARD NAGAR,Bus,BEST,19.051691,72.876916,
NEHRU PLANETARIUM (WORLI),Bus,BEST,18.988439,72.813793,
"MALVANI VILLAGE, MALVANI CHURCH",Bus,BEST,19.196355,72.808333,
SUNDERVAN (ANDHERI-W),Bus,BEST,19.136915,72.825563,
KAMANI,Bus,BEST,19.084136,72.884131,
MADKEBUWA CHOWK (PAREL),Bus,BEST,19.002469,72.838475,
PRABODHANKAR THACKERAY UDYAN BUS STATION (SEWREE),Bus,BEST,18.998196,72.852363,
RANI LAXMIBAI CHOWK (SION),Bus,BEST,19.041367,72.862909,
"JITENDRA MARG, MALAD PHATAK",Bus,BEST,19.183511,72.850028,
S.K.RESORT (BORIVALI -W),Bus,BEST,19.239247,72.842495,
"BHOIWADA, MANE MASTER CHOWK",Bus,BEST,19.005373,72.844637,
INORBIT MALL,Bus,BEST,19.170231,72.835329,
KASTURI ESTATE,Bus,BEST,19.301183,72.857219,
AAREY UNIT NO.13 (CENTRAL DAIRY),Bus,BEST,19.156117,72.865665,
SAMATA NAGAR BUS STATION (KANDIVALI-E),Bus,BEST,19.206911,72.869573,
HOLY ANGEL S SCHOOL,Bus,BEST,19.173851,72.963895,
DR.COOPER HOSPITAL,Bus,BEST,19.108096,72.836963,
VIVEKANAND NAGAR (BELAPUR),Bus,BEST,19.023667,73.044405,
NARAYAN NAGAR (GHATKOPAR-E),Bus,BEST,19.085829,72.894991,
NIRMAL BUILDING,Bus,BEST,18.928684,72.821517,
"J.V.P.D, SAURASHTRA SOCIETY",Bus,BEST,19.114812,72.83002,
MAROL MAROSHI BUS STATION,Bus,BEST,19.117922,72.880228,
GHATKOPAR STATION (E),Bus,BEST,19.085066,72.908542,
GARLIC COMPANY,Bus,BEST,18.978712,72.828654,
JARIMARI (SAKINAKA),Bus,BEST,19.093585,72.883148,
A.P.M.C SECTOR 26,Bus,BEST,19.086565,73.011985,
CHAKALA,Bus,BEST,19.11492,72.858427,
MINERVA TALKIES,Bus,BEST,18.964584,72.818553,
TAKSHILA,Bus,BEST,19.129489,72.868189,
RETREAT HOTEL (MADH),Bus,BEST,19.153734,72.789369,
SURUCHI,Bus,BEST,19.207649,72.864514,
C.K.P.COLONY,Bus,BEST,19.232302,72.846743,
KHARI GAON,Bus,BEST,19.30542,72.857854,
TEMBIPADA,Bus,BEST,19.156151,72.929843,
JUHU VILLAGE (NAVI MUMBAI),Bus,BEST,19.086811,73.003196,
KHODADAD CIRCLE (DADAR TT),Bus,BEST,19.01636,72.846472,
KURLA STATION (W),Bus,BEST,19.06714,72.879255,
SAMBHAJI NAGAR (VILE PARLE-E),Bus,BEST,19.099876,72.853932,
KHERWADI (BANDRA-E),Bus,BEST,19.062217,72.846441,
BYCULLA STATION (W),Bus,BEST,18.97698,72.832169,
GARWARE CHOWK,Bus,BEST,19.109958,72.852899,
SAIBABA MANDIR (SAMATA NAGAR),Bus,BEST,19.205801,72.871628,
ST.XAVIER S HIGH SCHOOL (KASHIMIRA),Bus,BEST,19.2695167,72.8883167,
NARMADESHWAR MANDIR,Bus,BEST,19.041247,72.938604,
"KAMAL BAUG, 14TH BUNGALOWS -(MADH)",Bus,BEST,19.15572,72.788036,
NEW SHAKTI MILL,Bus,BEST,19.200681,72.975611,
BABASAHEB WORLIKAR CHOWK (CENTURY BAZAAR),Bus,BEST,19.012486,72.822444,
R.C.F.(CHEMBUR) HOSTEL,Bus,BEST,19.039249,72.893423,
ICICI BANK (BKC),Bus,BEST,19.064647,72.861327,
TATA PRESS (NERUL),Bus,BEST,19.03913,73.028738,
BHARATI VIDYAPITH,Bus,BEST,19.026416,73.056802,
SIDDHARTH NAGAR (THANE),Bus,BEST,19.182505,72.970675,
STANDARD ALKALI COMPANY,Bus,BEST,19.119776,73.006388,
RAM BHAVAN,Bus,BEST,19.090449,72.904017,
GURU TEG BAHADUR NAGAR STATION,Bus,BEST,19.037094,72.862788,
"BANDRA TALKIES, SHROFF EYE HOSPITAL",Bus,BEST,19.06101,72.837149,
"GARWARE CHOWK, KOLDONGRI NO.2",Bus,BEST,19.109415,72.852035,
TEEN BAKDA (WALKESHWAR),Bus,BEST,18.953616,72.806902,
MANTRALAYA,Bus,BEST,18.927855,72.824868,
GHATKOPAR STATION (E),Bus,BEST,19.083809,72.90573,
GHATKOPAR BUS STATION,Bus,BEST,19.088094,72.918338,
JOGESHWARI (E) POLICE STATION,Bus,BEST,19.138832,72.855114,
CROMPTON GREAVES,Bus,BEST,19.13446,72.934885,
ANNABHAU SATHE NAGAR (MANKHURD),Bus,BEST,19.056595,72.930213,
PANCHAVATI HOUSING SOCIETY,Bus,BEST,19.177913,72.855765,
"VIRWANI ESTATE, SARVODAYA NAGAR",Bus,BEST,19.17114,72.85903,
RABALE POLICE STATION,Bus,BEST,19.145895,73.000892,
PARVAT NAGAR,Bus,BEST,19.243539,72.860004,
"AMARNATH PATIL SPORT COMPLEX, BANGANGA",Bus,BEST,19.050521,72.914234,
ST.MARY S HIGH SCHOOL (MAZGAON),Bus,BEST,18.96989,72.83508,
GOREGAON TELEPHONE EXCHANGE,Bus,BEST,19.157542,72.856681,
CHAITANYA HOSPITAL,Bus,BEST,19.2903,72.863867,
FREE PRESS JOURNAL MARG,Bus,BEST,18.92463,72.825089,
VATSALABAI DESAI CHOWK (HAJI ALI),Bus,BEST,18.979965,72.812918,
SAFED POOL (SAKI NAKA),Bus,BEST,19.096503,72.883679,
"SARVODAYA, PARSHWANATH NAGAR (MULUND-W)",Bus,BEST,19.163868,72.947001,
NANA CHOWK,Bus,BEST,18.962049,72.812497,
NATASHA TOWER,Bus,BEST,19.126487,72.821266,
D.A.V.COLLEGE,Bus,BEST,19.138661,72.935692,
ANUSHAKTI NAGAR BUS STATION,Bus,BEST,19.042763,72.92651,
"MACCHIMAR NAGAR, RAHEJA HOSPITAL (MAHIM)",Bus,BEST,19.045501,72.841835,
MILLENNIUM BUSINESS PARK (MAHAPE),Bus,BEST,19.113892,73.016214,
VAKOLA MASJID,Bus,BEST,19.081637,72.855568,
MANTRALAYA,Bus,BEST,18.929327,72.824212,
MANTRALAYA,Bus,BEST,18.928749,72.824583,
PARSIK SHIV MANDIR,Bus,BEST,19.202989,73.004614,
RIDDHI SIDDHI,Bus,BEST,19.137274,72.810535,
GAONDEVI POLICE STATION,Bus,BEST,18.959763,72.812081,
NERUL NAKA,Bus,BEST,19.046404,73.025302,
NAVJEEVAN SOCIETY (CHEMBUR),Bus,BEST,19.048003,72.893315,
BHANDUP STATION (W) ROAD,Bus,BEST,19.145898,72.935776,
ANDHERI STATION (W),Bus,BEST,19.1212167,72.8459333,
INCOME TAX OFFICE (BKC),Bus,BEST,19.059051,72.854709,
GANESHMURTI NAGAR POLICE CHOWKY,Bus,BEST,18.910166,72.813264,
SAMRAT HOTEL (MATUNGA-E),Bus,BEST,19.030918,72.844857,
KANDIVALI STATION ROAD (W),Bus,BEST,19.205879,72.850003,
CHIKOOWADI,Bus,BEST,19.219748,72.838478,
THAKUR PAKHADI,Bus,BEST,19.234768,72.846018,
NEW GREEN WOOD GARDAN,Bus,BEST,19.2701667,72.8896,
SHITALADEVI TEMPLE (MAHIM),Bus,BEST,19.033965,72.842299,
KURAR VILLAGE,Bus,BEST,19.185865,72.858346,
S.K.RESORT (BORIVALI -W),Bus,BEST,19.239868,72.842885,
"SUMER HOUSE, SURAJ DIAMOND",Bus,BEST,19.121595,72.873583,
SHEETAL CINEMA (KURLA-W),Bus,BEST,19.082247,72.882089,
PRABODHANKAR THACKERAY CHOWK (DADAR-W),Bus,BEST,19.017699,72.835434,
"CHEMBUR LEVEL CROSSING, SHELL BRIDGE",Bus,BEST,19.06357,72.897641,
PERI CROSS ROAD,Bus,BEST,19.059953,72.823963,
JANATA MARKET (BHANDUP-W),Bus,BEST,19.142645,72.933077,
RANADE ROAD (DADAR-W),Bus,BEST,19.022019,72.837834,
DOMESTIC AIRPORT JUNCTION,Bus,BEST,19.097744,72.853677,
BANWARI COMPOUND,Bus,BEST,19.045631,72.847022,
VASHI SECTOR 19,Bus,BEST,19.084081,73.011909,
"SPECIAL STEEL, RAJENDRA NAGAR",Bus,BEST,19.221453,72.86403,
HOLY FAMILY HOSPITAL (BANDRA-W),Bus,BEST,19.054715,72.827577,
TUNGA VILLAGE,Bus,BEST,19.12135,72.891071,
GOREGAON (W) BUS STATION,Bus,BEST,19.163654,72.848643,
MONGINIS (ANDHERI-W),Bus,BEST,19.138456,72.831883,
BYCULLA STATION (W),Bus,BEST,18.976067,72.832037,
NAVJEEVAN VIDYAMANDIR (BHANDUP-W),Bus,BEST,19.151633,72.92992,
BANK OF MAHARASHTRA (KANDIVALI-W),Bus,BEST,19.213011,72.828393,
D MART SHOPPING CENTRE-MALAD-W,Bus,BEST,19.186167,72.83583,
"LALLUBHAI COMPOUND, DR.AMBEDKAR CHOWK",Bus,BEST,19.053803,72.927078,
BANDRA POLICE STATION,Bus,BEST,19.056103,72.835015,
NOORBAUG,Bus,BEST,18.9626,72.836966,
DADASAHEB PHALKE CHITRANAGRI,Bus,BEST,19.163258,72.887622,
RANI SATI MARG (MALAD-E) MUNICIPAL SCHOOL,Bus,BEST,19.183513,72.852386,
ST.PETER S CHURCH (BANDRA-W),Bus,BEST,19.05526,72.830551,
GOKHALE BRIDGE,Bus,BEST,19.115214,72.849645,
DATTAPADA PHATAK,Bus,BEST,19.224285,72.856629,
S.K.STONE (MIRA ROAD),Bus,BEST,19.285163,72.869635,
R.C.F.(CHEMBUR)OFFICE,Bus,BEST,19.038615,72.891096,
"YOGI NAGAR, JAYRAJ NAGAR (BORIVALI -W)",Bus,BEST,19.234556,72.840512,
J.V.P.D.BUS STATION,Bus,BEST,19.116168,72.831045,
LALLUBHAI COMPOUND POLICE CHOWKY,Bus,BEST,19.052691,72.927088,
SAMAJ MANDIR HALL (SION KOLIWADA),Bus,BEST,19.039156,72.86803,
GURU NANAK NAGAR (GHATKOPAR-W),Bus,BEST,19.085305,72.893395,
GANDHI MARKET (GHATKOPAR-E),Bus,BEST,19.081595,72.904438,
HARE RAM HARE KRISHNA (ISKCON),Bus,BEST,19.113,72.82609,
KHODADAD CIRCLE (DADAR TT),Bus,BEST,19.019045,72.848987,
MANKHURD OCTROI NAKA,Bus,BEST,19.057257,72.955276,
DONGRI,Bus,BEST,18.958073,72.835346,
JUMBO DARSHAN (ANDHERI-E),Bus,BEST,19.114267,72.852421,
"RAM GANESH GADKARI CHOWK, BALMOHAN VIDYALAY",Bus,BEST,19.02586,72.839503,
WADALA TRUCK TERMINAL (MAIN GATE),Bus,BEST,19.036452,72.880229,
SUNDAR GALLI (BYCULLA-W),Bus,BEST,18.976319,72.830432,
KAMOTHE JUNCTION,Bus,BEST,19.023796,73.098472,
RANA & SONS,Bus,BEST,19.210362,72.825951,
HUTATMA CHOWK,Bus,BEST,18.929864,72.829623,
HIRA MONGI NAVNEET HOSPITAL,Bus,BEST,19.171158,72.950395,
MALVANI BLOCK NO.6,Bus,BEST,19.189815,72.81992,
"NANA CHOWK, SHASTRI HALL",Bus,BEST,18.96383,72.813397,
NEW ERA TALKIES,Bus,BEST,19.182461,72.846948,
MOUNT MARY STEPS (MUNICIPAL GARDEN),Bus,BEST,19.04821,72.825977,
DHAKE COLONY,Bus,BEST,19.127715,72.83249,
VIKHROLI STATION ROAD (W),Bus,BEST,19.111648,72.925669,
ANTOP HILL,Bus,BEST,19.026625,72.866413,
NEW INDIA QUARTERS (ANDHERI-W),Bus,BEST,19.114073,72.839419,
FAMOUS STUDIO,Bus,BEST,18.985918,72.824014,
AANGAN,Bus,BEST,19.208105,72.87291,
VASHI BUS STATION,Bus,BEST,19.075249,72.996827,
MIRA ROAD STATION (E),Bus,BEST,19.281317,72.858068,
SARDAR PATEL NAGAR (PARK STREET),Bus,BEST,19.141374,72.819543,
"KAMOTHE VILLAGE, MANSAROVAR",Bus,BEST,19.025759,73.095871,
C.G.S.COLONY (BHANDUP-E),Bus,BEST,19.141101,72.93765,
NEHRU NAGAR (KURLA-E),Bus,BEST,19.061722,72.883638,
MUNICIPAL COLONY SECTOR -D (GOREGAON-E),Bus,BEST,19.173237,72.879641,
"SHIVSHAHI PRAKALP, MANTRI PARK",Bus,BEST,19.167754,72.881497,
"VIRWANI ESTATE, SARVODAYA NAGAR",Bus,BEST,19.169785,72.859829,
"LOKSHAHIR SATHE UDYAN, SUMAN NAGAR",Bus,BEST,19.053564,72.883955,
EVEREST SOCIETY (KURLA-E),Bus,BEST,19.061092,72.890602,
MAZGAON DOCK,Bus,BEST,19.024449,72.890029,
SHIVSHRUSHTI (KURLA-E),Bus,BEST,19.055018,72.882482,
ANDHERI STATION (W),Bus,BEST,19.116603,72.845947,
ANDHERI MARKET,Bus,BEST,19.123342,72.846608,
TELEPHONE EXCHANGE (ANDHERI-W),Bus,BEST,19.133754,72.825785,
CHANDIVALI JUNCTION,Bus,BEST,19.112766,72.888376,
JOHN BACKER,Bus,BEST,19.115893,72.889192,
ST.TERESA CONVENT SCHOOL (SANTACRUZ-W),Bus,BEST,19.077172,72.83766,
BRIMCO,Bus,BEST,19.207415,72.822986,
DHAIRYAVAN CHOWK,Bus,BEST,19.031476,72.842653,
PRIYADARSHINI PARK (NAPEAN SEA ROAD),Bus,BEST,18.956329,72.799664,
"MUSTAFA BAZAR, SAVLYA TANDEL CHOWK",Bus,BEST,18.975865,72.840565,
"ANJANABAI MAGAR CHOWK, SWATANTRA SAINIK SURVE CHOWK",Bus,BEST,19.070246,72.875291,
MAYUR NAGAR (AAREY COLONY),Bus,BEST,19.155731,72.884279,
JAIHIND CINEMA,Bus,BEST,18.985646,72.835353,
BORIVALI (W) STATION,Bus,BEST,19.228684,72.855038,
S.N.D.T. (JUHU),Bus,BEST,19.085541,72.829491,
AZAD NAGAR (MIRA ROAD),Bus,BEST,19.296765,72.857279,
CHEMBUR COLONY,Bus,BEST,19.045681,72.894447,
GOVERNMENT LAW COLLEGE,Bus,BEST,18.935615,72.82416,
ANDHERI STATION (W),Bus,BEST,19.118906,72.845223,
BANDRA RAILWAY TERMINUS,Bus,BEST,19.062513,72.841709,
SIDDHIVINAYAK MANDIR (PRABHADEVI),Bus,BEST,19.019241,72.831814,
LAXMANRAO YADAV MARKET (KURLA MARKET),Bus,BEST,19.070239,72.879234,
NANA-NANI PARK (VERSOVA),Bus,BEST,19.127217,72.819032,
DATTA WADI,Bus,BEST,19.20047,72.998632,
"KHAR, LINKING ROAD",Bus,BEST,19.071009,72.83394,
"MUKUND COMPANY, P.W.D.OFFICE (KAMANI)",Bus,BEST,19.084734,72.88891,
CHAKALA MARKET,Bus,BEST,18.9494,72.834706,
MAGATHANE TELEPHONE EXCHANGE,Bus,BEST,19.216116,72.867476,
SHANTARAM TALAO (MALAD-E),Bus,BEST,19.185678,72.859215,
VAISHALI BHAVAN (KANDIVALI-W),Bus,BEST,19.204924,72.839401,
RASHMI RATHI SOCIETY,Bus,BEST,19.215284,72.83577,
ANIRUDDHA BHAVAN,Bus,BEST,19.053092,73.016535,
SARVODAYA NAGAR (JOGESHWARI-E),Bus,BEST,19.134482,72.863558,
"MAHARASHTRA NATURE PARK, P.M.G.P COLONY (DHARAVI)",Bus,BEST,19.051602,72.86182,
PUSHPA PARK (MALAD-E),Bus,BEST,19.188584,72.857964,
INTER STATE BUS STATION (ANIK),Bus,BEST,19.042504,72.878497,
LALJIPADA,Bus,BEST,19.202491,72.834106,
JAWAHAR NAGAR (GOREGAON-W),Bus,BEST,19.160635,72.845879,
M.H.B.COLONY (BORIVALI -W),Bus,BEST,19.230634,72.837927,
SIMPLEX MILL,Bus,BEST,18.979978,72.83097,
CHOKSI HOSPITAL,Bus,BEST,19.191892,72.844812,
JUHU NAGAR (VASHI),Bus,BEST,19.084752,73.001855,
MAZGAON DOCK,Bus,BEST,18.965597,72.847105,
SEEPZ BUS STATION,Bus,BEST,19.124377,72.872308,
GORAI CREEK,Bus,BEST,19.232983,72.824763,
NAVA GAON (DAHISAR-W),Bus,BEST,19.251368,72.853864,
SUVIDHYA SCHOOL (GORAI),Bus,BEST,19.229281,72.828484,
ANTOP HILL BUS STATION,Bus,BEST,19.026453,72.866195,
WADALA FLYOVER BRIDGE,Bus,BEST,19.018564,72.862362,
DEONAR MUNICIPAL COLONY,Bus,BEST,19.054525,72.923582,
DADOJI KONDEV NAGAR (KHARDEV NAGAR),Bus,BEST,19.056003,72.910138,
NEW GAUTAM NAGAR (GOVANDI),Bus,BEST,19.060756,72.914393,
KELKARWADI,Bus,BEST,19.052832,72.908163,
BHANDUP PUMPING CENTRE,Bus,BEST,19.154915,72.955739,
BRAHMAND AZAD NAGAR,Bus,BEST,19.241144,72.975919,
LABOUR CAMP (DHARAVI),Bus,BEST,19.037501,72.85347,
NOORANI MASJID (PATHANWADI),Bus,BEST,19.179272,72.862419,
"AROGYA HOSPITAL, D MART",Bus,BEST,19.019494,73.016248,
STRAND CINEMA,Bus,BEST,18.918037,72.828038,
SATYAM INDUSTRIES,Bus,BEST,19.139553,72.851939,
VATSALABAI DESAI CHOWK (HAJI ALI),Bus,BEST,18.97833,72.813536,
S.I.E.S COLLEGE (NERUL),Bus,BEST,19.042015,73.022365,
MALAD STATION (W),Bus,BEST,19.186546,72.848381,
ASMITA JYOTI,Bus,BEST,19.196912,72.827664,
"SAVE NAGAR, GAONDEVI MANDIR (DAHISAR-E)",Bus,BEST,19.255166,72.860796,
RAMESHWAR BANK (BORIVALI -W),Bus,BEST,19.2277,72.840944,
PAREL STAFF QUARTERS,Bus,BEST,18.996288,72.84225,
TRANSIT CAMP DISPENSARY,Bus,BEST,19.041967,72.870584,
MEGA MART,Bus,BEST,19.086619,73.012061,
MALVANI BLOCK NO.6,Bus,BEST,19.189607,72.819863,
A.D.MODI INSTITUTE (VIDYA NAGARI),Bus,BEST,19.069371,72.859301,
R.B.I.COLONY (C.B.D.BELAPUR),Bus,BEST,19.022652,73.049429,
CHHATRAPATI SHIVAJI MAHARAJ TERMINUS(CSMT),Bus,BEST,18.939155,72.835312,
SAMATA NAGAR BUS STATION (KANDIVALI-E),Bus,BEST,19.206496,72.869944,
UMA MAHESHWARI MANDIR,Bus,BEST,19.093631,72.886398,
"AMBIKA MILL BUS STATION, H.U.RAKHANGI CHOWK",Bus,BEST,18.990199,72.823222,
YASHWANTRAO CHAVAN PRATISHTHAN (MANTRALAYA),Bus,BEST,18.925832,72.825895,
CITI BANK (BKC),Bus,BEST,19.068526,72.867767,
SANPADA POLICE CHOWKY,Bus,BEST,19.062779,73.010344,
GOPAL BHAVAN (GHATKOPAR-W),Bus,BEST,19.089917,72.90893,
SAI GARDEN (KANDIVALI-E),Bus,BEST,19.199795,72.873644,
JAMBHULPADA,Bus,BEST,19.093952,72.898979,
GHATKOPAR STATION (W),Bus,BEST,19.087758,72.908608,
GOVANDI STATION ROAD (W),Bus,BEST,19.055363,72.916076,
"PETROL PUMP, MAHESHWARI MANSION (NAPEAN SEA ROAD)",Bus,BEST,18.961146,72.801407,
BKC TELEPHONE EXCHANGE,Bus,BEST,19.071012,72.871547,
MUNICIPAL GARDEN (BORIVALI -W),Bus,BEST,19.238212,72.849792,
MAHATMA PHULE MARKET (CRAWFORD MARKET),Bus,BEST,18.946924,72.833379,
"SAMAJ MANDIR HALL (SION KOLIWADA), PRATIKSHA NAGAR NO.1",Bus,BEST,19.041162,72.868799,
DADAR MARKET,Bus,BEST,19.021824,72.844084,
OVALE,Bus,BEST,19.275935,72.958951,
GANDHI NAGAR (THANE),Bus,BEST,19.2183167,72.9702333,
GLAXO COMPANY,Bus,BEST,19.219066,72.967539,
HARI NIWAS (THANE),Bus,BEST,19.191783,72.968517,
"INDIAN BANK, HIRANANDANI (THANE- W)",Bus,BEST,19.253856,72.981642,
R.R.EDUCATION VIDYALAYA,Bus,BEST,19.16778,72.966738,
VASTU ANAND,Bus,BEST,19.206619,73.009874,
"CHINCHVALI PHATAK, SARVODAYA BALIKA VIDYALAYA",Bus,BEST,19.178413,72.845582,
HUTATMA CHOWK,Bus,BEST,18.929441,72.831389,
SANDHURST ROAD STATION,Bus,BEST,18.961265,72.838799,
"MUSTAFA BAZAR, SAVLYA TANDEL CHOWK",Bus,BEST,18.97676,72.840944,
GOL MANDIR (BHULESHWAR),Bus,BEST,18.958204,72.828319,
"GOVERNMENT COLONY, INDIAN MEDICAL ASSOCIATION CHOWK",Bus,BEST,18.978937,72.81572,
NALANDA (CUMBALLA HILL),Bus,BEST,18.967376,72.807906,
AKSHAY,Bus,BEST,19.05162,72.831418,
KAMALA VIHAR SPORTS COMPLEX (POISAR),Bus,BEST,19.21275,72.84339,
"VEENA NAGAR, GOVARDHAN NAGAR",Bus,BEST,19.181936,72.947019,
SUBHASH NAGAR (KHAIRANI ROAD),Bus,BEST,19.09696,72.897733,
CENTURY MILL,Bus,BEST,19.006292,72.826467,
MARATHI VIDYALAYA (GHATKOPAR-E),Bus,BEST,19.088248,72.916998,
BYCULLA STATION (E),Bus,BEST,18.978146,72.83383,
SHIVRAJ BHAVAN,Bus,BEST,19.006315,72.834635,
"MITH CHOWKY, KAVI.V.R.KANT CHOWK",Bus,BEST,19.196672,72.833712,
"CHEMBUR NAKA, SWAMI VIVEKANAND CHOWK",Bus,BEST,19.052954,72.894396,
KOKAN NAGAR (BHANDUP-W),Bus,BEST,19.144177,72.928249,
IMPERIAL SQUARE SOCIETY,Bus,BEST,19.28429,72.947781,
"POLICHEM LIMITED, PEPSICO",Bus,BEST,19.022205,72.905474,
JAIHIND CINEMA,Bus,BEST,18.986079,72.835685,
OM NAGAR (WARE HOUSE),Bus,BEST,19.106081,72.867851,
J.B.NAGAR (ANDHERI-E),Bus,BEST,19.111502,72.868865,
BAINGANWADI,Bus,BEST,19.058717,72.923495,
"MUNICIPAL SCHOOL, CHINCHVALI BUNDER",Bus,BEST,19.178918,72.843081,
SAHYADRI NAGAR (CHARKOP),Bus,BEST,19.210347,72.829251,
CANARA BANK (KHARGHAR),Bus,BEST,19.035437,73.063942,
DR.SHIRODKAR HIGH SCHOOL,Bus,BEST,18.99948,72.839845,
BORIVALI JAIL (W),Bus,BEST,19.224203,72.854233,
PIPE LINE (MULUND-W),Bus,BEST,19.177535,72.940079,
PANCHAMRUT,Bus,BEST,19.257234,72.970679,
NEW ZEALAND HOSTEL,Bus,BEST,19.152179,72.871673,
"JANTA COLONY, SHIV MANDIR",Bus,BEST,19.200087,72.833985,
"MAHARASHTRA COLLEGE, ALEXANDRA CINEMA",Bus,BEST,18.967382,72.827315,
STRAND CINEMA,Bus,BEST,18.918408,72.828483,
ASHOK HOSPITAL,Bus,BEST,19.180938,72.85312,
SUNDAR GALLI (BYCULLA-W),Bus,BEST,18.976048,72.830698,
SHRIPAL NAGAR,Bus,BEST,19.218269,72.842606,
MALVANI BLOCK NO.7,Bus,BEST,19.186218,72.818887,
N.L.COMPLEX JUNCTION (DAHISAR-E),Bus,BEST,19.2601833,72.8653333,
"KHAR, LINKING ROAD",Bus,BEST,19.072562,72.834053,
CHARKOP SECTOR 5,Bus,BEST,19.215349,72.825937,
MEGA MART,Bus,BEST,19.091753,73.005364,
"MUNICIPAL WARD OFFICE, DR.AMBEDKAR GARDEN (CHEMBUR)",Bus,BEST,19.060427,72.899191,
KOKAN NAGAR (BHANDUP-W),Bus,BEST,19.14456,72.928334,
KHIRA NAGAR (SANTACRUZ-W),Bus,BEST,19.086948,72.8381,
SHASTRI NAGAR (JUHU),Bus,BEST,19.08699,72.834574,
NARAYAN NAGAR (GHATKOPAR-E),Bus,BEST,19.085947,72.895286,
BAWLA MASJID,Bus,BEST,18.994786,72.831453,
WORLI SEA FACE (N),Bus,BEST,19.015617,72.817597,
"RAM GANESH GADKARI CHOWK, BALMOHAN VIDYALAY",Bus,BEST,19.025796,72.839598,
JAIN MANDIR (KANDIVALI-W),Bus,BEST,19.202094,72.849236,
CHARKOP POLICE STATION,Bus,BEST,19.215605,72.819794,
CHIRA BAZAR,Bus,BEST,18.927765,72.825049,
"CARDINAL GRACIAS SCHOOL, TEACHER S COLONY",Bus,BEST,19.068026,72.846446,
"MALAD STATION (E), PODDAR PARK",Bus,BEST,19.18698,72.850187,
SHREE SWAMI SAMARTH NAGAR (EXTENSION),Bus,BEST,19.14613,72.825632,
CUFFE PARADE MACCHIMAR NAGAR,Bus,BEST,18.918116,72.824867,
PARLESHWAR MANDIR,Bus,BEST,19.102871,72.845805,
HEMA PARK (BHANDUP-E),Bus,BEST,19.148085,72.942535,
BALAJI NAGAR,Bus,BEST,19.307285,72.849908,
MAHALAXMI TEMPLE,Bus,BEST,18.976148,72.807423,
"SUKUR PARK, SAHYADRI SOCIETY",Bus,BEST,19.198953,72.995494,
MAMA HOTEL,Bus,BEST,19.072305,72.827402,
N.C.P.A.,Bus,BEST,18.925216,72.822611,
"DR.DATTA SAMANT CHOWK, SAKINAKA",Bus,BEST,19.10599,72.885366,
CHEMBUR PHATAK,Bus,BEST,19.064601,72.899703,
SAHAKAR NAGAR (SCLR- KURLA-E),Bus,BEST,19.065168,72.894382,
MAGATHANE TELEPHONE EXCHANGE,Bus,BEST,19.216079,72.867485,
GHATKOPAR POLICE STATION,Bus,BEST,19.087032,72.899942,
SUNDAR NAGAR (BHAYANDER-E),Bus,BEST,19.284468,72.871186,
RANI LAXMIBAI CHOWK (SION),Bus,BEST,19.044927,72.86399,
"ANGAN WADI, MANALI VILLAGE",Bus,BEST,19.235646,72.865677,
BANK OF BARODA (BKC),Bus,BEST,19.06136,72.862983,
KHARODI VILLAGE,Bus,BEST,19.196336,72.818764,
STATE BANK (BHANDUP VILLAGE),Bus,BEST,19.151608,72.945576,
SHANTI ASHRAM (BORIVALI-W),Bus,BEST,19.241977,72.846879,
GHATKOPAR STATION (W),Bus,BEST,19.086655,72.908009,
MADINA MANZIL (MALAD-W),Bus,BEST,19.173689,72.84606,
M.I.G.COLONY (KALA NAGAR),Bus,BEST,19.056572,72.847642,
N.L.VIDYALAYA (MALAD-W),Bus,BEST,19.192968,72.847007,
SANT GADGE MAHARAJ CHOWK (SAATRASTA),Bus,BEST,18.982524,72.827939,
SAIFEE HOSPITAL,Bus,BEST,18.951701,72.818763,
"SHELL COLONY, SAMAJ MANDIR HALL (CHEMBUR)",Bus,BEST,19.062746,72.892378,
KURLA STATION (W),Bus,BEST,19.067294,72.87915,
MUNICIPAL HOSPITAL (BORIVALI -W),Bus,BEST,19.25268,72.858524,
DAHISAR STATION (W),Bus,BEST,19.249844,72.858896,
SOMMAIYA COLLEGE (VIDYAVIHAR-E),Bus,BEST,19.074024,72.903063,
SHIPPING CORPORATION (POWAI),Bus,BEST,19.12324,72.898066,
SHASTRI NAGAR (THANE),Bus,BEST,19.214188,72.95878,
AZAD NAGAR (WADALA),Bus,BEST,19.013709,72.855459,
"RETI BUNDER, KHARIGAON (KALWA)",Bus,BEST,19.210511,73.015638,
GURU TEG BAHADUR NAGAR STATION,Bus,BEST,19.037085,72.862797,
SHER-E-PUNJAB (ANDHERI-E),Bus,BEST,19.125916,72.861034,
SARAF CHOUDHARI NAGAR,Bus,BEST,19.209184,72.862734,
KANHERI CAVES,Bus,BEST,19.208731,72.901486,
PRATAP NAGAR (JOGESHWARI-E),Bus,BEST,19.140937,72.856358,
SHER-E-PUNJAB (ANDHERI-E),Bus,BEST,19.12431,72.864438,
BORIVALI (W) STATION,Bus,BEST,19.229832,72.856464,
BORIVALI (W) STATION,Bus,BEST,19.229037,72.856018,
DAHISAR MARKET,Bus,BEST,19.255733,72.858113,
DAHISAR PHATAK (W),Bus,BEST,19.247206,72.859003,
"DEVIKA NAGAR, EKSAR KOLIWADA",Bus,BEST,19.239574,72.845872,
EKSAR VILLAGE,Bus,BEST,19.237785,72.845331,
GORAI BRIDGE,Bus,BEST,19.226462,72.827593,
LIC OFFICERS TRAINING CENTRE (BORIVALI -W),Bus,BEST,19.243912,72.848656,
SARVODAYA NAGAR (JOGESHWARI-E),Bus,BEST,19.134482,72.863434,
WADALA TRUCK TERMINAL (MAIN GATE),Bus,BEST,19.036183,72.879258,
DARGAH (VIKHROLI-W),Bus,BEST,19.097399,72.91596,
HINDMATA CINEMA (PAREL),Bus,BEST,19.010015,72.842183,
SISTERS BUNGALOW,Bus,BEST,19.049443,72.820703,
DARYA MAHAL,Bus,BEST,18.952505,72.797048,
KURLA STATION (W),Bus,BEST,19.067303,72.87916,
MAZGAON COURT,Bus,BEST,18.968826,72.83812,
VASANT VIHAR,Bus,BEST,19.221929,72.970002,
BHARAT PETROLEUM (MAHUL),Bus,BEST,19.013945,72.898164,
PANDYA HOSPITAL,Bus,BEST,19.23339,72.853314,
GANDHI NAGAR (KANJURMARG),Bus,BEST,19.124386,72.925353,
WADI BUNDER,Bus,BEST,18.956497,72.842515,
NALANDA SOCIETY (GHATKOPAR-E),Bus,BEST,19.074876,72.912698,
BEST NAGAR (GOREGAON-W),Bus,BEST,19.153269,72.84192,
"SHREEKRISHNA NAGAR, SHANTIVAN (BORIVALI -E)",Bus,BEST,19.233061,72.863919,
MUCHHALA COLLEGE,Bus,BEST,19.262989,72.968578,
FILMISTAN (GOREGAON-W),Bus,BEST,19.164131,72.845896,
MAROL MAROSHI BUS STATION,Bus,BEST,19.116539,72.879877,
KASTURI ESTATE,Bus,BEST,19.301146,72.857267,
PALI HILL NAKA (GURU NANAK ROAD),Bus,BEST,19.059596,72.829996,
PIPE LINE (MULUND-W),Bus,BEST,19.185251,72.947675,
RAM GANESH GADKARI CHOWK (DADAR-W),Bus,BEST,19.026403,72.841022,
PANJARAPOL,Bus,BEST,19.045767,72.907785,
BORIVALI (E) STATION,Bus,BEST,19.231884,72.85769,
BORIVALI STATION (E),Bus,BEST,19.230665,72.858737,
NENSEY COLONY,Bus,BEST,19.237804,72.86345,
OVALE,Bus,BEST,19.275781,72.958922,
PLEASANT PARK (MIRA ROAD),Bus,BEST,19.27522,72.877108,
AFGHAN CHURCH,Bus,BEST,18.9071833,72.8169833,
JOHAR CHOWK (BHENDI BAZAAR),Bus,BEST,18.95948,72.831869,
SWAMI DAYANAND SARASWATI CHOWK (FORT),Bus,BEST,18.93427,72.838287,
KHODADAD CIRCLE (DADAR TT),Bus,BEST,19.016758,72.846814,
SHANTARAM PUJARE CHOWK (KALA CHOWKY),Bus,BEST,18.989982,72.835882,
UMARKHADI,Bus,BEST,18.962509,72.835618,
PRABODHANKAR THACKERAY NAGAR MARKET (CHARKOP),Bus,BEST,19.215911,72.828685,
PRASANNA JEEVAN SOCIETY,Bus,BEST,19.230541,72.84818,
SAI AMRUT SOCIETY (DAHISAR-W),Bus,BEST,19.240313,72.858436,
PANDYA HOSPITAL,Bus,BEST,19.233354,72.853371,
EKTA VIVEK BUILDING,Bus,BEST,19.25853,72.8519,
AMULAKH HIGH SCHOOL,Bus,BEST,19.025447,72.86023,
ANTOP HILL POLICE STATION,Bus,BEST,19.031845,72.863779,
B.P.T. COLONY (BARKAT ALI MARG),Bus,BEST,19.017454,72.864252,
KANE NAGAR,Bus,BEST,19.029299,72.866611,
"JAGATDEV N.VARMA CHOWK, KAPOLE NIWAS",Bus,BEST,19.023473,72.852005,
MAHESHWARI UDYAN (KINGS CIRCLE),Bus,BEST,19.027984,72.856267,
NADKARNI PARK,Bus,BEST,19.017688,72.862362,
SEWREE STATION (E),Bus,BEST,18.997863,72.854367,
VISHWA PRAGATI MANDAL SPORTS COMPLEX,Bus,BEST,19.259317,72.853259,
DAMU NAGAR (EXTENSION),Bus,BEST,19.2046167,72.8784167,
MALAD STATION (W),Bus,BEST,19.185886,72.848286,
SHANTI BAUG (CHEMBUR),Bus,BEST,19.056613,72.895658,
RAWAL PADA,Bus,BEST,19.245568,72.87018,
GARIB NAGAR,Bus,BEST,19.272014,72.963241,
RANI LAXMIBAI CHOWK (SION),Bus,BEST,19.041611,72.863061,
JOHAR CHOWK (BHENDI BAZAAR),Bus,BEST,18.959661,72.831641,
KOPAR KHAIRANE,Bus,BEST,19.109252,73.001738,
OTIS COMPANY,Bus,BEST,19.200418,72.875529,
NEW GREEN WOOD GARDAN,Bus,BEST,19.2701167,72.8894333,
AGHADI NAGAR,Bus,BEST,19.126476,72.859247,
MUMBAI CRICKET ASSOCIATION EAST GATE,Bus,BEST,19.059428,72.866318,
RANI LAXMIBAI CHOWK (SION),Bus,BEST,19.04175,72.86355,
VILE PARLE STATION (E),Bus,BEST,19.099229,72.844401,
SHER-E-PUNJAB (ANDHERI-E),Bus,BEST,19.124545,72.864514,
"HUTATMA CHOWK, SIDDHARTH COLLEGE",Bus,BEST,18.933896,72.832316,
MASTAN TALAO,Bus,BEST,18.964981,72.830536,
SHIV MANDIR,Bus,BEST,19.128788,72.843163,
PUSHPA PARK (MALAD-E),Bus,BEST,19.188551,72.857865,
VIVIDH BHARTI,Bus,BEST,19.231742,72.833361,
SHIRAVANE VILLAGE,Bus,BEST,19.049974,73.022253,
RAM GANESH GADKARI CHOWK (DADAR-W),Bus,BEST,19.025815,72.840918,
BHAYANDER PADA,Bus,BEST,19.283667,72.952367,
VALENCIA BUILDING,Bus,BEST,19.0257,72.878658,
NAHUR RAILWAY STATION,Bus,BEST,19.157842,72.946679,
PRABODHANKAR THACKERAY NAGAR MARKET (CHARKOP),Bus,BEST,19.21527,72.829199,
SHRIPAL NAGAR,Bus,BEST,19.218369,72.842625,
"KANDIVALI INDUSTRIAL ESTATE, GANESH NAGAR",Bus,BEST,19.203787,72.827668,
BOROSIL GLASS FACTORY,Bus,BEST,19.11739,72.883422,
EKTA SOCIETY,Bus,BEST,19.10669,72.875007,
JAIN MANDIR (OM NAGAR) -(ANDHERI-E),Bus,BEST,19.108403,72.86803,
SANGHARSH NAGAR (CHANDIVALI),Bus,BEST,19.108317,72.901179,
SHITALADEVI TEMPLE (MAHIM),Bus,BEST,19.036567,72.842297,
KALAMBOLI NAKA,Bus,BEST,19.022544,73.105928,
MANKHURD STATION (SOUTH),Bus,BEST,19.045618,72.929873,
GOPAL BHAVAN (GHATKOPAR-W),Bus,BEST,19.090712,72.90988,
ANKUR HOSPITAL,Bus,BEST,19.131199,72.93557,
WADALA GATE NO.4,Bus,BEST,19.021518,72.860631,
B.M.C.COMPOST PLANT,Bus,BEST,19.056883,72.92797,
"DR.AMBEDKAR UDYAN, CHEMBUR STATION",Bus,BEST,19.061918,72.901062,
MOHITE PATIL NAGAR (MANKHURD),Bus,BEST,19.053479,72.935116,
BALKUM PADA NO.1,Bus,BEST,19.221746,72.991067,
BRAHMAND PHASE-3,Bus,BEST,19.241261,72.981597,
KALWA BRIDGE,Bus,BEST,19.197211,72.983237,
L I C CLY,Bus,BEST,19.164916,72.954436,
LAXMINARAYAN RESIDENCY,Bus,BEST,19.219066,72.959636,
GHATI PADA,Bus,BEST,19.187,72.94185,
LOUISWADI,Bus,BEST,19.195812,72.962536,
BADHWAR PARK,Bus,BEST,18.919834,72.82591,
SAIBABA MANDIR (GHATKOPAR),Bus,BEST,19.078336,72.910977,
GOKULDHAM MARKET,Bus,BEST,19.175545,72.869752,
SHITALADEVI TEMPLE (MAHIM),Bus,BEST,19.035953,72.842307,
MARATHA COLONY,Bus,BEST,19.073456,72.846585,
MADKEBUWA CHOWK (PAREL),Bus,BEST,19.004838,72.840563,
N.C.P.A.,Bus,BEST,18.925523,72.822848,
GANGA COMPLEX,Bus,BEST,19.290496,72.857321,
LIBRA SOCIETY,Bus,BEST,19.198968,72.821909,
DIVA VILLAGE JUNCTION,Bus,BEST,19.148218,72.99304,
RANADE ROAD (DADAR-W),Bus,BEST,19.022182,72.837919,
MAHILA SANGH (VILE PARLE-E),Bus,BEST,19.107319,72.85195,
TELEPHONE EXCHANGE (BANDRA-W),Bus,BEST,19.051225,72.836435,
ADARSH NAGAR (JOGESHWARI-W),Bus,BEST,19.146043,72.829311,
MATUNGA STATION (W),Bus,BEST,19.029993,72.847071,
PRABHADEVI,Bus,BEST,19.015742,72.827799,
"ANJANABAI MAGAR CHOWK, SWATANTRA SAINIK SURVE CHOWK",Bus,BEST,19.071186,72.875414,
DIVINE CHILD HIGH SCHOOL,Bus,BEST,19.113198,72.864235,
KHODADAD CIRCLE (DADAR TT),Bus,BEST,19.016714,72.849549,
"ORLEM CHURCH, VALNAI VILLAGE",Bus,BEST,19.195356,72.836984,
AGARKAR CHOWK,Bus,BEST,19.118916,72.84797,
VEER HUTATMA BHAI KOTWAL UDYAN (PLAZA),Bus,BEST,19.022952,72.842383,
JALVAYU VIHAR (POWAI),Bus,BEST,19.117696,72.905462,
KHOPAT S.T.TERMINUS,Bus,BEST,19.200618,72.973281,
BEST OFFICER QUARTERS (GORAI),Bus,BEST,19.224985,72.834299,
LOKMANYA TILAK VIDYALAYA (CHEMBUR),Bus,BEST,19.066137,72.895095,
SOMMAIYA COLLEGE (VIDYAVIHAR-E),Bus,BEST,19.074819,72.903224,
KAMALA NEHRU PARK (MALABAR HILL),Bus,BEST,18.95505,72.804527,
BANDRA (W) BUS STATION,Bus,BEST,19.053811,72.83933,
"VANRAI, MHADA COLONY",Bus,BEST,19.154543,72.857167,
MARAWALI CHURCH,Bus,BEST,19.041471,72.893612,
TATA COLONY (CHUNABHATTI),Bus,BEST,19.052991,72.87531,
ANDHERI STATION (W),Bus,BEST,19.119828,72.845879,
JOE & HELEN D MELLO GARDEN,Bus,BEST,19.130179,72.842459,
LAXMI INDUSTRIAL ESTATE (ANDHERI-W),Bus,BEST,19.134056,72.831934,
SHREE SWAMI SAMARTH NAGAR (EXTENSION),Bus,BEST,19.146013,72.82567,
MARATHON CHOWK (TEEN HATH NAKA),Bus,BEST,19.187899,72.963011,
MARATHON CHOWK (TEEN HATH NAKA),Bus,BEST,19.187221,72.963753,
MITHAGAR (MULUND-E),Bus,BEST,19.165575,72.964399,
MULUND RAILWAY STATION (W),Bus,BEST,19.174067,72.954388,
POWAI CHOWK (MULUND-W),Bus,BEST,19.172684,72.935896,
NAVGHAR ROAD (MULUND-E),Bus,BEST,19.167897,72.961576,
GAWANPADA (MULUND-E),Bus,BEST,19.17292,72.961404,
"M.I.D.C, PASSPORT OFFICE",Bus,BEST,19.191133,72.955319,
MULUND RAILWAY STATION (W),Bus,BEST,19.174284,72.957002,
MULUND RAILWAY STATION (W),Bus,BEST,19.174176,72.957069,
RAJ PARK,Bus,BEST,19.203964,73.006478,
"SUKUR PARK, SAHYADRI SOCIETY",Bus,BEST,19.198835,72.995627,
NAAGRI NIWARA 1 & 2,Bus,BEST,19.172569,72.881286,
C.A.INSTITUTE (BKC),Bus,BEST,19.061534,72.86875,
KANDIVALI TELEPHONE EXCHANGE,Bus,BEST,19.211382,72.851635,
"KOLSITE INDUSTRIES, JUCHANDRA SOCIETY",Bus,BEST,19.131881,72.835291,
TURBHE POLICE STATION,Bus,BEST,19.062586,73.019237,
BEST RECEIVING CENTRE ( SION),Bus,BEST,19.043179,72.872921,
"A.H.ANSARI CHOWK, NEW NAGPADA",Bus,BEST,18.966753,72.832718,
DR.COOPER HOSPITAL,Bus,BEST,19.107769,72.836732,
CHARKOP NAKA,Bus,BEST,19.209502,72.822652,
MANAV KALYAN KENDRA,Bus,BEST,19.245734,72.860839,
TERMINAL,Bus,BEST,18.953542,72.846469,
"LOKSHAHIR SATHE UDYAN, SUMAN NAGAR",Bus,BEST,19.054332,72.883955,
SHAHAJIRAJE SPORTS COMPLEX (ANDHERI-W),Bus,BEST,19.127031,72.836559,
B.S.E.S. (ANDHERI-E),Bus,BEST,19.130407,72.880289,
KANDARPADA BUS STATION,Bus,BEST,19.263463,72.85182,
ICICI BANK (MALAD-W),Bus,BEST,19.187192,72.841554,
KALA VIDYALAYA,Bus,BEST,19.181697,72.813528,
BAJAJ BHAVAN,Bus,BEST,18.926327,72.82243,
"SAVE NAGAR, GAONDEVI MANDIR (DAHISAR-E)",Bus,BEST,19.255229,72.861014,
"B.D.PATIL MARG, HPCL",Bus,BEST,19.019538,72.897933,
MUMBAI CENTRAL STATION,Bus,BEST,18.967431,72.820013,
NAAGRI NIWARA 1 & 2,Bus,BEST,19.172406,72.880829,
SINDHUWADI,Bus,BEST,19.077747,72.903869,
"MUKESH CHOWK (UMAR PARK, TATA GARDEN)",Bus,BEST,18.966351,72.80352,
"HINDUSTAN NAKA, C.CHARANSINGH CHOWK",Bus,BEST,19.207013,72.829082,
CITIZEN BANK,Bus,BEST,19.246795,72.850414,
ERANGAL VILLAGE,Bus,BEST,19.161726,72.786547,
BHAYANDER PHATAK (POLICE CHOWKY),Bus,BEST,19.298796,72.854937,
DAHISAR STATION ROAD (E),Bus,BEST,19.249394,72.86312,
DEVIPADA,Bus,BEST,19.224606,72.864466,
DHEERAJ ENCLAVE,Bus,BEST,19.215412,72.869521,
EVERSHINE MILLENIUM PARADISE,Bus,BEST,19.210067,72.87716,
GANGA COMPLEX,Bus,BEST,19.29017,72.857292,
GODDEV NAKA,Bus,BEST,19.303794,72.858578,
GOKULANAND HOTEL,Bus,BEST,19.243839,72.864388,
JAI MAHARASHTRA NAGAR (BORIVALI -E),Bus,BEST,19.221482,72.868585,
SHRIRANG SOCIETY (THANE),Bus,BEST,19.206137,72.979986,
TATWADNYAN VIDYAPITH,Bus,BEST,19.223591,72.977363,
VAISHALI NAGAR (MULUND-W),Bus,BEST,19.187031,72.945849,
VASTU ANAND,Bus,BEST,19.206782,73.009893,
WADARPADA,Bus,BEST,19.167861,72.951298,
WAGLE WARD COMMITTEE OFFICE,Bus,BEST,19.187347,72.955243,
MULUND RAILWAY STATION (W),Bus,BEST,19.17305,72.9567,
KHOPAT,Bus,BEST,19.200582,72.973234,
"MUNICIPAL SCHOOL, CHINCHVALI BUNDER",Bus,BEST,19.179251,72.842035,
GIRIDHAR PARK,Bus,BEST,19.195768,72.831829,
"MARVE ROAD NAKA, SWAMI SHIVANAND CHOWK",Bus,BEST,19.191729,72.845506,
STATE BANK (GOREGAON-W),Bus,BEST,19.173848,72.841363,
MARY IMMACULATE SCHOOL,Bus,BEST,19.247926,72.853771,
RAM MANDIR (BORIVALI -W),Bus,BEST,19.238215,72.854795,
KHINDIPADA,Bus,BEST,19.1666167,72.9297,
KHAR TELEPHONE EXCHANGE,Bus,BEST,19.068705,72.833495,
"AAREY HOSPITAL, MUNICIPAL SCHOOL",Bus,BEST,19.148573,72.87662,
"INDIAN BANK, HIRANANDANI (THANE- W)",Bus,BEST,19.254027,72.98155,
SHIVAR GARDEN,Bus,BEST,19.28825,72.865466,
KASHIMIRA,Bus,BEST,19.273199,72.882513,
SAHAKAR BAZAR (AIROLI),Bus,BEST,19.150132,72.999628,
SHREYAS CINEMA,Bus,BEST,19.093974,72.913034,
DOMNIC SCHOOL,Bus,BEST,19.126424,72.863695,
OBEROI GARDEN (CHANDIVLI),Bus,BEST,19.114602,72.892718,
MUKESH CHOWK (KEMPS CORNER),Bus,BEST,18.963586,72.803133,
PATKAR COLLEGE (GOREGAON-W),Bus,BEST,19.168602,72.845588,
ROYAL HOTEL(JUHU),Bus,BEST,19.091891,72.827823,
CHEMBUR COLONY,Bus,BEST,19.044841,72.893392,
DOORDARSHAN (WORLI),Bus,BEST,19.007261,72.818478,
SHANTI SUDHA PARK (JAIN MANDIR),Bus,BEST,19.075762,72.91264,
PT.PALUSKAR CHOWK (OPERA HOUSE),Bus,BEST,18.955313,72.816158,
"A.H.ANSARI CHOWK, NEW NAGPADA",Bus,BEST,18.96885,72.833153,
SARDAR NAGAR NO.4 (GTB NAGAR),Bus,BEST,19.035786,72.867548,
LIBERTY GARDEN,Bus,BEST,19.187617,72.842571,
MANGATRAM PETROLPUMP,Bus,BEST,19.140142,72.931272,
OSHIWARA POLICE STATION,Bus,BEST,19.148321,72.831353,
NERUL GYMKHANA,Bus,BEST,19.026451,73.015738,
LIC OFFICE (BORIVALI -W),Bus,BEST,19.242522,72.852043,
KETAKI PADA,Bus,BEST,19.255929,72.869213,
KRISHNA VATIKA (DAHISAR-E),Bus,BEST,19.2628,72.8616833,
JAY MAHARASHTRA NAGAR,Bus,BEST,19.221482,72.868814,
THE CITY CO-OP BANK LTD,Bus,BEST,19.234354,72.865373,
NABARD NAGAR,Bus,BEST,19.207731,72.866273,
OMKARESHWAR MANDIR,Bus,BEST,19.230622,72.862845,
SRUSHTI POLICE CHOWKY,Bus,BEST,19.271178,72.867759,
PUNJAB DAIRY (KASHIMIRA),Bus,BEST,19.278749,72.889835,
RAJENDRA NAGAR,Bus,BEST,19.220925,72.857773,
SHREE SAI HOSPITAL,Bus,BEST,19.21383,72.866916,
SHAKTI NAGAR,Bus,BEST,19.259701,72.861982,
SILVER PARK (MIRA ROAD),Bus,BEST,19.282184,72.874213,
NIRLON SOCIETY,Bus,BEST,19.177333,72.836997,
VIJAY NAGAR (MAROL MAROSHI),Bus,BEST,19.120207,72.879514,
TERNA ENGINEERING COLLEGE (NERUL),Bus,BEST,19.030218,73.017117,
GODREJ COMPANY (VIKHROLI-W),Bus,BEST,19.104935,72.921736,
"KANNAMWAR NAGAR, BUILDING NO.150",Bus,BEST,19.114595,72.939098,
LOKMANYA TILAK VIDYALAYA (CHEMBUR),Bus,BEST,19.066484,72.895014,
MARINE LINES RAILWAY STATION,Bus,BEST,18.945418,72.824398,
DON BOSCO SCHOOL (BORIVALI ),Bus,BEST,19.23023,72.842055,
RUSHI COMPLEX EXTENSION (DAHISAR - W),Bus,BEST,19.257157,72.851444,
ANTOP HILL CHURCH,Bus,BEST,19.032696,72.866761,
"DR.AMBEDKAR UDYAN, CHEMBUR STATION",Bus,BEST,19.062315,72.900293,
ORDNANCE FACTORY (MALAD-E),Bus,BEST,19.192278,72.855984,
B.P.T. COLONY (WADALA),Bus,BEST,19.012584,72.862346,
GANDHI MAIDAN (WORLI),Bus,BEST,19.001941,72.819214,
JOGESHWARI (W) BUS STATION,Bus,BEST,19.133904,72.848131,
SION KOLIWADA,Bus,BEST,19.03976,72.864724,
MULLA BAUG,Bus,BEST,19.239211,72.975386,
GHATLA MUNICIPAL SCHOOL,Bus,BEST,19.052759,72.906738,
URBAN CO-OPERATIVE BANK (MULUND-W),Bus,BEST,19.168954,72.952344,
"KAMOTHE VILLAGE, MANSAROVAR",Bus,BEST,19.025596,73.095596,
LOKMANYA TILAK HOSPITAL (SION),Bus,BEST,19.035033,72.860405,
KOKAN NAGAR (BHANDUP-W),Bus,BEST,19.146086,72.928704,
HUTATMA CHOWK,Bus,BEST,18.933551,72.830199,
SHANKAR MANDIR (MAHUL),Bus,BEST,19.028888,72.897284,
MATRUCHAYA (GURUPRASAD SOCIETY),Bus,BEST,19.103497,72.850233,
BABASAHEB WORLIKAR CHOWK (CENTURY BAZAAR),Bus,BEST,19.01442,72.823563,
TRANSPORT CORPORATION,Bus,BEST,19.26962,72.878614,
"SEEPZ VILLAGE, RELIANCE ENERGY TRAINING CENTRE",Bus,BEST,19.129287,72.881534,
ERANGAL VILLAGE,Bus,BEST,19.161654,72.786375,
M.H.B.COLONY (JOGESHWARI-E),Bus,BEST,19.133569,72.862902,
NEW ERA TALKIES,Bus,BEST,19.18425,72.846547,
B.P.T COLONY (DOCKYARD RD),Bus,BEST,18.964085,72.841769,
SALSAR NAGAR,Bus,BEST,19.309296,72.859184,
PRATIKSHA NAGAR (MHADA COLONY),Bus,BEST,19.041934,72.876446,
THAKUR COLLEGE (KANDIVALI-E),Bus,BEST,19.206298,72.87255,
VICEROY PARK,Bus,BEST,19.210372,72.871226,
WESTERN PARK,Bus,BEST,19.2736667,72.8905333,
DAHISAR BUS STATION,Bus,BEST,19.259102,72.873739,
CHINCH PADA (SG NATIONAL PARK),Bus,BEST,19.22275,72.875404,
M.S.E.B TRANSMISSION COMPANY (SGNP),Bus,BEST,19.223782,72.88013,
DAHISAR POLICE STATION,Bus,BEST,19.253289,72.865106,
NILKANT APARTMENT,Bus,BEST,19.27185,72.8893167,
MAHESHWARI UDYAN (KINGS CIRCLE),Bus,BEST,19.025552,72.854245,
"JAGATDEV N.VARMA CHOWK, KAPOLE NIWAS",Bus,BEST,19.023347,72.852233,
LOKMANYA TILAK HOSPITAL (SION),Bus,BEST,19.037725,72.86083,
RANI LAXMIBAI CHOWK (SION),Bus,BEST,19.046509,72.86567,
DNYANSAMPADA HIGH SCHOOL,Bus,BEST,19.060785,72.921062,
GOVANDI STATION ROAD (W),Bus,BEST,19.055255,72.916399,
NARAYAN GURU HIGH SCHOOL (CHEMBUR-W),Bus,BEST,19.060999,72.909025,
SHIVAJI NAGAR BUS STATION,Bus,BEST,19.066062,72.929061,
"TATA NAGAR, SAMBHAJI NAGAR",Bus,BEST,19.051877,72.921473,
ATRIA SOCIETY,Bus,BEST,19.245482,72.982417,
"DR.AMBEDKAR CHOWK, INDIRA NAGAR THANE",Bus,BEST,19.204774,72.949994,
NEW ERA TALKIES,Bus,BEST,19.182552,72.846786,
MADINA MANZIL (MALAD-W),Bus,BEST,19.174039,72.841858,
DON BOSCO VIDYALAYA (NERUL),Bus,BEST,19.017742,73.014453,
NEW D.N.NAGAR,Bus,BEST,19.118471,72.829808,
WAREHOUSE (SAHAR),Bus,BEST,19.103117,72.866455,
"SEWREE POLICE STATION, DARUKHANA",Bus,BEST,18.979303,72.848767,
WALKESHWAR,Bus,BEST,18.946623,72.796056,
B.M.C.OFFICE-VIKHROLI,Bus,BEST,19.118062,72.92601,
MAHUL VILLAGE,Bus,BEST,19.014024,72.890365,
NITYANAND NAGAR,Bus,BEST,19.091734,72.91255,
FOREST OFFICE (THANE),Bus,BEST,19.188946,72.964628,
SIDDHIVINAYAK TOWER (THANE),Bus,BEST,19.209887,72.974414,
HUTATMA CHOWK,Bus,BEST,18.930815,72.832508,
TAKSHILA,Bus,BEST,19.129967,72.868379,
GHATKOPAR PIPE LINE,Bus,BEST,19.087401,72.9029,
SOUTH-NORTH MARG NO.9 (VILE PARLE-W),Bus,BEST,19.107107,72.831242,
BISHOP SCHOOL,Bus,BEST,19.295073,72.852389,
SIDDHIVINAYAK MANDIR (PRABHADEVI),Bus,BEST,19.017958,72.831644,
HUTATMA CHOWK,Bus,BEST,18.93338,72.832051,
ST.ANTHONY HOME CO.OP.SOCIETY,Bus,BEST,19.05507,72.902157,
ESTRELLA BATTERY,Bus,BEST,19.03951,72.854711,
DINDOSHI SESSION COURT,Bus,BEST,19.175634,72.867118,
"SHRI SWAMI SAMARTH MUTT, HANUMAN ROAD (VILE PARLE-E)",Bus,BEST,19.103651,72.851307,
I.R.B.COMPLEX (POWAI),Bus,BEST,19.113575,72.901339,
VESAVA-YARI ROAD BUS STATION,Bus,BEST,19.139468,72.80829,
"BRAMHALA TALAO, MANORPADA",Bus,BEST,19.202542,72.975992,
NAHAR ESTATE,Bus,BEST,19.106474,72.899222,
ST.ANTHONY CHURCH,Bus,BEST,19.106444,72.893491,
CHETANA COLLEGE,Bus,BEST,19.060701,72.848579,
RANI LAXMIBAI CHOWK (SION),Bus,BEST,19.041287,72.865189,
MEGHWADI (DHARAVI),Bus,BEST,19.033732,72.850759,
B.S.E.S. (ANDHERI-E),Bus,BEST,19.130858,72.880308,
GOREGAON CHECK NAKA NO.2,Bus,BEST,19.126278,72.879511,
DURGA NAGAR (JOGESHWARI-E),Bus,BEST,19.138073,72.872177,
MAHARAJ BHAVAN,Bus,BEST,19.137812,72.856389,
MODEL TOWN (JOGESHWARI-E),Bus,BEST,19.132245,72.869566,
P.M.G.P COLONY (MAJAS),Bus,BEST,19.134051,72.869451,
POST OFFICE JOGESHWARI (E),Bus,BEST,19.131141,72.849929,
"BALASAHEB THACKERAY TRAUMA CENTRE, S.R.P. CAMP",Bus,BEST,19.142572,72.855397,
SADBHAKTI MANDIR,Bus,BEST,19.129867,72.84993,
SEEPZ BUS STATION,Bus,BEST,19.124477,72.872555,
GAGANDEEP,Bus,BEST,19.113787,72.836635,
RALLI WOLF,Bus,BEST,19.170715,72.940365,
RANI LAXMIBAI CHOWK (SION),Bus,BEST,19.04349,72.863544,
HANUMAN NAGAR (KANDIVALI-E),Bus,BEST,19.201236,72.866324,
MARATHON CHOWK (TEEN HATH NAKA),Bus,BEST,19.187745,72.962251,
ADARSH NAGAR (AAREY COLONY),Bus,BEST,19.149975,72.882684,
"CHARKOP SECTOR 9, AKSHARA VIDYALAYA",Bus,BEST,19.219753,72.819514,
RAM GANESH GADKARI CHOWK (DADAR-W),Bus,BEST,19.02195,72.842422,
MILAP TALKIES,Bus,BEST,19.197169,72.847765,
BEVERLY PARK,Bus,BEST,19.287014,72.867512,
P.W.D. COLONY (RISING CITY),Bus,BEST,19.069465,72.912272,
MANTRALAYA,Bus,BEST,18.929282,72.823462,
RAM MANDIR (BORIVALI -W),Bus,BEST,19.218987,72.847979,
JASLOK HOSPITAL,Bus,BEST,18.973484,72.80921,
TRANSIT CAMP DISPENSARY,Bus,BEST,19.041497,72.870433,
CENTRAL LABOUR INSTITUTE,Bus,BEST,19.048758,72.865783,
NEHRU NAGAR (DHARAVI),Bus,BEST,19.045494,72.859163,
THAKUR PAKHADI,Bus,BEST,19.235138,72.845771,
GHATKOPAR STATION (W),Bus,BEST,19.086276,72.908057,
"KEVA FRAGRANCES, KELKAR COMPANY",Bus,BEST,19.184989,72.947846,
HPCL NORTH GATE (MAHUL),Bus,BEST,19.022231,72.900725,
CHAKALA (SATAMWADI),Bus,BEST,19.111687,72.860225,
DESAI MUNICIPAL HOSPITAL,Bus,BEST,19.178634,72.851467,
KELKARWADI,Bus,BEST,19.052642,72.907935,
AZIZ BAUG,Bus,BEST,19.037542,72.895067,
GOKUL GARDEN (KANDIVALI-E),Bus,BEST,19.210702,72.863152,
NANI PADA JUNC,Bus,BEST,19.167581,72.953456,
CHHATRAPATI SHIVAJI MAHARAJ TERMINUS(CSMT),Bus,BEST,18.941495,72.83475,
"MALAD STATION (E), PODDAR PARK",Bus,BEST,19.184505,72.850151,
BASANT PARK,Bus,BEST,19.05018,72.893704,
GANDHI MARKET (KINGS CIRCLE),Bus,BEST,19.032701,72.858791,
ST.ANDREW S CHURCH,Bus,BEST,19.054732,72.825696,
RUPAREL COLLEGE (DADAR-W),Bus,BEST,19.028105,72.846606,
DATTANI PARK,Bus,BEST,19.211599,72.869285,
VATSALABAI DESAI CHOWK (HAJI ALI),Bus,BEST,18.979621,72.812282,
"WADALA GATE NO.4, S.I.W.S SCHOOL",Bus,BEST,19.021029,72.85933,
JUHU BEACH,Bus,BEST,19.096877,72.827107,
ARYA SAMAJ MANDIR,Bus,BEST,19.079212,72.834504,
GRANT ROAD STATION (E),Bus,BEST,18.9632,72.816569,
COLABA BUS STATION,Bus,BEST,18.912143,72.821863,
PILOT BUNDER,Bus,BEST,18.904703,72.815765,
ZAKERIA MASJID,Bus,BEST,18.953419,72.833583,
"BHARATMATA CINEMA, MAHADEO PALAV MARG",Bus,BEST,18.995213,72.83528,
FIVE GARDENS,Bus,BEST,19.019833,72.853708,
SHANTARAM PUJARE CHOWK (KALA CHOWKY),Bus,BEST,18.989856,72.835673,
TATA HOSPITAL (BHOIWADA),Bus,BEST,19.004098,72.842605,
"MAHARASHTRA COLLEGE, ALEXANDRA CINEMA",Bus,BEST,18.967769,72.826042,
INSPECTOR KAKLIS CHOWK,Bus,BEST,18.963716,72.843545,
VATSALABAI DESAI CHOWK (HAJI ALI),Bus,BEST,18.979558,72.812291,
ARYA SAMAJ MANDIR,Bus,BEST,19.079374,72.834361,
MANEKJI COOPER SCHOOL,Bus,BEST,19.088295,72.827199,
THANE BELAPUR JUNCTION,Bus,BEST,19.067475,73.014697,
BHOIWADA/MANE MASTER CHK,Bus,BEST,19.00541,72.844779,
MITHA NAGAR (GOREGAON-W),Bus,BEST,19.163222,72.837416,
NARAYAN NAGAR (GHATKOPAR-E),Bus,BEST,19.086028,72.895362,
ALANKAR CINEMA,Bus,BEST,18.958032,72.827569,
VEER HUTATMA BHAI KOTWAL UDYAN (PLAZA),Bus,BEST,19.021353,72.842033,
"VANRAI MHADA, NIRLON INDUSTRIAL ESTATE",Bus,BEST,19.154696,72.856616,
"SHIVAJI CHOWK, KALWA NAKA",Bus,BEST,19.196343,72.987573,
AGARKAR CHOWK (ANDHERI-E),Bus,BEST,19.118989,72.847951,
PARVAT NAGAR,Bus,BEST,19.243123,72.860127,
MAHINDRA COMPANY GATE (B.H.A.D. COLONY),Bus,BEST,19.2069,72.866188,
KANHERI CAVES BASE,Bus,BEST,19.209119,72.901048,
D MONTE GARDEN,Bus,BEST,19.059656,72.826101,
JOHAR CHOWK (BHENDI BAZAAR),Bus,BEST,18.959751,72.831632,
VASANTRAO NAIK CHOWK (TARDEO),Bus,BEST,18.968448,72.81495,
AHILYABAI HOLKAR CHOWK (CHURCHGATE),Bus,BEST,18.933667,72.828737,
YASHWANTRAO CHAVAN PRATISHTHAN (MANTRALAYA),Bus,BEST,18.925698,72.826902,
PAREL WORKSHOP,Bus,BEST,19.000816,72.837916,
MAHARASHTRA NAGAR (MANKHURD),Bus,BEST,19.051961,72.936104,
VICEROY PARK,Bus,BEST,19.210381,72.871131,
KENDRIYA VIHAR (SECTOR 12),Bus,BEST,19.037451,73.065729,
"VIRWANI ESTATE, SARVODAYA NAGAR",Bus,BEST,19.169297,72.858641,
I.C.L.SCHOOL (VASHI),Bus,BEST,19.073402,73.012048,
AMRUT NAGAR (VIKHROLI-W),Bus,BEST,19.101183,72.911816,
RAGHUVANSHI MILL,Bus,BEST,18.992052,72.824465,
"SASOON DOCK, COLABA FIRE STATION",Bus,BEST,18.916166,72.826482,
APNA BAZAR (MIRA ROAD),Bus,BEST,19.275162,72.867976,
MAHARANA PRATAP CHOWK (MULUND CHECK NAKA-W),Bus,BEST,19.184276,72.953969,
BABULNATH,Bus,BEST,18.957791,72.808997,
JALVAYU VIHAR (KHARGHAR),Bus,BEST,19.049581,73.070097,
BORIVALI PHATAK (E),Bus,BEST,19.23388,72.858041,
BORIVALI (W)STATION (JAYA TALKIES),Bus,BEST,19.227899,72.855619,
SEVEN BUNGALOWS GARDEN,Bus,BEST,19.128769,72.816502,
"PETROL PUMP, MAHESHWARI MANSION (NAPEAN SEA ROAD)",Bus,BEST,18.961254,72.801521,
ESIC NAGAR,Bus,BEST,19.120793,72.829882,
KALAMBOLI COLONY,Bus,BEST,19.022159,73.10096,
BANDRA TALAO,Bus,BEST,19.055969,72.837077,
SUYASH SHOPPING CENTRE,Bus,BEST,19.176319,72.877871,
NEW INDIA QUARTERS (ANDHERI-W),Bus,BEST,19.116182,72.837955,
KURLA (W) LEVEL CROSSING,Bus,BEST,19.058274,72.871203,
NAFA,Bus,BEST,19.071089,72.863081,
SANTACRUZ STATION (E),Bus,BEST,19.081431,72.842465,
VIDYA NAGARI (KALINA),Bus,BEST,19.072579,72.861019,
BOMBAY DYEING,Bus,BEST,19.006285,72.82963,
"KIRTI COLLEGE, INDIA UNITED MILL",Bus,BEST,19.020841,72.832952,
NEHRU PLANETARIUM (WORLI),Bus,BEST,18.989451,72.81403,
GOPIKRISHNA PIRAMAL HOSPITAL,Bus,BEST,18.998286,72.825153,
PRABHADEVI,Bus,BEST,19.013729,72.829548,
VEER HUTATMA BHAI KOTWAL UDYAN (PLAZA),Bus,BEST,19.020992,72.842384,
POLICE CAMP,Bus,BEST,19.0112,72.817753,
BARKAT ALI DARGAH,Bus,BEST,19.018359,72.866294,
SAHAR VILLAGE,Bus,BEST,19.098617,72.865004,
CENTRAL DAIRY (AAREY COLONY),Bus,BEST,19.154265,72.878804,
"GAUTAM NAGAR, DEONAR ABATTOIR",Bus,BEST,19.059112,72.913928,
AFGHAN CHURCH,Bus,BEST,18.90698,72.81676,
AZAD NAGAR (ANDHERI),Bus,BEST,19.130194,72.837678,
SHATABDI HOSPITAL (DEONAR),Bus,BEST,19.049526,72.910396,
TEEN MURTI,Bus,BEST,19.223146,72.871314,
FIRE BRIGADE JUNCTION (ANTOP HILL),Bus,BEST,19.025903,72.868304,
SAMATA NAGAR (KANDIVALI),Bus,BEST,19.205758,72.869092,
DATTA MANDIR (INCOME TAX COLONY),Bus,BEST,19.131301,72.862257,
VASANTRAO NAIK CHOWK (TARDEO),Bus,BEST,18.968223,72.816584,
B.P.T. COLONY (BARKAT ALI MARG),Bus,BEST,19.014698,72.863048,
PATKAR COMPOUND (BHANDUP-W),Bus,BEST,19.159394,72.930936,
POST & TELEGRAPHS (MULUND-W),Bus,BEST,19.16983,72.946126,
KORA KENDRA,Bus,BEST,19.221935,72.853388,
HINDMATA CINEMA (PAREL),Bus,BEST,19.01063,72.842914,
MAHESHWARI UDYAN (KINGS CIRCLE),Bus,BEST,19.028699,72.858793,
JAWAHAR NAGAR (GOREGAON-W),Bus,BEST,19.159334,72.84645,
"KANNAMWAR NAGAR, BUILDING NO.124",Bus,BEST,19.12241,72.940314,
PANCHAVATI,Bus,BEST,19.116832,73.002728,
SAHAR POLICE STATION,Bus,BEST,19.102047,72.876273,
CHHATRAPATI SHIVAJI MAHARAJ TERMINUS(CSMT),Bus,BEST,18.939354,72.835568,
NERUL SECTOR 42,Bus,BEST,19.015475,73.015145,
WORLI SEA FACE (N),Bus,BEST,19.013918,72.817019,
"KOPAR KHAIRANE, SECTOR 15",Bus,BEST,19.100877,73.004321,
ATMARAM TOWER,Bus,BEST,19.246141,72.845421,
BOMBAY DYEING,Bus,BEST,19.006294,72.829715,
SHANTI ASHRAM (BORIVALI-W),Bus,BEST,19.24121,72.847127,
VIHAR LAKE,Bus,BEST,19.139655,72.898136,
JUHU BUS STATION,Bus,BEST,19.106995,72.826795,
SANTACRUZ STATION (W) ROAD,Bus,BEST,19.083496,72.838083,
CHHATRAPATI SHIVAJI INTERNATIONAL AIRPORT (SAHAR),Bus,BEST,19.100673,72.874392,
COLABA BUS STATION,Bus,BEST,18.912749,72.822906,
MUNICIPAL ENGLISH SCHOOL,Bus,BEST,19.214431,72.876853,
COMRADE P.K.KURNE CHOWK (WORLI ),Bus,BEST,19.005267,72.820997,
"SWAMI NARAYAN CHOWK, DADAR STATION -E",Bus,BEST,19.018355,72.844599,
DHIRAJ ENCLAVE,Bus,BEST,19.215331,72.869521,
SAIBABA MANDIR (WORLI),Bus,BEST,19.006319,72.815383,
BHAVISHYA NIDHI BHAVAN (CHARKOP),Bus,BEST,19.215335,72.831035,
"DR.DATTA SAMANT CHOWK, SAKINAKA",Bus,BEST,19.105267,72.885965,
KULKARNI WADI,Bus,BEST,19.098523,72.897799,
GANDHI MARKET (CHEMBUR),Bus,BEST,19.045863,72.89667,
KONKAN RAILVIHAR,Bus,BEST,19.022051,73.016392,
GANDHI NAGAR (KANJURMARG),Bus,BEST,19.124332,72.925134,
HIRANANDANI (POWAI),Bus,BEST,19.120163,72.906621,
TELEPHONE EXCHANGE (BARVE NAGAR),Bus,BEST,19.088976,72.904141,
GARODIA PALACE,Bus,BEST,19.074549,72.906417,
VIKHROLI STATION ROAD (E),Bus,BEST,19.108523,72.931961,
VIKHROLI STATION ROAD (E),Bus,BEST,19.109255,72.933463,
KHIRA NAGAR (SANTACRUZ-W),Bus,BEST,19.087255,72.838109,
NEW INDIA QUARTERS (ANDHERI-W),Bus,BEST,19.113098,72.838746,
MULUND COURT,Bus,BEST,19.174302,72.958552,
"N.L.COMPLEX, RIDDHI SIDDHI SOCIETY (DAHISAR-E)",Bus,BEST,19.260986,72.865748,
FIVE GARDENS,Bus,BEST,19.021604,72.854086,
MALAD STATION (W),Bus,BEST,19.187873,72.847315,
SHINDEWADI (DADAR-E),Bus,BEST,19.012121,72.843796,
RAJSHIV BUILDING,Bus,BEST,19.244337,72.867232,
"JARIMARI, BANDRA TALAO",Bus,BEST,19.057568,72.836753,
AZIZ BAUG,Bus,BEST,19.037316,72.894896,
HANUMAN MANDIR (BHANDUP-W),Bus,BEST,19.154914,72.935024,
WADI BUNDER,Bus,BEST,18.957644,72.842762,
TILAK NAGAR RAILWAY STATION,Bus,BEST,19.066134,72.891356,
KURLA BUS STATION (E),Bus,BEST,19.064412,72.880206,
SWATI STUDIO,Bus,BEST,19.163213,72.852675,
HIGHLAND PARK (MULUND-W),Bus,BEST,19.169883,72.932312,
WAREHOUSE (SAHAR),Bus,BEST,19.102973,72.866864,
PHOENIX CHEMICALS (BYCULLA-E),Bus,BEST,18.985403,72.8375,
SARVODAY MAHABUDDHA VIHAR (TILAK NAGAR CHEMBUR),Bus,BEST,19.067499,72.892545,
OMKARESHWAR MANDIR,Bus,BEST,19.229881,72.863502,
JOHAR CHOWK (BHENDI BAZAAR),Bus,BEST,18.959254,72.831869,
BASANT PARK,Bus,BEST,19.051635,72.894131,
JIJAMATA UDYAN (BYCULLA),Bus,BEST,18.980795,72.83624,
AAREY UNIT NO.32,Bus,BEST,19.164379,72.870081,
LIC OFFICE (BORIVALI -W),Bus,BEST,19.242324,72.852329,
BALKUM NAKA,Bus,BEST,19.221331,72.98984,
DONGRI,Bus,BEST,18.95735,72.834055,
SHREE SWAMI SAMARTH NAGAR MARKET,Bus,BEST,19.144783,72.823665,
MAXUS MALL (BHAYANDER-W),Bus,BEST,19.294755,72.850258,
FILMALAYA (AMBOLI),Bus,BEST,19.127921,72.844048,
ACHARYA ATRE CHOWK (WORLI NAKA),Bus,BEST,18.997169,72.816578,
KASTURBA GANDHI CHOWK (C.P.TANK),Bus,BEST,18.95513,72.825881,
"MHADA COLONY, MALVANI",Bus,BEST,19.178915,72.813559,
HUTATMA CHOWK,Bus,BEST,18.93374,72.830228,
WADALA FLYOVER BRIDGE,Bus,BEST,19.018817,72.860642,
SHIMPAVALI VILLAGE,Bus,BEST,19.223879,72.84245,
GODREJ CHOWK (KEMPS CORNER),Bus,BEST,18.964106,72.808155,
MULUND RAILWAY STATION (W),Bus,BEST,19.17386,72.957326,
"R.T.O. (ANDHERI-W), NEW VIKAS HOUSING SOCIETY",Bus,BEST,19.132471,72.825681,
CHOWPATTY BAND STAND,Bus,BEST,18.955686,72.808514,
SUKH SAGAR,Bus,BEST,18.956557,72.813318,
WILSON COLLEGE,Bus,BEST,18.956546,72.810213,
"RAJASTHANI SAMMELAN CAMPUS, CHINCHVALI",Bus,BEST,19.176968,72.845953,
KALA NAGAR (BANDRA-E) MHADA OFFICE,Bus,BEST,19.055334,72.847899,
"16TH ROAD, KHAR",Bus,BEST,19.073364,72.830812,
"MUNICIPAL OFFICE, BHABHA HOSPITAL (BANDRA-W)",Bus,BEST,19.057385,72.833922,
KHAR STATION (W),Bus,BEST,19.069838,72.839718,
ST.ANDREW S CHURCH,Bus,BEST,19.054669,72.825972,
S.K.PATIL AROGYADHAM (MALAD-E),Bus,BEST,19.188654,72.854569,
E.S.I.S.HOSPITAL (KANDIVALI- E),Bus,BEST,19.202107,72.856234,
GOREGAON CHECK NAKA NO.1,Bus,BEST,19.166422,72.855962,
BHUMI COMPLEX,Bus,BEST,19.20053,72.821537,
VAKOLA MASJID,Bus,BEST,19.081718,72.855435,
ST.JOSEPH TECHNICAL SCHOOL,Bus,BEST,19.08093,72.888712,
"BHOIWADA, MANE MASTER CHOWK",Bus,BEST,19.005718,72.846384,
"JAMBHULPADA, SHIVSENA OFFICE",Bus,BEST,19.093726,72.898941,
"TAGORE NAGAR UDYAN, VIKHROLI BRIDGE",Bus,BEST,19.113655,72.9337,
GHANSOLI RAILWAY STATION,Bus,BEST,19.116397,73.007737,
MAHIM PHATAK,Bus,BEST,19.044536,72.844534,
"10TH ROAD, CHEMBUR CHURCH",Bus,BEST,19.056624,72.900447,
PRINCESS DOCK,Bus,BEST,18.955268,72.842032,
FILMISTAN (GOREGAON-W),Bus,BEST,19.162794,72.84603,
E.S.I.S.HOSPITAL (MULUND),Bus,BEST,19.179587,72.945679,
"MAHAVIR NAGAR EXTENSION (KANDIVLI-W), PARIJAT SOCIETY",Bus,BEST,19.214446,72.839527,
"DR.RAVINDRA KULKARNI CHOWK, SASMIRA (WORLI)",Bus,BEST,19.010117,72.820091,
GOREGAON STATION (E),Bus,BEST,19.164324,72.850963,
ST.ANTHONY CHURCH,Bus,BEST,19.10639,72.89371,
MARINE LINES RAILWAY STATION,Bus,BEST,18.946167,72.82379,
SEWREE STATION (E),Bus,BEST,18.997818,72.8547,
PALI MARKET,Bus,BEST,19.062053,72.829519,
DAHISAR BRIDGE,Bus,BEST,19.254838,72.856867,
AGRIPADA POLICE STATION,Bus,BEST,18.977615,72.824211,
VASANTRAO NAIK CHOWK (TARDEO),Bus,BEST,18.968683,72.816109,
SAHARA (GOREGAON-W),Bus,BEST,19.154003,72.845133,
"LOKSHAHIR SATHE UDYAN, SUMAN NAGAR",Bus,BEST,19.054206,72.884335,
WORLI VILLAGE,Bus,BEST,19.016632,72.820968,
SHIVAJI CHOWK (ANDHERI-E),Bus,BEST,19.110091,72.849335,
VITTHAL MANDIR (KANDIVALI-W),Bus,BEST,19.2002,72.826634,
OMKARESHWAR MANDIR,Bus,BEST,19.230044,72.863588,
DOCKYARD COLONY (KANJURMARG-W),Bus,BEST,19.130692,72.926549,
VAKOLA PIPE LINE,Bus,BEST,19.080723,72.852044,
VESAVA VILLAGE,Bus,BEST,19.138518,72.806703,
ANTOP HILL POST OFFICE,Bus,BEST,19.024465,72.86383,
CHHATRAPATI SHIVAJI MAHARAJ TERMINUS (GPO),Bus,BEST,18.93856,72.836452,
PARSI AGYARI,Bus,BEST,18.949346,72.800364,
"I.E.S SCHOOL, (J.V.L.R)",Bus,BEST,19.128513,72.887551,
MAHARASHTRA NAGAR (MANKHURD),Bus,BEST,19.051266,72.937662,
"DHARAN TALAO, ASHTAGANDHA SOCIETY",Bus,BEST,19.010831,73.016417,
"KHOT ROAD, BHATIPADA",Bus,BEST,19.150876,72.935947,
GOKULDHAM MARKET,Bus,BEST,19.175608,72.869733,
DEVIPADA,Bus,BEST,19.225915,72.863638,
JAWAHAR NAGAR (GOREGAON-W),Bus,BEST,19.15928,72.846526,
MOUNT MARY STEPS (MUNICIPAL GARDEN),Bus,BEST,19.048254,72.825018,
"ACHARYA GARDEN, DIAMOND GARDEN",Bus,BEST,19.053462,72.899944,
KONKAN RAILVIHAR,Bus,BEST,19.022006,73.016715,
YOGASHRAM,Bus,BEST,19.167919,72.79079,
"MAROSHI NAKA, PICNIC POINT",Bus,BEST,19.136596,72.881683,
MAHARASHTRA NAGAR (BHANDUP-W),Bus,BEST,19.140214,72.928201,
OLD AGRA ROAD (KURLA-W),Bus,BEST,19.079228,72.879886,
ADARSH DAIRY (MALAD-W),Bus,BEST,19.19264,72.841892,
GENERAL ARUN KUMAR VAIDYA MARG JUNCTION (GOREGAON-E),Bus,BEST,19.174502,72.861005,
PRABODHANKAR THACKERAY CHOWK (DADAR-W),Bus,BEST,19.019814,72.837332,
"VIDYABEN GARDI SCHOOL, KESHAVPADA",Bus,BEST,19.171366,72.947571,
MASTER WADI,Bus,BEST,19.151946,72.790616,
SHIVAJI CHOWK (ANDHERI-E),Bus,BEST,19.111672,72.849553,
MAHATMA PHULE MARKET (CRAWFORD MARKET),Bus,BEST,18.946681,72.835316,
"DAMU NAGAR, MAYUR MARKET",Bus,BEST,19.2009667,72.8788833,
COMRADE GULABRAO GANACHARYA CHOWK,Bus,BEST,18.985968,72.831697,
HANUMAN NAGAR (MALAD-E),Bus,BEST,19.172865,72.875353,
RANI SATI MARG JUNCTION (MALAD-E),Bus,BEST,19.179993,72.858682,
EDENWOOD,Bus,BEST,19.2279,72.9695333,
NAVRANG HOTEL,Bus,BEST,19.040051,73.067716,
THANE CIVIL HOSPITAL,Bus,BEST,19.199028,72.978987,
VESAVA-YARI ROAD BUS STATION,Bus,BEST,19.139531,72.808499,
"MAHARASHTRA NAGAR (KANDIVALI-W), YADAV NAGAR",Bus,BEST,19.207098,72.833903,
NORTH BOMBAY SCHOOL,Bus,BEST,19.096521,72.907864,
GRANT ROAD STATION (E),Bus,BEST,18.963164,72.816522,
AGHADI NAGAR,Bus,BEST,19.126918,72.859209,
FATHER AGNEL ASHRAM (BANDRA-W),Bus,BEST,19.044636,72.819016,
EMPIRE MILL,Bus,BEST,19.000339,72.828523,
SHIVAJI NAGAR (GOVANDI) TERMINUS,Bus,BEST,19.060641,72.925338,
BELA NIVAS,Bus,BEST,19.114534,72.86163,
PODDAR & RUIA COLLEGE (MATUNGA),Bus,BEST,19.023815,72.849725,
R.N.A. COMPLEX,Bus,BEST,19.060621,72.851116,
ORKAY MILL,Bus,BEST,19.121603,72.870551,
O.N.G.C.COLONY (DINDOSHI),Bus,BEST,19.173846,72.868212,
PRABHADEVI,Bus,BEST,19.013466,72.828978,
KHERWADI POLICE STATION,Bus,BEST,19.065174,72.850059,
KAMRAJ NAGAR (KANDIVALI-W),Bus,BEST,19.210121,72.835713,
BHANDUP PEOPLES SCHOOL,Bus,BEST,19.140033,72.925568,
TAPOVAN (PATHANWADI),Bus,BEST,19.179921,72.859671,
HINDUSTAN PETROLEUM COLONY (GOREGAON -E),Bus,BEST,19.172392,72.869516,
R.N.A. COMPLEX (BANDRA-E),Bus,BEST,19.056055,72.845238,
CHHATRAPATI SHIVAJI MAHARAJ TERMINUS(CSMT),Bus,BEST,18.94035,72.838416,
DHOBI GHAT (BORIVALI-E),Bus,BEST,19.23195,72.8657667,
INTER STATE BUS STATION (ANIK),Bus,BEST,19.04273,72.878668,
MAHARANA PRATAP CHOWK (MAZGAON),Bus,BEST,18.96844,72.841538,
NAHUR RAILWAY STATION,Bus,BEST,19.15721,72.946907,
SARSOLE BUS STATION,Bus,BEST,19.039858,73.01464,
"WADALA STATION, P&T QUARTERS",Bus,BEST,19.016213,72.85769,
MAROL PIPELINE,Bus,BEST,19.110582,72.872306,
BHARATIYA AROGYA NIDHI HOSPITAL,Bus,BEST,19.111613,72.828521,
BANDRA (W) BUS STATION,Bus,BEST,19.053893,72.839568,
MAHALAXMI MANDIR (DEONAR),Bus,BEST,19.046926,72.919641,
MIRA ROAD MARKET,Bus,BEST,19.278454,72.85828,
BHANDUP PUMPING CENTRE,Bus,BEST,19.155548,72.957298,
AZAD FLOUR MILL,Bus,BEST,18.985414,72.8407,
R.B.I COLONY (GOREGAON-E),Bus,BEST,19.172085,72.870353,
"MOUNT CARMEL CHURCH, LILAVATI HOSPITAL",Bus,BEST,19.05093,72.827505,
MARAWALI CHURCH,Bus,BEST,19.040821,72.894097,
"SANT ROHIDAS SABHAGURHA, KURLA POST OFFICE",Bus,BEST,19.064464,72.874439,
SEVEN BUNGALOWS GARDEN,Bus,BEST,19.128697,72.816807,
CHINCHVALI BUNDER ROAD,Bus,BEST,19.179582,72.837138,
CAFE PARADISE,Bus,BEST,18.961837,72.829968,
JOHNSON & JOHNSON COMPANY,Bus,BEST,19.174934,72.942085,
R.C.F.POLICE STATION,Bus,BEST,19.036042,72.895277,
RUSHI COMPLEX EXTENSION (DAHISAR - W),Bus,BEST,19.257229,72.851349,
"YOGI NAGAR, JAYRAJ NAGAR (BORIVALI -W)",Bus,BEST,19.234737,72.840597,
SAIFEE HOSPITAL,Bus,BEST,18.952351,72.818098,
LALA LAJPATRAI COLLEGE,Bus,BEST,18.981944,72.814321,
RAMGAD (ANITA NAGAR),Bus,BEST,19.197547,72.878668,
MHADA COLONY (OSHIWARA),Bus,BEST,19.134143,72.826288,
SUNDAR NAGAR (MALAD-W),Bus,BEST,19.175251,72.845232,
MAHARANA PRATAP CHOWK (MULUND CHECK NAKA-W),Bus,BEST,19.182731,72.953798,
GHANSOLI VILLAGE,Bus,BEST,19.126191,73.004432,
LOKMANYA TILAK HOSPITAL (SION),Bus,BEST,19.037635,72.861096,
GAMMON HOUSE,Bus,BEST,19.014666,72.826251,
PARSI GENERAL HOSPITAL,Bus,BEST,18.968321,72.803451,
CRISIL HOUSE,Bus,BEST,19.117237,72.91068,
SHRAWAN YASHWANTE CHOWK (KALA CHOWKY),Bus,BEST,18.987195,72.841649,
PHOENIX CHEMICALS (BYCULLA-E),Bus,BEST,18.985268,72.837414,
PRABODHANKAR THACKERAY NAGAR BUS STATION (CHARKOP),Bus,BEST,19.220004,72.828787,
SECTOR 7 (MIRA ROAD),Bus,BEST,19.278529,72.863407,
SWAMI VIVEKANAND VIDYALAYA (BORIVALI -W),Bus,BEST,19.225842,72.831768,
SAMRAT ASHOK NAGAR (DEONAR),Bus,BEST,19.055615,72.91142,
AHILYABAI HOLKAR CHOWK (CHURCHGATE),Bus,BEST,18.934434,72.827085,
NAVJEEVAN NAGAR (GOREGAON-E),Bus,BEST,19.1528,72.8804,
MANDALA,Bus,BEST,19.041978,72.934832,
HIGHWAY APARTMENT (SION),Bus,BEST,19.047919,72.867113,
GAVDEVI MANDIR (THANE),Bus,BEST,19.184664,72.972453,
BHARATMATA CINEMA,Bus,BEST,18.996117,72.837065,
"FIRE BRIGADE, KHARODI COLONY",Bus,BEST,19.196682,72.821769,
VILE PARLE SUBWAY,Bus,BEST,19.091876,72.846344,
KAMAL TALAO,Bus,BEST,19.196549,72.813125,
600 TENAMENT GATE,Bus,BEST,19.054461,72.921159,
JAGDUSHA NAGAR,Bus,BEST,19.099882,72.908699,
CHINCHVALI BUNDER ROAD,Bus,BEST,19.180007,72.836539,
NATRAJ STUDIO,Bus,BEST,19.117177,72.854263,
KALAMBOLI FIRE BRIGADE,Bus,BEST,19.026249,73.104516,
VESAVA VILLAGE,Bus,BEST,19.138437,72.806789,
WHITE HOUSE,Bus,BEST,18.950432,72.801854,
NAVRANG TALKIES (ANDHERI-W),Bus,BEST,19.124776,72.841693,
MAHAPE NAKA,Bus,BEST,19.113406,73.008734,
SHANTI NAGAR (ANDHERI-E),Bus,BEST,19.119504,72.863623,
SHASTRI NAGAR (BORIVALI -W),Bus,BEST,19.217941,72.851679,
"KANNAMWAR NAGAR, PRAVIN HOTEL",Bus,BEST,19.116627,72.935543,
BHABREKAR NAGAR,Bus,BEST,19.205402,72.824281,
TEEN MURTI,Bus,BEST,19.223119,72.87158,
PASSPORT OFFICE (WORLI),Bus,BEST,19.0115333,72.8210833,
CHINCH BUNDER,Bus,BEST,18.958933,72.838402,
"MALVANI BLOCK NO.5, POLICE STATION",Bus,BEST,19.191315,72.821573,
MHADA COLONY (SHIMPAVALI),Bus,BEST,19.21972,72.836129,
MUMBAI CENTRAL STATION,Bus,BEST,18.968804,72.820268,
RAMESH HOTEL(MALAD-E),Bus,BEST,19.187032,72.862072,
BABASAHEB WORLIKAR CHOWK (CENTURY BAZAAR),Bus,BEST,19.012586,72.822691,
DADOJI KONDEV NAGAR (KHARDEV NAGAR),Bus,BEST,19.057042,72.909539,
PT.PALUSKAR CHOWK (OPERA HOUSE)- MARWADI VIDYALAYA,Bus,BEST,18.957265,72.817324,
MARY IMMACULATE SCHOOL,Bus,BEST,19.24788,72.853581,
SAHYADRI NAGAR (CHARKOP),Bus,BEST,19.210346,72.828709,
JUI NAGAR RAILWAY STATION,Bus,BEST,19.056046,73.019187,
JAIN MANDIR (MIRA ROAD),Bus,BEST,19.280037,72.862293,
P.W.D. COLONY (RISING CITY),Bus,BEST,19.069465,72.912348,
MANTRALAYA,Bus,BEST,18.928587,72.824498,
"DR.RAVINDRA KULKARNI CHOWK, SASMIRA (WORLI)",Bus,BEST,19.010126,72.820261,
ANAND NAGAR MARKET,Bus,BEST,19.255764,72.864619,
KARTVYA NAGAR,Bus,BEST,19.007749,72.859196,
WADALA GATE NO.4,Bus,BEST,19.022421,72.860868,
SAI CHITRA SOCIETY (KANDIVALI-W),Bus,BEST,19.21652,72.820734,
EVERARD NAGAR,Bus,BEST,19.050769,72.875206,
RANI LAXMIBAI CHOWK (SION),Bus,BEST,19.041557,72.863308,
EVERSHINE NAGAR (MALAD-W),Bus,BEST,19.192364,72.834599,
LAXMI INDUSTRIAL ESTATE (ANDHERI-W),Bus,BEST,19.135691,72.83198,
MADKEBUWA CHOWK (PAREL),Bus,BEST,19.001864,72.838238,
HEALTH CENTRE (VIDYANAGARI),Bus,BEST,19.072479,72.860088,
VIDYA NAGARI (KALINA),Bus,BEST,19.071132,72.858625,
BANK OF MAHARASHTRA (KANDIVALI-W),Bus,BEST,19.212641,72.828441,
BAYER HOUSE,Bus,BEST,19.118664,72.912438,
AHILYABAI HOLKAR CHOWK (CHURCHGATE),Bus,BEST,18.933043,72.826981,
BORIVALI (W) STATION,Bus,BEST,19.230139,72.856607,
MALAD STATION (W),Bus,BEST,19.189057,72.848198,
SHANTI NAGAR (ANDHERI-E),Bus,BEST,19.120226,72.863918,
RESERVE BANK OF INDIA (FORT),Bus,BEST,18.93285,72.836181,
SAIBABA ROAD (LALBAUG),Bus,BEST,18.994693,72.841263,
JIJAMATA UDYAN (BYCULLA),Bus,BEST,18.981083,72.834331,
SAMRAT HOTEL (MATUNGA-E),Bus,BEST,19.03089,72.844875,
BHANDUP VILLAGE (E),Bus,BEST,19.15,72.943904,
KARIM BUNGALOWS,Bus,BEST,19.152329,72.870453,
DHARKHADI,Bus,BEST,19.252418,72.873625,
ASALPHA VILLAGE,Bus,BEST,19.095803,72.895634,
"AIROLI SECTOR 4, CORPORATION BANK",Bus,BEST,19.153999,72.999496,
"PADMASHREE MOHAMMED RAFI CHOWK, BANDRA (W)",Bus,BEST,19.051362,72.838335,
ADV. PALJIBHAI BORICHA CHOWK,Bus,BEST,19.146792,72.828169,
"RANI LAXMIBAI CHOWK, SION STATION",Bus,BEST,19.047285,72.863228,
RAWLI CAMP,Bus,BEST,19.036772,72.868906,
MARIAMMAN MANDIR,Bus,BEST,19.189186,72.837616,
DATTA WADI,Bus,BEST,19.200551,72.999127,
B.S.E.S.SUB STATION-CHEMBUR,Bus,BEST,19.059144,72.899363,
JIJAMATA NAGAR (WORLI),Bus,BEST,18.993413,72.820162,
NAFA,Bus,BEST,19.071017,72.863034,
NAVJEEVAN SOCIETY (TARDEO),Bus,BEST,18.966264,72.818504,
KALA NAGAR (BANDRA-E),Bus,BEST,19.053582,72.848926,
KANNAMWAR NAGAR NO.2,Bus,BEST,19.120521,72.938727,
SHIMPAVALI TELEPHONE EXCHANGE,Bus,BEST,19.224005,72.840205,
SHIVAJI PARK GYMKHANA,Bus,BEST,19.025813,72.837043,
RANI SATI MARG (MALAD-E) MUNICIPAL SCHOOL,Bus,BEST,19.18354,72.852062,
BHAYANDER POLICE STATION,Bus,BEST,19.300924,72.846896,
SAIBABA NAGAR (KANDARPADA),Bus,BEST,19.260564,72.852897,
SANDUWADI (CHEMBUR-E),Bus,BEST,19.053271,72.897123,
AMBASSADOR HOTEL (SAHAR),Bus,BEST,19.104133,72.874447,
KABUTARKHANA (DADAR-W),Bus,BEST,19.01837,72.839803,
"SAMAJ MANDIR HALL (VASHI), SECTOR 11",Bus,BEST,19.082837,73.000439,
KURAR VILLAGE,Bus,BEST,19.185991,72.858336,
"KANDIVALI INDUSTRIAL ESTATE, GANESH NAGAR",Bus,BEST,19.204456,72.828238,
HANUMAN MANDIR (BHANDUP-W),Bus,BEST,19.157489,72.943513,
MUNICIPAL COLONY (VIKHROLI-W),Bus,BEST,19.103606,72.916139,
SARVODAYA NAGAR (BHANDUP-W),Bus,BEST,19.148517,72.930823,
"SHIRDI NAGAR, RAM NAGAR (BHAYANDER-E)",Bus,BEST,19.306054,72.861536,
BEHRAM BAUG,Bus,BEST,19.146852,72.836658,
BORIVALI (E) STATION,Bus,BEST,19.229354,72.857568,
NORTH BOMBAY SCHOOL,Bus,BEST,19.09662,72.907778,
BEST QUARRIES (CHANDIVALI),Bus,BEST,19.11203,72.90095,
"PADMASHREE MOHAMMED RAFI CHOWK, BANDRA (W)",Bus,BEST,19.054903,72.837677,
KANDIVALI STATION (W),Bus,BEST,19.206323,72.851021,
BHANDUP VILLAGE (W),Bus,BEST,19.151671,72.943324,
MARATHA COLONY,Bus,BEST,19.073791,72.847107,
MADKEBUWA CHOWK (PAREL),Bus,BEST,19.005785,72.839071,
BANDRA TALKIES,Bus,BEST,19.062292,72.835657,
SHARDASHRAM VIDYAMANDIR,Bus,BEST,19.016372,72.837695,
VIDYA VIHAR BUS STATION (W),Bus,BEST,19.080129,72.896143,
DR.K.B.HEDGEWAR CHOWK,Bus,BEST,19.163849,72.937143,
JIJAMATA MUNICIPAL SCHOOL(BYCULLA-E),Bus,BEST,18.9803,72.84003,
"DATTA TEKDI, SHIV TEKDI",Bus,BEST,19.139188,72.861635,
"MHADA COLONY, MALVANI",Bus,BEST,19.178996,72.813122,
JARIMARI (SAKINAKA),Bus,BEST,19.09307,72.882853,
HUTATMA CHOWK,Bus,BEST,18.933578,72.830161,
RAJENDRA NAGAR,Bus,BEST,19.221271,72.861073,
ANTOP HILL BUS STATION,Bus,BEST,19.025966,72.866613,
H.P. NAGAR (MAHUL),Bus,BEST,19.02773,72.892687,
MANDLI TALAO,Bus,BEST,19.299696,72.849294,
SHANTI NAGAR (MADH),Bus,BEST,19.150131,72.79095,
FAMOUS STUDIO,Bus,BEST,18.986866,72.823681,
ERLA MASJID,Bus,BEST,19.110951,72.837208,
"JARIMARI MATA MANDIR, S.T.OFFICE (WORLI)",Bus,BEST,18.994774,72.815288,
MULUND STN - E,Bus,BEST,19.17161,72.956755,
FOREST STREET (POWAI),Bus,BEST,19.114815,72.908647,
DATTAGURU CO-OPERATIVE HOUSING SOCIETY,Bus,BEST,19.047983,72.920191,
HINDUSTAN DORR-OLIVER LIMITED,Bus,BEST,19.112688,72.856956,
ALANKAR CINEMA,Bus,BEST,18.958147,72.825138,
BHARATI VIDYAPITH,Bus,BEST,19.026299,73.056299,
TUMNI PADA,Bus,BEST,19.221481,72.886284,
NEELKAMAL NAKA,Bus,BEST,19.2733333,72.8853333,
LAXMI INDUSTRIAL ESTATE (ANDHERI-W),Bus,BEST,19.13552,72.832104,
SARVODAYA BALIKA VIDYALAYA (MALAD-W),Bus,BEST,19.177293,72.845972,
CHAINANI ELDER S HOME,Bus,BEST,19.166687,72.963648,
SHIVAJI NAGAR BUS STATION,Bus,BEST,19.065918,72.929175,
NEHRU PLANETARIUM (WORLI),Bus,BEST,18.989027,72.814021,
HIRA NAGAR (MULUND-W),Bus,BEST,19.161835,72.94568,
AAREY MUNICIPAL SCHOOL,Bus,BEST,19.149133,72.877685,
"MALAD STATION (E), PODDAR PARK",Bus,BEST,19.184631,72.850046,
GANESH SOCIETY (KANDIVALI-W),Bus,BEST,19.219328,72.830784,
HAFFKINE INSTITUTE,Bus,BEST,19.001452,72.844431,
"AIROLI SECTOR 4, CORPORATION BANK",Bus,BEST,19.153177,72.999648,
SHIVSENA OFFICE (CHEMBUR-W),Bus,BEST,19.062064,72.905832,
KAMGAR NAGAR (KURLA-E),Bus,BEST,19.059374,72.885472,
KASTURBA GANDHI HOSPITAL (SAATRASTA),Bus,BEST,18.983048,72.828413,
CHECK POST,Bus,BEST,19.209669,72.899136,
BANDRA COLONY BUS STATION,Bus,BEST,19.061732,72.850631,
MAHESHWARI UDYAN (KINGS CIRCLE),Bus,BEST,19.0269,72.856011,
BHANDUP VILLAGE (E),Bus,BEST,19.149928,72.943856,
TADWADI (MAZGAON),Bus,BEST,18.966152,72.839214,
"DR.DATTA SAMANT CHOWK, SAKINAKA",Bus,BEST,19.105475,72.885309,
SHANTARAM PUJARE CHOWK (KALA CHOWKY),Bus,BEST,18.989784,72.835911,
A.P.M.C. FRUIT AND VEGETABLE MARKET,Bus,BEST,19.076222,73.009683,
AKSA VILLAGE,Bus,BEST,19.176525,72.79755,
GHATKOPAR STATION (E),Bus,BEST,19.0852167,72.9079167,
VAKOLA POLICE STATION,Bus,BEST,19.080542,72.851284,
RAMESHWAR MANDIR (BORIVALI -E),Bus,BEST,19.24442,72.870133,
"JAGATDEV N.VARMA CHOWK, KAPOLE NIWAS",Bus,BEST,19.024649,72.853581,
BKC TELEPHONE EXCHANGE,Bus,BEST,19.071058,72.871576,
GATE WAY OF INDIA,Bus,BEST,18.923245,72.833615,
KANDIVALI TELEPHONE EXCHANGE,Bus,BEST,19.211283,72.851702,
HAFFKINE INSTITUTE,Bus,BEST,19.001353,72.844602,
"MASINA HOSPITAL, RUSTOM BAUG",Bus,BEST,18.975899,72.837402,
AGRAWAL GREEN VILLAGE,Bus,BEST,19.2710333,72.8906167,
MUMBAI CENTRAL STATION,Bus,BEST,18.96838,72.820515,
VEER HUTATMA BHAI KOTWAL UDYAN (PLAZA),Bus,BEST,19.021299,72.841947,
CHAKALA,Bus,BEST,19.115038,72.857904,
PRARTHANALAYA,Bus,BEST,19.050962,72.821785,
RAM MANDIR (GOREGAON-W),Bus,BEST,19.152566,72.844563,
ABHISHEK APARTMENTS,Bus,BEST,19.120817,72.826403,
MINI NAGAR,Bus,BEST,19.24965,72.867448,
DATTA MANDIR,Bus,BEST,19.209958,72.837737,
BHANDUP VILLAGE (E),Bus,BEST,19.144698,72.950606,
GAONDEVI POLICE STATION,Bus,BEST,18.959962,72.812147,
KUMBHAR TUKDA,Bus,BEST,18.953776,72.826424,
BORIVALI (E) STATION,Bus,BEST,19.228903,72.858966,
VASUDEO BALWANT PHADKE CHOWK (DHOBI TALAO),Bus,BEST,18.942936,72.82798,
YASHWANTRAO CHAVAN PRATISHTHAN (MANTRALAYA),Bus,BEST,18.924433,72.826827,
CHAR NAL,Bus,BEST,18.958354,72.836684,
JUHU PRABHAT (ANDHERI-E),Bus,BEST,19.118082,72.828848,
HARIDAS NAGAR,Bus,BEST,19.22166,72.847796,
SHAHAJIRAJE SPORTS COMPLEX (ANDHERI-W),Bus,BEST,19.127863,72.837509,
MOTILAL NAGAR NO.2,Bus,BEST,19.163374,72.835344,
YOGI HOTEL (BORIVALI -W),Bus,BEST,19.235101,72.844277,
SWADESHI MARKET,Bus,BEST,18.949495,72.828867,
RANI LAXMIBAI CHOWK (SION),Bus,BEST,19.046473,72.865604,
RUIA COLLEGE (MATUNGA-E),Bus,BEST,19.021521,72.850344,
"GOTHIVALI VILLAGE, RABALE STATION",Bus,BEST,19.137149,73.003114,
MEGHWADI (DHARAVI),Bus,BEST,19.033859,72.85072,
ESIC NAGAR,Bus,BEST,19.121443,72.829824,
BAINGANWADI,Bus,BEST,19.058762,72.923438,
MHADA COLONY (SHIMPAVALI),Bus,BEST,19.219792,72.836119,
PUNCHASHEEL APARTMENTS,Bus,BEST,19.213327,72.841373,
PRARTHANA SAMAJ,Bus,BEST,18.957954,72.820543,
LOKMANYA TILAK NAGAR (ASALPHA),Bus,BEST,19.101899,72.890376,
LALJIPADA,Bus,BEST,19.201036,72.833908,
MALVANI AKASHWANI,Bus,BEST,19.196249,72.810748,
MAHATMA GANDHI HOSPITAL (PAREL),Bus,BEST,18.997583,72.840511,
BORIVALI (E) STATION,Bus,BEST,19.232083,72.858784,
SALASAR HANUMAN MANDIR (MALAD-W),Bus,BEST,19.192569,72.830691,
"MUMBAI CENTRAL STATION, RESERVE BANK",Bus,BEST,18.969898,72.82115,
HASRAT MOHANI CHOWK,Bus,BEST,18.966326,72.828768,
JAMA MASJID (POWAI),Bus,BEST,19.113232,72.902764,
"DR.DATTA SAMANT CHOWK, SAKINAKA",Bus,BEST,19.105601,72.885281,
DR.K.B.HEDGEWAR CHOWK BHANDUP SONAPUR,Bus,BEST,19.163632,72.938835,
VALENCIA BUILDING,Bus,BEST,19.025709,72.87862,
"GANDHI NAGAR (BANDRA-E), CHETANA COLLEGE",Bus,BEST,19.059887,72.847753,
"VASHI NAKA (CHEMBUR), M.M.R.D.A COLONY",Bus,BEST,19.030931,72.90284,
SIDDHARAJ SOCIETY,Bus,BEST,19.2351833,72.8722333,
KANDARPADA BUS STATION,Bus,BEST,19.262668,72.851202,
MANEKLAL MUNICIPAL SCHOOL,Bus,BEST,19.089915,72.902582,
SANGHARSH NAGAR (CHANDIVALI),Bus,BEST,19.108543,72.901293,
GAUTAM NAGAR (KANDIVALI-E),Bus,BEST,19.199751,72.878705,
SONA UDYOG INDUSTRIAL ESTATE,Bus,BEST,19.125804,72.853507,
AAI TULJABHAVANI CHOWK,Bus,BEST,19.141652,72.828734,
POST & TELEGRAPHS (MULUND-W),Bus,BEST,19.171185,72.943616,
BARKAT ALI DARGAH,Bus,BEST,19.018259,72.866418,
VASHI NAKA (CHEMBUR),Bus,BEST,19.031146,72.896884,
MACHHALIMAR (VESAVA),Bus,BEST,19.132614,72.812383,
MAHATMA GANDHI HOSPITAL (PAREL),Bus,BEST,18.99771,72.840653,
ANDHERI STATION (W),Bus,BEST,19.11981,72.845955,
JAMMU & KASHMIR BANK,Bus,BEST,19.280177,72.870903,
LODHA COMPLEX,Bus,BEST,19.292519,72.856568,
NIRLON SOCIETY,Bus,BEST,19.177297,72.836911,
"CHEMBUR LEVEL CROSSING, SHELL BRIDGE",Bus,BEST,19.063615,72.89748,
GOLDEN CHEMICALS (DAHISAR-E),Bus,BEST,19.262047,72.8733,
RELIANCE ENERGY OFFICE (TILAK NAGAR CHEMBUR),Bus,BEST,19.0667243,72.897323,
BORIVALI (E) STATION,Bus,BEST,19.231505,72.859621,
BALKUM PADA NO.1,Bus,BEST,19.221846,72.991134,
ANDHERI STATION (W),Bus,BEST,19.117885,72.846108,
MAHIM KOLIWADA,Bus,BEST,19.046475,72.838443,
P.W.D. GROUND (CHEMBUR),Bus,BEST,19.067585,72.910001,
ARIHANT INDUSTRIAL ESTATE,Bus,BEST,19.1494333,72.8478333,
PRARTHANA SAMAJ,Bus,BEST,18.957087,72.820325,
B.A.P.MARKET,Bus,BEST,19.073611,73.008342,
SHRIRANG SOCIETY (THANE),Bus,BEST,19.206074,72.980319,
KHAREGAON NAKA,Bus,BEST,19.201897,73.001495,
SUMATI SCHOOL,Bus,BEST,19.113438,72.824259,
MIRA-BHAYANDER MUNICIPAL HEAD OFFICE,Bus,BEST,19.30171,72.848208,
"VEENA NAGAR, GOVARDHAN NAGAR",Bus,BEST,19.182107,72.947048,
KHEDEKAR WADI,Bus,BEST,19.166614,72.954464,
JEEVAN BIMA NAGAR (BORIVALI -W),Bus,BEST,19.243985,72.849969,
SEVEN BUNGALOWS BUS STATION,Bus,BEST,19.130479,72.820426,
VAISHALI NAGAR (MULUND-W),Bus,BEST,19.186796,72.946163,
VIJAY VALLABH CHOWK (PYDHONIE),Bus,BEST,18.954548,72.832101,
MULUND RAILWAY STATION (W),Bus,BEST,19.17345,72.9564833,
PT.PALUSKAR CHOWK (OPERA HOUSE),Bus,BEST,18.954111,72.816501,
DADAR MARKET,Bus,BEST,19.020975,72.843752,
VENUS APARTMENT,Bus,BEST,19.308863,72.860916,
KRISHNA NAGAR (SAKI NAKA),Bus,BEST,19.099929,72.887953,
NERUL BUS STATION,Bus,BEST,19.039983,73.019324,
AGARKAR CHOWK (ANDHERI-E),Bus,BEST,19.119332,72.847903,
AMAR TALKIES,Bus,BEST,19.052173,72.910766,
J.MEHTA MARG (NAPEAN SEA ROAD),Bus,BEST,18.950553,72.795901,
INDIRA DOCK,Bus,BEST,18.938236,72.838161,
GATE WAY PLAZA (POWAI),Bus,BEST,19.123904,72.91198,
POUSHMATA MANDIR,Bus,BEST,19.281048,72.955259,
MATRUCHAYA (GURUPRASAD SOCIETY),Bus,BEST,19.103469,72.849853,
MAHATMA GANDHI HOSPITAL (PAREL),Bus,BEST,18.998333,72.84089,
"LALLUBHAI COMPOUND, DR.AMBEDKAR CHOWK",Bus,BEST,19.053803,72.926888,
PRATIKSHA NAGAR (MHADA COLONY),Bus,BEST,19.04178,72.876503,
BALLARD PIER,Bus,BEST,18.934083,72.842218,
TROMBAY,Bus,BEST,19.034364,72.949396,
ANDHERI STATION (W),Bus,BEST,19.1184,72.845043,
KAILAS INDUSTRIAL ESTATE,Bus,BEST,19.112206,72.917952,
COLABA BUS STATION,Bus,BEST,18.913896,72.822725,
ANAND NAGAR (KOPRI) POLICE CHOWKY,Bus,BEST,19.173489,72.968583,
KURAR POLICE CHOWKY,Bus,BEST,19.185696,72.863699,
MAHESHWARI UDYAN (KINGS CIRCLE),Bus,BEST,19.02755,72.856229,
ACHARYA ATRE CHOWK (WORLI NAKA),Bus,BEST,18.996997,72.816436,
"SSC BOARD OFFICE, ST.LAWRENCE SCHOOL (VASHI)",Bus,BEST,19.074245,73.000846,
RADHA SILK MILL,Bus,BEST,19.126248,72.855369,
MUMBAI CENTRAL STATION,Bus,BEST,18.968625,72.822319,
SUHASINI PAWASKAR MARG (DAHISAR-E),Bus,BEST,19.253439,72.871371,
BYCULLA STATION (E),Bus,BEST,18.976583,72.833613,
SANPADA POLICE CHOWKY,Bus,BEST,19.062905,73.010296,
JIVALA PADA,Bus,BEST,19.214518,72.869949,
AMBOLI NAKA,Bus,BEST,19.1283,72.8414667,
SHIVDHAM (RUSHI COMPLEX),Bus,BEST,19.253831,72.849601,
NETAJI SUBHASHCHANDRA BOSE SPORTS COMPLEX,Bus,BEST,19.2122,72.845235,
DR.M.IQBAL CHOWK (J J HOSPITAL),Bus,BEST,18.962101,72.832769,
MARATHI VIDNYAN PARISHAD (CHUNABHATTI),Bus,BEST,19.053408,72.879214,
SHITALADEVI TEMPLE (MAHIM),Bus,BEST,19.034001,72.842356,
SINDHUWADI,Bus,BEST,19.077738,72.903907,
KANJUR MARG VILLAGE (EEH),Bus,BEST,19.130251,72.94151,
DR. SHYAMAPRASAD MUKHERJEE CHOWK(MUSEUM),Bus,BEST,18.925756,72.833386,
PRABHADEVI,Bus,BEST,19.013385,72.829016,
VIKHROLI BUS STATION (E),Bus,BEST,19.110348,72.928901,
RYAN INTERNATIONAL SCHOOL(GOREGAON-E),Bus,BEST,19.171942,72.872207,
ODEON CINEMA,Bus,BEST,19.079022,72.908705,
VILE PARLE STATION (E),Bus,BEST,19.098705,72.844819,
ZUNKA BHAKAR KENDRA (MALVANI),Bus,BEST,19.1908,72.8256167,
CHINCHVALI BUNDER ROAD,Bus,BEST,19.18044,72.836291,
DR.BHADKAMKAR ROAD,Bus,BEST,18.960364,72.817312,
JOHAR CHOWK (BHENDI BAZAAR),Bus,BEST,18.958875,72.831661,
DR.M.IQBAL CHOWK (J J HOSPITAL),Bus,BEST,18.96322,72.831933,
MUNICIPAL LIBRARY (CHEMBUR),Bus,BEST,19.087887,72.917797,
NERUL VILLAGE,Bus,BEST,19.036732,73.015133,
R.B.I COLONY (CHEMBUR-E),Bus,BEST,19.051421,72.903014,
KHODADAD CIRCLE (DADAR TT),Bus,BEST,19.017155,72.847146,
ASHISH COMPLEX,Bus,BEST,19.2613833,72.8620167,
YOGI NAGAR (BORIVALI -W),Bus,BEST,19.235045,72.841595,
"SAIBABA MANDIR (GOVANDI), KOKAN BANK",Bus,BEST,19.06494,72.919617,
"PRARTHANA SAMAJ, HARKISHANDAS HOSPITAL",Bus,BEST,18.959047,72.819754,
MAHATMA GANDHI VIDYALAYA (JOGESHWARI-W),Bus,BEST,19.14322,72.836775,
NAIK NAGAR (DHARAVI),Bus,BEST,19.050953,72.86467,
"KANNAMWAR NAGAR, BUILDING NO.175",Bus,BEST,19.116438,72.940885,
FERRY WHARF,Bus,BEST,18.957034,72.849428,
DURGAMATA MANDIR,Bus,BEST,19.202896,72.862976,
"MATHADI BHAVAN, COMMODITY EXCHANGE",Bus,BEST,19.078968,73.009399,
BORIVALI (W) STATION,Bus,BEST,19.229859,72.856388,
IJMIMA,Bus,BEST,19.184113,72.831249,
ALIKA NAGAR JUNCTION,Bus,BEST,19.197869,72.87245,
"K.E.M HOSPITAL, NURSES QUARTERS",Bus,BEST,19.000837,72.843101,
JUHU BEACH,Bus,BEST,19.09602,72.827602,
GOREGAON STATION (E) BUS STATION,Bus,BEST,19.165217,72.850287,
STANDARD ALKALI COMPANY,Bus,BEST,19.119451,73.00636,
VIDYA MANDIR (DAHISAR-E),Bus,BEST,19.254968,72.862631,
DR. SHYAMAPRASAD MUKHERJEE CHOWK(MUSEUM),Bus,BEST,18.925629,72.83219,
"CHANDIVALI STUDIO, PETROL PUMP",Bus,BEST,19.114585,72.896007,
BHANDUP POLICE STATION,Bus,BEST,19.150939,72.937278,
SIDDHARTH NAGAR (GOREGAON-W) NO.2,Bus,BEST,19.15514,72.843525,
PAREL STATION (E),Bus,BEST,19.00713,72.836933,
SHANTI NAGAR,Bus,BEST,19.079163,72.875686,
MALAD STATION (W),Bus,BEST,19.18978,72.848559,
S.K.STONE (MIRA ROAD),Bus,BEST,19.28538,72.869768,
ELIA SARVAT JUNIOR COLLEGE,Bus,BEST,19.18725,72.8247667,
"MUKESH CHOWK (UMAR PARK, TATA GARDEN)",Bus,BEST,18.965728,72.803786,
G.S COLONY (BANDRA-E),Bus,BEST,19.063853,72.847665,
ADDITIONAL C.P.OFFICE (BANDRA-W),Bus,BEST,19.063602,72.822763,
KALA NAGAR (BANDRA-E),Bus,BEST,19.056345,72.846255,
SKYLARK,Bus,BEST,19.146499,72.823531,
MHADA COLONY (MAJAS),Bus,BEST,19.134104,72.866371,
BHAYANDER PHATAK (POLICE CHOWKY),Bus,BEST,19.298869,72.85507,
"CHAITYABHUMI, BHAGOJI KEER CREMETORI",Bus,BEST,19.025315,72.835789,
AHILYABAI HOLKAR CHOWK (CHURCHGATE),Bus,BEST,18.932827,72.82889,
JOHAR CHOWK (BHENDI BAZAAR),Bus,BEST,18.959534,72.83167,
GOREGAON CHECK NAKA NO.1,Bus,BEST,19.165132,72.858653,
JOGESHWARI TABELA,Bus,BEST,19.13832,72.845295,
"GODREJ FOODS COMPANY, VEG.OILS (WADALA-E)",Bus,BEST,19.009566,72.861512,
BHAKTI PARK GATE (ANIK),Bus,BEST,19.032919,72.879433,
COMRADE P.K.KURNE CHOWK (WORLI ),Bus,BEST,19.004363,72.820599,
GODREJ SOAP COMPANY (VIKHROLI-E),Bus,BEST,19.093209,72.925825,
BANDRA (E) PHATAK,Bus,BEST,19.05702,72.841399,
MADINA MANZIL (MALAD-W),Bus,BEST,19.173571,72.845689,
PUMP HOUSE (ANDHERI-E),Bus,BEST,19.125643,72.856577,
GODREJ COMPANY (VIKHROLI-E),Bus,BEST,19.101332,72.929302,
HOUSING COLONY (GOREGAON-E),Bus,BEST,19.173394,72.868479,
KACHPADA,Bus,BEST,19.189546,72.835476,
MORE MALL,Bus,BEST,19.21479,72.839993,
BORIVALI (W) BUS STATION,Bus,BEST,19.232172,72.856976,
VASANTRAO NAIK CHOWK (TARDEO),Bus,BEST,18.96928,72.816773,
OLD AGRA ROAD (KURLA-W),Bus,BEST,19.079138,72.879781,
SUNFLOWER SOCIETY,Bus,BEST,19.214484,72.875113,
MILITARY CAMP (KALINA),Bus,BEST,19.081955,72.857991,
STATE BANK (VILE PARLE-W),Bus,BEST,19.110015,72.829947,
SHREE RAM MILL,Bus,BEST,18.997769,72.822048,
RAWAL PADA,Bus,BEST,19.245568,72.870113,
MARWAH ROAD JUNCTION (SAKI VIHAR ROAD),Bus,BEST,19.10964,72.887864,
BANDRA BUS STATION,Bus,BEST,19.055793,72.845229,
MADHUBAN SOCIETY,Bus,BEST,19.224038,72.836078,
SHANTIVAN ROAD JUNCTION (OSHIWARA),Bus,BEST,19.151546,72.831712,
JUHU NAGAR (VASHI),Bus,BEST,19.084517,73.00158,
C.C.I.COLONY (GOREGAON-W),Bus,BEST,19.163106,72.839432,
VILE PARLE (W),Bus,BEST,19.102406,72.8394,
SHIVAJIRAJE COMPLEX (KANDIVALI-W) (EXTENSION),Bus,BEST,19.202157,72.821859,
LOHA BHAVAN,Bus,BEST,18.952268,72.841493,
KAMANI,Bus,BEST,19.08457,72.885176,
SANDUWADI (CHEMBUR-E),Bus,BEST,19.053271,72.897541,
CANARA BANK,Bus,BEST,19.058874,72.860761,
INDUSTRIAL ESTATE (VIKHROLI-W),Bus,BEST,19.100163,72.913935,
KHERWADI (BANDRA-E),Bus,BEST,19.060465,72.846641,
ISMAIL YUSUF COLLEGE,Bus,BEST,19.134496,72.855336,
VASHI BUS STATION,Bus,BEST,19.074427,72.999059,
LION S GATE,Bus,BEST,18.926796,72.833926,
CHHATRAPATI SHIVAJI MAHARAJ TERMINUS(CSMT),Bus,BEST,18.939282,72.835303,
"C.B.D.BELAPUR, KONKAN BHAVAN",Bus,BEST,19.024138,73.039636,
ANKUR PALACE,Bus,BEST,19.222737,72.849517,
S.K.PATIL GARDEN (CHARNI ROAD),Bus,BEST,18.949146,72.821481,
VATSALABAI DESAI CHOWK (HAJI ALI),Bus,BEST,18.977253,72.811724,
MHADESHWAR MANDIR,Bus,BEST,19.136562,72.82371,
CADBURY JUNCTION (THANE),Bus,BEST,19.204087,72.968033,
"ALBERT ROAD, TANAJI MALUSARE CHOWK",Bus,BEST,18.984638,72.842258,
SIDDHIVINAYAK TOWER (THANE),Bus,BEST,19.209047,72.973349,
MINILAND SOCIETY (BHANDUP-W),Bus,BEST,19.146918,72.933428,
WADALA FLYOVER BRIDGE,Bus,BEST,19.018673,72.862561,
JAIHIND CINEMA,Bus,BEST,18.984634,72.83525,
NITIN COMPANY JUNCTION,Bus,BEST,19.199182,72.963116,
SHIVAJI CHOWK (MULUND-W),Bus,BEST,19.175936,72.937721,
WORLD TRADE CENTRE,Bus,BEST,18.915374,72.818091,
CENTRAL CINEMA,Bus,BEST,18.954528,72.818352,
BHAGWATI HOSPITAL,Bus,BEST,19.241051,72.854631,
CHHATRAPATI SHIVAJI MAHARAJ TERMINUS(CSMT),Bus,BEST,18.940753,72.833403,
MAHIM MACHHIMAR NAGAR,Bus,BEST,19.046514,72.843706,
GANDHI NAGAR (KANJURMARG),Bus,BEST,19.126509,72.925239,
MAHAVIR NAGAR -EXTENSION (KANDIVLI-W),Bus,BEST,19.215267,72.836969,
KHERANI BAUG,Bus,BEST,19.103338,72.897636,
NEW INDIA QUARTERS (ANDHERI-W),Bus,BEST,19.116001,72.837898,
A.H.ANSARI CHOWK (NAGPADA),Bus,BEST,18.970809,72.831623,
"R.C.F.COLONY (CHEMBUR), GOLF CLUB",Bus,BEST,19.046026,72.898636,
SHINDEWADI (DADAR-E),Bus,BEST,19.011299,72.843142,
GANESH CHOWK,Bus,BEST,19.215264,72.833212,
OVALE,Bus,BEST,19.274498,72.960435,
DUDHSAGAR SOCIETY,Bus,BEST,19.168231,72.859279,
DHARAVI PUMPING STATION,Bus,BEST,19.047166,72.861442,
KALA NAGAR (BANDRA-E),Bus,BEST,19.053727,72.848736,
VARTAK NAGAR,Bus,BEST,19.210059,72.961785,
URBAN CO-OPERATIVE BANK (MULUND-W),Bus,BEST,19.168584,72.952068,
SEAWOOD DARAVE RAILWAY STATION,Bus,BEST,19.021174,73.01737,
PRAGATI HIGH SCHOOL (GORAI),Bus,BEST,19.227425,72.822199,
S.R.A COLONY MANKHURD (LALLUBHAI COMPOUND),Bus,BEST,19.049801,72.926908,
AAREY UNIT NO.7,Bus,BEST,19.1591,72.8822667,
SANT GADGE MAHARAJ CHOWK (SAATRASTA),Bus,BEST,18.98142,72.825879,
"DIVA VILLAGE, SECTOR 8",Bus,BEST,19.148109,72.994685,
SUNCITY COMPLEX,Bus,BEST,19.125921,72.921636,
A.T.I. (CHUNABHATTI),Bus,BEST,19.054078,72.881294,
NEHRU PLANETARIUM (WORLI),Bus,BEST,18.988575,72.813784,
"DR.DATTA SAMANT CHOWK, SAKINAKA",Bus,BEST,19.105006,72.887239,
SHANTARAM PUJARE CHOWK (KALA CHOWKY),Bus,BEST,18.989449,72.835901,
KINGSTON SEZ (POWAI),Bus,BEST,19.112774,72.910767,
PARLESHWAR MANDIR,Bus,BEST,19.102979,72.8459,
C.B.I.QUARTERS (GHATKOPAR-E),Bus,BEST,19.081751,72.910824,
KASHI VILLAGE,Bus,BEST,19.274411,72.885709,
MAHARSHI ARVIND CHOWK (MULUND-W),Bus,BEST,19.175603,72.951868,
TALOJA PHATA,Bus,BEST,19.032063,73.086215,
TURBHE POLICE STATION,Bus,BEST,19.063011,73.018999,
KAMALA NEHRU PARK (MALABAR HILL),Bus,BEST,18.955276,72.804717,
COAL BUNDER,Bus,BEST,18.98332,72.858384,
TEEN TAKI (KOPAR KHAIRANE),Bus,BEST,19.104997,73.003067,
PIONEER HIGH SCHOOL,Bus,BEST,19.030801,72.854556,
"ORLEM CHURCH, VALNAI VILLAGE",Bus,BEST,19.195456,72.838324,
YASHKRIPA BUILDING,Bus,BEST,19.221042,72.841919,
BELPADA VILLAGE,Bus,BEST,19.028456,73.060242,
HUMA CINEMA (KANJURMARG-W),Bus,BEST,19.129599,72.925837,
SEEPZ VILLAGE,Bus,BEST,19.129601,72.876288,
RUSHI COMPLEX (DAHISAR-W),Bus,BEST,19.251646,72.851514,
MAHESHWARI UDYAN (KINGS CIRCLE),Bus,BEST,19.02802,72.856391,
"CHECK POST NO.2, MAROL POLICE CAMP",Bus,BEST,19.123911,72.879988,
KANJUR MARG VILLAGE (EEH),Bus,BEST,19.130206,72.941805,
"KHAR POLICE STATION, SACRED HEART SCHOOL",Bus,BEST,19.074263,72.837615,
MAHESHWARI UDYAN (KINGS CIRCLE),Bus,BEST,19.028354,72.856485,
"TARDEO BUS STATION, RUSI MEHTA CHOWK",Bus,BEST,18.964576,72.820442,
SAHAKAR NAGAR (WADALA-W),Bus,BEST,19.012063,72.85131,
BHANDUP STATION (W) ROAD,Bus,BEST,19.146087,72.936014,
KALA NAGAR (BANDRA-E),Bus,BEST,19.054612,72.847785,
RAM GANESH GADKARI CHOWK (DADAR-W),Bus,BEST,19.021883,72.837786,
GEETA NAGAR (COLABA),Bus,BEST,18.913885,72.808543,
MAZGAON POST OFFICE,Bus,BEST,18.970986,72.840454,
PT.PALUSKAR CHOWK (OPERA HOUSE)- MARWADI VIDYALAYA,Bus,BEST,18.957564,72.81835,
ERLA,Bus,BEST,19.10686,72.840024,
"SAMAJ MANDIR HALL (SION KOLIWADA), PRATIKSHA NAGAR NO.1",Bus,BEST,19.040566,72.868837,
MONGINIS (ANDHERI-W),Bus,BEST,19.138835,72.831731,
BANDRA STATION (E),Bus,BEST,19.054816,72.841933,
"RAJMATA AHILYABAI HOLKAR UDYAN, KURLA LION S PARK",Bus,BEST,19.061383,72.872807,
RAHAT APARTMENT,Bus,BEST,19.07556,72.879773,
BHANDUP STATION (E),Bus,BEST,19.143369,72.939741,
LALJIPADA POLICE CHOWKY,Bus,BEST,19.203846,72.834163,
CHIRA BAZAR,Bus,BEST,18.949059,72.825288,
NOORBAUG,Bus,BEST,18.962538,72.837801,
"DR.AMBEDKAR UDYAN, CHEMBUR STATION",Bus,BEST,19.059822,72.901396,
"M.M.R.D.A., FAMILY COURT (BKC)",Bus,BEST,19.056041,72.851081,
CHARKOP NAKA,Bus,BEST,19.209204,72.822585,
SMALLSCALE INDUSTRIES,Bus,BEST,19.160677,72.857049,
THAKUR NAGAR (CAVES ROAD),Bus,BEST,19.137867,72.858299,
BHAVANS COLLEGE,Bus,BEST,19.12471,72.838471,
AGARKAR CHOWK (ANDHERI-E),Bus,BEST,19.119865,72.848236,
VASANTRAO NAIK CHOWK (TARDEO),Bus,BEST,18.96919,72.817257,
INCOME TAX COLONY (JOGESHWARI-E),Bus,BEST,19.131129,72.860765,
DAWN MILL,Bus,BEST,18.998153,72.828515,
SHREENATH COMPLEX,Bus,BEST,19.292196,72.861934,
LOKPURAM,Bus,BEST,19.22475,72.9697,
J.MEHTA MARG (NAPEAN SEA ROAD),Bus,BEST,18.950905,72.796119,
SAHAKAR NAGAR (SCLR- KURLA-E),Bus,BEST,19.063451,72.893527,
ACHARYA ATRE CHOWK (WORLI NAKA),Bus,BEST,18.999184,72.817554,
PRAVASI INDUSTRIAL ESTATE,Bus,BEST,19.172845,72.854703,
"ANAND NAGAR, APPAPADA (MALAD-E)",Bus,BEST,19.190514,72.869829,
VISHNU NAGAR,Bus,BEST,19.022683,72.902815,
SATYAM BUILDING,Bus,BEST,19.005664,72.832802,
WORLD TRADE CENTRE,Bus,BEST,18.915013,72.818566,
SANTOSH NAGAR (EXTENSION),Bus,BEST,19.167318,72.876772,
MULUND STATION (E),Bus,BEST,19.170779,72.956175,
BMC COMMISSIONERS BUNGALOW,Bus,BEST,18.973224,72.811442,
SANSKRITI APARTMENT,Bus,BEST,19.212942,72.863284,
KHAMBATA LANE,Bus,BEST,18.960396,72.824282,
CALICO CHEMICALS,Bus,BEST,19.022347,72.89778,
NEW CUSTOM HOUSE,Bus,BEST,18.934081,72.839617,
"KHAR, LINKING ROAD",Bus,BEST,19.072165,72.834129,
M.H.B.COLONY (BORIVALI -W),Bus,BEST,19.230553,72.838355,
DIAMOND BOURSE (BKC),Bus,BEST,19.066989,72.864946,
R.T.O.CAMP (KASHIMIRA),Bus,BEST,19.284386,72.889852,
GURU NANAK SCHOOL (VIKHROLI-W),Bus,BEST,19.104329,72.917194,
TATA COLONY (BANDRA-E),Bus,BEST,19.06197,72.856597,
"BANDRA (E) PHATAK, GATE NO.18",Bus,BEST,19.056225,72.841409,
SHANTI NAGAR (KALINA),Bus,BEST,19.074253,72.84972,
JOGESHWARI STATION-E,Bus,BEST,19.135288,72.850107,
SAVARKAR NAGAR,Bus,BEST,19.243054,72.865073,
ADARSH MARKET,Bus,BEST,19.013098,73.017842,
MARAWALI CHURCH,Bus,BEST,19.040947,72.893784,
"MAROL NAKA, MATA RAMABAI AMBEDKAR CHOWK",Bus,BEST,19.107831,72.880499,
"TATA NAGAR, SAMBHAJI NAGAR",Bus,BEST,19.051968,72.921388,
MAHIM,Bus,BEST,19.041318,72.840793,
AMBOLI NAKA,Bus,BEST,19.127606,72.846567,
SAI GARDEN (KANDIVALI-E),Bus,BEST,19.199171,72.873162,
KHIRA NAGAR (SANTACRUZ-W),Bus,BEST,19.086523,72.838138,
MANSUKH DYEING COMPANY,Bus,BEST,19.129564,72.93384,
TRAFFIC POLICE H.Q (WORLI),Bus,BEST,19.009329,72.816662,
N.S.C COMPOUND (GOREGAON-E),Bus,BEST,19.149122,72.855963,
ORLEM WELL,Bus,BEST,19.193361,72.839933,
MAHESHWARI UDYAN (KINGS CIRCLE),Bus,BEST,19.028318,72.85658,
A.H.ANSARI CHOWK (NAGPADA),Bus,BEST,18.97398,72.83238,
KHIRA NAGAR (SANTACRUZ-W),Bus,BEST,19.086957,72.838166,
NEHRU PLANETARIUM (WORLI),Bus,BEST,18.989397,72.813944,
JUHU BUS STATION,Bus,BEST,19.108396,72.826651,
E.S.I.S. LOCAL OFFICE POWAI,Bus,BEST,19.117329,72.889486,
I.T. PARK MAIN GATE (MALAD-E),Bus,BEST,19.176074,72.881132,
CHUNABHATTI,Bus,BEST,19.051813,72.867301,
MILIND NAGAR (BHANDUP-W),Bus,BEST,19.158798,72.931782,
"MUKUND COMPANY, P.W.D.OFFICE (KAMANI)",Bus,BEST,19.084256,72.890383,
"VISHAL HALL, PRAKASH STUDIO",Bus,BEST,19.118133,72.852248,
DOMNIC SCHOOL,Bus,BEST,19.126469,72.863733,
R.C.F.(CHEMBUR) HOSTEL,Bus,BEST,19.039258,72.893271,
SUYASH SHOPPING CENTRE,Bus,BEST,19.175991,72.877595,
KASHI VILLAGE,Bus,BEST,19.27395,72.885661,
SHIVAJI CHOWK (NERUL),Bus,BEST,19.044255,73.023211,
ZAKERIA MASJID,Bus,BEST,18.952714,72.833232,
"MALLET BUNDER, RAILWAY CROSSING",Bus,BEST,18.958929,72.846055,
EVERARD SOCIETY,Bus,BEST,19.049496,72.877363,
SAMRAT ASHOK NAGAR (DEONAR),Bus,BEST,19.054495,72.911563,
HOLY SPIRIT HOSPITAL (ANDHERI-E),Bus,BEST,19.127139,72.867326,
"SSC BOARD OFFICE, ST.LAWRENCE SCHOOL (VASHI)",Bus,BEST,19.074164,73.001245,
BHANDUP PUMPING CENTRE,Bus,BEST,19.154409,72.957706,
AJARA BANK,Bus,BEST,19.231005,72.825344,
HIRANANDANI GARDEN (POWAI),Bus,BEST,19.115764,72.908884,
SAMRAT HOTEL (CHURCHGATE),Bus,BEST,18.930711,72.826366,
GODREJ CHOWK (KEMPS CORNER),Bus,BEST,18.96397,72.808289,
"PODDAR HOSPITAL (WORLI), SIDDHARTH NAGAR",Bus,BEST,19.003185,72.81587,
SHIPPING CORPORATION (POWAI),Bus,BEST,19.123132,72.898379,
SHREYAS CINEMA,Bus,BEST,19.092501,72.910925,
NAVA GAON (DAHISAR-W),Bus,BEST,19.251449,72.85374,
HITCO,Bus,BEST,19.2799,72.877353,
PENKARPADA,Bus,BEST,19.263492,72.872253,
PRABODHANKAR THACKERAY NAGAR MARKET (CHARKOP),Bus,BEST,19.21611,72.828533,
MAHINDRA COMPANY GATE (B.H.A.D. COLONY),Bus,BEST,19.205391,72.8648,
SANTOSH NAGAR (EXTENSION),Bus,BEST,19.167291,72.876791,
LIBRA SOCIETY,Bus,BEST,19.198995,72.821909,
VATSALABAI DESAI CHOWK (HAJI ALI),Bus,BEST,18.97598,72.812114,
BALKANJI BARI SCHOOL,Bus,BEST,19.084712,72.832704,
NAIR HOSPITAL,Bus,BEST,18.973856,72.822675,
ADARSH HIGH SCHOOL (ANIK),Bus,BEST,19.021995,72.875943,
LOKIM COMPANY,Bus,BEST,19.22987,72.976612,
AGARKAR CHOWK (ANDHERI-E),Bus,BEST,19.118085,72.848113,
GHATLA MUNICIPAL SCHOOL,Bus,BEST,19.052714,72.906966,
BORIVALI (W) BUS STATION,Bus,BEST,19.23235,72.85705,
SAHAR CARGO COMPLEX,Bus,BEST,19.097506,72.865337,
NAVY NAGAR (COLABA),Bus,BEST,18.907471,72.808796,
KANDIVALI STATION (W),Bus,BEST,19.205239,72.85125,
VASHI VILLAGE,Bus,BEST,19.069351,72.988948,
CHAKALA,Bus,BEST,19.115119,72.858655,
SHIVNERI BUILDING (BORIVALI -W),Bus,BEST,19.227047,72.824425,
MULUND SONAPUR,Bus,BEST,19.17825,72.953798,
BABU GENU MARKET,Bus,BEST,19.095932,72.904224,
NADKARNI PARK WELFARE CENTRE,Bus,BEST,19.016144,72.863082,
RADHA SILK MILL,Bus,BEST,19.126121,72.855512,
SARASWATI VIDYAMANDIR (MAHIM),Bus,BEST,19.034538,72.847752,
BEST POWER HOUSE (KUSSARA),Bus,BEST,18.970095,72.845497,
"SHIVNER CHOWK, GANESH MANDIR (GHATKOPAR-E)",Bus,BEST,19.082058,72.912524,
PRABODHANKAR THACKERAY NAGAR BUS STATION (CHARKOP),Bus,BEST,19.220185,72.829119,
JAMA MASJID (MIRA ROAD),Bus,BEST,19.284515,72.857496,
GIRISHIKHAR,Bus,BEST,19.235973,72.87272,
KAMALA VIHAR SPORTS COMPLEX (POISAR),Bus,BEST,19.212723,72.843257,
FAROOKH VIDYALAYA,Bus,BEST,19.131618,72.847486,
AMBAWADI,Bus,BEST,19.24053,72.859691,
MOVIE STAR TALKIES (GOREGAON-W),Bus,BEST,19.1517,72.8469333,
E.S.I.S.HOSPITAL (THANE),Bus,BEST,19.20378,72.954206,
VIKHROLI STATION ROAD (E),Bus,BEST,19.109291,72.933453,
"KEVA FRAGRANCES, KELKAR COMPANY",Bus,BEST,19.184474,72.948312,
SHASTRI NAGAR (GOREGAON-W),Bus,BEST,19.159282,72.836554,
SHAHAJIRAJE SPORTS COMPLEX (ANDHERI-W),Bus,BEST,19.127112,72.83691,
SHANGRILA COMPANY,Bus,BEST,19.155619,72.93742,
"D.N.NAGAR, BARFIWALA VIDYALAYA",Bus,BEST,19.124136,72.830478,
DR.BHADKAMKAR ROAD,Bus,BEST,18.960066,72.817303,
NERUL SECTOR 2,Bus,BEST,19.044618,73.017777,
NEHRU NAGAR (KURLA-E),Bus,BEST,19.061875,72.883704,
MAROL LIONS CLUB,Bus,BEST,19.109572,72.875243,
"TALAVALI NAKA, NOCIL COMPANY",Bus,BEST,19.130744,73.003549,
JANKALYAN NAGAR,Bus,BEST,19.19967,72.818847,
CANOSSA SCHOOL (ANDHERI-E),Bus,BEST,19.125015,72.865131,
ELCO MARKET,Bus,BEST,19.055568,72.832327,
JUHU BUS STATION,Bus,BEST,19.108206,72.826594,
JAMA MASJID (POWAI),Bus,BEST,19.113332,72.90265,
LASHYACHANDI SOCIETY,Bus,BEST,19.17204,72.87118,
"NAHUR VILLAGE, MEHUL CINEMA",Bus,BEST,19.165928,72.949178,
KURLA STATION (W),Bus,BEST,19.067393,72.879093,
"GOVANDI STATION (E), PATWARDHAN SCHOOL",Bus,BEST,19.053854,72.913359,
ADDITIONAL C.P.OFFICE (BANDRA-W),Bus,BEST,19.062373,72.822298,
BYCULLA STATION (E),Bus,BEST,18.977965,72.833764,
JOHAR CHOWK (BHENDI BAZAAR),Bus,BEST,18.959173,72.831642,
ST.LAWRENCE HIGH SCHOOL (KANDIVALI-E),Bus,BEST,19.239547,72.847213,
KOKANI PADA (BORIVALI -E),Bus,BEST,19.24742,72.870416,
MOTI MAHAL (BANDRA-W),Bus,BEST,19.059335,72.832182,
NOVELTY SILK MILL (DAHISAR-E),Bus,BEST,19.253443,72.8656,
JUHU BEACH,Bus,BEST,19.096471,72.827839,
SAHYADRI NAGAR (CHARKOP),Bus,BEST,19.210825,72.828318,
BHARAT NAGAR (BANDRA-E),Bus,BEST,19.065258,72.854686,
BANDRA COLONY BUS STATION,Bus,BEST,19.061651,72.850736,
RAJKUMAR (ANDHERI-W),Bus,BEST,19.126337,72.838517,
SAVARKAR NAGAR,Bus,BEST,19.24299,72.865216,
NAHUR RAILWAY STATION,Bus,BEST,19.153831,72.943666,
WORLD TRADE CENTRE,Bus,BEST,18.914923,72.818699,
JUIPADA VILLAGE,Bus,BEST,19.051484,73.016877,
"DNYANSADHANA COLLEGE, KOPARI",Bus,BEST,19.183942,72.965027,
COMRADE P.K.KURNE CHOWK (WORLI ),Bus,BEST,19.006287,72.820863,
CHAINANI ELDER S HOME,Bus,BEST,19.166849,72.963543,
MANKHURD STATION (NORTH),Bus,BEST,19.050353,72.933995,
ASIAN PAINTS,Bus,BEST,19.159214,72.937486,
AGARI PADA (AAREY COLONY),Bus,BEST,19.1589,72.88075,
SAHAR CARGO COMPLEX,Bus,BEST,19.097407,72.865423,
S.G.BARVE MARG NAKA (KURLA-E),Bus,BEST,19.057378,72.887924,
KHODADAD CIRCLE (DADAR TT),Bus,BEST,19.016848,72.847298,
KANJUR MARG STATION (W),Bus,BEST,19.130756,72.92865,
VIDYA VIHAR BUS STATION (W),Bus,BEST,19.080129,72.896637,
BHAGWATI HOSPITAL,Bus,BEST,19.240771,72.854574,
RABALE NAKA,Bus,BEST,19.142706,73.002165,
SRUSHTI,Bus,BEST,19.270166,72.868625,
ASALPHA VILLAGE,Bus,BEST,19.096083,72.895501,
MITHAGAR,Bus,BEST,19.16291,72.95493,
L.I.C COLONY (KHAR-W),Bus,BEST,19.066118,72.829801,
SHAMRAO VITHAL BANK (CHEMBUR),Bus,BEST,19.059799,73.003274,
VESAVA-YARI ROAD BUS STATION,Bus,BEST,19.139558,72.808584,
CHIRAG NAGAR,Bus,BEST,19.086616,72.897585,
RAM GANESH GADKARI CHOWK (DADAR-W),Bus,BEST,19.026421,72.841032,
"MITH CHOWKY, KAVI.V.R.KANT CHOWK",Bus,BEST,19.19558,72.835044,
GHATKOPAR BUS STATION,Bus,BEST,19.088004,72.918547,
ROYAL COLLEGE,Bus,BEST,19.269725,72.870709,
KAMAL AMROHI STUDIO,Bus,BEST,19.133656,72.874651,
JIJAMATA VIDYALAYA (MALAD-E),Bus,BEST,19.188091,72.865247,
ANITA NAGAR,Bus,BEST,19.197202,72.875921,
PT.PALUSKAR CHOWK (OPERA HOUSE),Bus,BEST,18.954997,72.816197,
PRINCESS STREET (KALBADEVI),Bus,BEST,18.94654,72.827075,
KURLA BUS STATION (E),Bus,BEST,19.064919,72.880928,
COCACOLA COMPANY,Bus,BEST,19.280728,72.926357,
DAHISAR STATION (W),Bus,BEST,19.250115,72.859067,
MAFCO MARKET (SANPADA),Bus,BEST,19.070332,73.009101,
INTER STATE BUS STATION (ANIK),Bus,BEST,19.042585,72.879181,
ADARSH NAGAR (JOGESHWARI-W),Bus,BEST,19.1459,72.831916,
DOMESTIC AIRPORT TERMINAL 1-A,Bus,BEST,19.093373,72.85578,
VASUDEO BALWANT PHADKE CHOWK (DHOBI TALAO),Bus,BEST,18.942963,72.828113,
"MAHARASHTRA COLLEGE, ALEXANDRA CINEMA",Bus,BEST,18.967346,72.827362,
MHATRE PEN COMPANY,Bus,BEST,19.013301,72.837394,
KANJUR VILLAGE,Bus,BEST,19.132545,72.936254,
MAROL BHAVAN,Bus,BEST,19.112475,72.882692,
DATTANI PARK,Bus,BEST,19.211635,72.868648,
RANI LAXMIBAI CHOWK (SION),Bus,BEST,19.043879,72.86399,
BEST POWER HOUSE (KUSSARA),Bus,BEST,18.968839,72.84527,
"JAGATDEV N.VARMA CHOWK, KAPOLE NIWAS",Bus,BEST,19.0235,72.852062,
R.T.O.(GHATKOPAR-E),Bus,BEST,19.073231,72.910532,
M.M.R.D.A.COLONY BUILDING NO.31 (MAHUL),Bus,BEST,19.017465,72.888464,
"RETI BUNDER, KHARIGAON (KALWA)",Bus,BEST,19.210259,73.015457,
I.N.S.HAMALA (MAIN GATE) MARVE,Bus,BEST,19.19173,72.798524,
DATTANI PARK,Bus,BEST,19.211653,72.868249,
GHATKOPAR BUS STATION,Bus,BEST,19.087778,72.918595,
MADKEBUWA CHOWK (PAREL),Bus,BEST,19.004684,72.840753,
PATLI PADA,Bus,BEST,19.246077,72.976015,
YASHODHAN NAGAR (THANE),Bus,BEST,19.208478,72.954054,
MAHIM PHATAK,Bus,BEST,19.042884,72.845399,
KAPILVASTU BUDDHA VIHAR (KALINA),Bus,BEST,19.074955,72.860552,
HOLY NAME SCHOOL (COLABA),Bus,BEST,18.923162,72.831679,
PATHANWADI,Bus,BEST,19.180969,72.858587,
HIRADEVI MANDIR,Bus,BEST,19.157598,72.78657,
ASMITA JYOTI,Bus,BEST,19.196397,72.826865,
SANTOSH NAGAR (EXTENSION),Bus,BEST,19.167472,72.876668,
SWAMI DAYANAND SARASWATI CHOWK (FORT),Bus,BEST,18.936275,72.837536,
CHAKALA CIGARETTE FACTORY,Bus,BEST,19.1067,72.859658,
MATUNGA STATION (E),Bus,BEST,19.026779,72.850663,
DATTANI PARK,Bus,BEST,19.21169,72.869199,
BUILDING NO.5-N.G.PARK,Bus,BEST,19.243137,72.870067,
"GHATLA VILLAGE, GAJANAN PATIL MARG",Bus,BEST,19.052948,72.905597,
ABHINAV NAGAR,Bus,BEST,19.2316667,72.8679333,
DONGRE WADI,Bus,BEST,19.244935,72.869048,
A.P.M.C SECTOR 26,Bus,BEST,19.086891,73.010608,
MIRA ROAD MARKET,Bus,BEST,19.278237,72.858232,
KINGSTON SEZ (POWAI),Bus,BEST,19.115846,72.911945,
MIRA ROAD SECTOR 8,Bus,BEST,19.277211,72.86552,
"SHIVNER CHOWK, GANESH MANDIR (GHATKOPAR-E)",Bus,BEST,19.082113,72.912695,
NAVAPADA (VIDYAVIHAR-W),Bus,BEST,19.157724,72.876349,
AJIT GLASS FACTORY,Bus,BEST,19.146404,72.84297,
"MUNICIPAL GARDEN, BAND STAND (BANDRA-W)",Bus,BEST,19.046986,72.820021,
"E.S.I.S HOSPITAL, MIDC POLICE STATION",Bus,BEST,19.117816,72.867302,
BANDRA COLONY BUS STATION,Bus,BEST,19.06157,72.851049,
ADARSH HIGH SCHOOL,Bus,BEST,19.022031,72.875933,
GANDHI MAIDAN (WORLI),Bus,BEST,19.002031,72.8191,
SANT GADGE MAHARAJ CHOWK (SAATRASTA),Bus,BEST,18.98087,72.82757,
SHETTY VIDYALAYA (POWAI),Bus,BEST,19.115519,72.905862,
PASCALWADI,Bus,BEST,19.142874,72.79841,
MUNICIPAL GARAGE (WORLI),Bus,BEST,18.995499,72.819058,
"N.L.COMPLEX, RIDDHI SIDDHI SOCIETY (DAHISAR-E)",Bus,BEST,19.260182,72.865349,
DAIRY RESEARCH INSTITUTE,Bus,BEST,19.152235,72.867314,
BIRLA COMPANY,Bus,BEST,19.136574,72.929561,
MAHARASHTRA STATE CO-OPERATIVE BANK,Bus,BEST,19.069954,73.002032,
AHILYABAI HOLKAR CHOWK (CHURCHGATE),Bus,BEST,18.932728,72.829013,
ANIRUDDHA BHAVAN,Bus,BEST,19.053029,73.01664,
CUFFE PARADE POLICE STATION,Bus,BEST,18.912013,72.818113,
"JITENDRA MARG, POST OFFICE",Bus,BEST,19.180232,72.850087,
RAJ KAPOOR CHOWK (ANUSHAKTI NAGAR),Bus,BEST,19.043792,72.921123,
LOKMANYA TILAK HOSPITAL (SION),Bus,BEST,19.036252,72.860252,
KHADI BHANDAR,Bus,BEST,18.93703,72.83163,
SUYASH SHOPPING CENTRE,Bus,BEST,19.176344,72.877804,
SHRAWAN YASHWANTE CHOWK (KALA CHOWKY),Bus,BEST,18.987592,72.841525,
RANI LAXMIBAI CHOWK (SION),Bus,BEST,19.043499,72.863515,
ZULELAL CHOWK,Bus,BEST,19.143265,72.824284,
ANTOP HILL,Bus,BEST,19.026824,72.866308,
STRAND CINEMA,Bus,BEST,18.918652,72.82873,
SIR ALIYAWAR JUNG INSTITUTE(BANDRA-W),Bus,BEST,19.052154,72.83422,
ADV. PALJIBHAI BORICHA CHOWK,Bus,BEST,19.14681,72.828436,
HABALEPADA,Bus,BEST,19.163834,72.884446,
CHARNI ROAD RAILWAY STATION,Bus,BEST,18.950881,72.820947,
A.H.ANSARI CHOWK (NAGPADA),Bus,BEST,18.970439,72.832658,
J.B.NAGAR (ANDHERI-E),Bus,BEST,19.111827,72.868722,
"ALBERT ROAD, TANAJI MALUSARE CHOWK",Bus,BEST,18.984566,72.842344,
"MALVANI BLOCK NO.5, POLICE STATION",Bus,BEST,19.192535,72.82201,
JAIN MANDIR (GHATKOPAR-E),Bus,BEST,19.081651,72.90803,
DENA BANK (JOGESHWARI-E),Bus,BEST,19.133869,72.849823,
MINERVA CINEMA,Bus,BEST,18.963653,72.817784,
JUHU TARA ROAD,Bus,BEST,19.090066,72.827492,
"KHAR, S.V. ROAD",Bus,BEST,19.0699,72.837789,
KOKAN NAGAR (BHANDUP-W),Bus,BEST,19.145951,72.928714,
BHAYANDER RAILWAY STATION (W),Bus,BEST,19.312138,72.851874,
KALIDAS NATYAGRUH (MULUND-W),Bus,BEST,19.173498,72.949634,
VASHI VILLAGE,Bus,BEST,19.031359,72.887195,
NEW LINK ROAD JUNCTION (KANDIVALI-W),Bus,BEST,19.212583,72.836743,
BUILDING NO.5-N.G.PARK,Bus,BEST,19.243137,72.870181,
"BRAHMAND, AZAD NAGAR BUS STATION",Bus,BEST,19.247747,72.985859,
HANUMAN NAGAR (MALAD-E),Bus,BEST,19.172322,72.874279,
POLICE STATION (PANT NAGAR),Bus,BEST,19.085971,72.91469,
SHILP CHOWK,Bus,BEST,19.04679,73.069801,
SHITALADEVI TEMPLE (MAHIM),Bus,BEST,19.035446,72.841633,
KANJUR MARG STATION (W),Bus,BEST,19.130756,72.92865,
SHEETAL TALAO,Bus,BEST,19.084288,72.880615,
CHARKOP EKDANT SOCIETY,Bus,BEST,19.218001,72.820163,
"SHELL COLONY, SAMAJ MANDIR HALL (CHEMBUR)",Bus,BEST,19.062285,72.891998,
SHREYAS CINEMA,Bus,BEST,19.093143,72.912274,
BHARATMATA CINEMA,Bus,BEST,18.995277,72.837312,
CHANDIVALI VILLAGE,Bus,BEST,19.114116,72.899124,
INDIAN OIL NAGAR (ANDHERI-W),Bus,BEST,19.128751,72.828963,
VESAVA-YARI ROAD BUS STATION,Bus,BEST,19.139459,72.808451,
SANT JAGNADE CHOWK (LALBAUG),Bus,BEST,18.993262,72.836601,
SEEPZ BUS STATION,Bus,BEST,19.124549,72.872479,
CITYLIGHT CINEMA,Bus,BEST,19.031733,72.841294,
LOUISWADI,Bus,BEST,19.196454,72.962298,
GANESH MANDIR (BARVE NAGAR),Bus,BEST,19.095886,72.900908,
PANJARAPOL,Bus,BEST,19.045848,72.907842,
DR.AMBEDKAR NAGAR (CHEMBUR),Bus,BEST,19.063409,72.902535,
CHEETA CAMP,Bus,BEST,19.038384,72.944817,
SARVODAYA HOSPITAL (GHATKOPAR-W),Bus,BEST,19.08885,72.907097,
"WESTERN HOTEL, LAXMI BAUG",Bus,BEST,19.2764,72.888971,
MANKHURD STATION (SOUTH),Bus,BEST,19.045582,72.929949,
DON BOSCO/KHALSA COLLEGE,Bus,BEST,18.994673,72.853781,
LOKMANYA TILAK HOSPITAL (SION),Bus,BEST,19.037174,72.860641,
GURUDWAR CHOWK (ANDHERI-E),Bus,BEST,19.125637,72.862688,
CHENA BRIDGE,Bus,BEST,19.275785,72.916464,
SIDDHIVINAYAK MANDIR (PRABHADEVI),Bus,BEST,19.01775,72.831311,
SHREE PARLESHWAR SOCIETY,Bus,BEST,19.105898,72.846743,
VIJAY GARDEN,Bus,BEST,19.260116,72.969386,
PRABODHANKAR THACKERAY CHOWK (DADAR-W),Bus,BEST,19.019398,72.837038,
GELDA NAGAR,Bus,BEST,19.09727,72.907797,
TEMBIPADA PIPE LINE (BHANDUP),Bus,BEST,19.15531,72.929263,
MALAD STATION (W),Bus,BEST,19.187936,72.84663,
RANI LAXMIBAI CHOWK (SION),Bus,BEST,19.041331,72.86327,
SWAMI DAYANAND SARASWATI CHOWK (FORT),Bus,BEST,18.934414,72.83787,
MAHARASHTRA NAGAR (THANE),Bus,BEST,19.226699,72.970126,
RALLI WOLF,Bus,BEST,19.170606,72.940346,
FOREST STREET (POWAI),Bus,BEST,19.114896,72.908552,
SHIVAJI NAGAR (GOVANDI) POST OFFICE,Bus,BEST,19.062194,72.921803,
SION KOLIWADA,Bus,BEST,19.039868,72.864686,
GOLDEN CHEMICALS (DAHISAR-E),Bus,BEST,19.262156,72.873643,
ST.MARY SCHOOL (DAHISAR-E),Bus,BEST,19.25684,72.866958,
V.J.T.I.COLLEGE,Bus,BEST,19.023683,72.854513,
LAXMI NAGAR (GHATKOPAR-E),Bus,BEST,19.089675,72.916247,
"GAUTAM NAGAR, DEONAR ABATTOIR",Bus,BEST,19.058425,72.913966,
"DR.AMBEDKAR UDYAN, POWAI",Bus,BEST,19.126961,72.894243,
ADISHAKTI NAGAR (PIPE LINE),Bus,BEST,19.1854667,72.9466,
EVERARD NAGAR,Bus,BEST,19.05075,72.874674,
KURLA (W) LEVEL CROSSING,Bus,BEST,19.05409,72.868108,
PUNJAB FOUNDRY (MIRA ROAD),Bus,BEST,19.276035,72.882045,
ISHWARBHAI PATEL ROAD,Bus,BEST,19.161227,72.853912,
SAHAKARI BHANDAR (JUHU),Bus,BEST,19.103603,72.832347,
AAREY PUMP HOUSE,Bus,BEST,19.154019,72.87522,
MADKEBUWA CHOWK (PAREL),Bus,BEST,19.002966,72.838769,
GHATKOPAR STATION (E),Bus,BEST,19.084939,72.907829,
TANK BUNDER,Bus,BEST,18.988887,72.845703,
JAWAHAR NAGAR (GOREGAON-W),Bus,BEST,19.159867,72.845899,
DR.K.B.HEDGEWAR CHOWK BHANDUP SONAPUR,Bus,BEST,19.163813,72.938474,
TRIVENI NAGAR,Bus,BEST,19.181911,72.863986,
ANAND NAGAR (DAHISAR),Bus,BEST,19.258104,72.864485,
AIR INDIA QUARTERS,Bus,BEST,19.081401,72.870135,
NEW CUSTOM HOUSE,Bus,BEST,18.934027,72.839807,
CHITRANAGRI ENTRY GATE,Bus,BEST,19.165566,72.878161,
BHANDUP STATION (W) ROAD,Bus,BEST,19.145997,72.935767,
HASRAT MOHANI CHOWK,Bus,BEST,18.966543,72.828578,
SEEPZ VILLAGE,Bus,BEST,19.129963,72.878531,
PICNIC POINT ROAD,Bus,BEST,19.225067,72.884247,
BANDRA (W) BUS STATION,Bus,BEST,19.054173,72.840005,
"NAVSENA GATE, KIROL VILLAGE",Bus,BEST,19.08255,72.895724,
SHIVSHRUSHTI (KURLA-E),Bus,BEST,19.055307,72.882804,
BORIVALI (E) STATION,Bus,BEST,19.231866,72.857699,
JOHNSON & JOHNSON COMPANY,Bus,BEST,19.174916,72.941943,
LOKHANDWALA COMPLEX JUNCTION (JOGESHWARI-W),Bus,BEST,19.141834,72.83094,
AIR INDIA QUARTERS,Bus,BEST,19.079801,72.86834,
GHATKOPAR STATION (W),Bus,BEST,19.085716,72.907554,
DEONAR VILLAGE,Bus,BEST,19.050215,72.919925,
AHILYABAI HOLKAR CHOWK (CHURCHGATE),Bus,BEST,18.933811,72.827788,
MAHARSHI ARVIND CHOWK (MULUND-W),Bus,BEST,19.175432,72.952886,
NATIONAL (HINDUJA) HOSPITAL,Bus,BEST,19.034017,72.838765,
BYCULLA STATION (E),Bus,BEST,18.976014,72.83349,
"BYCULLA STATION (EAST), GLORIA CHURCH",Bus,BEST,18.975599,72.834753,
VATSALABAI DESAI CHOWK (HAJI ALI),Bus,BEST,18.979856,72.812481,
VIDYA NAGARI (KALINA) NORTH GATE,Bus,BEST,19.074047,72.852058,
VASHI BUS STATION,Bus,BEST,19.075863,72.997967,
ST.LAWRENCE HIGH SCHOOL (KANDIVALI-E),Bus,BEST,19.213149,72.861886,
GAWANGAON REFINERIES,Bus,BEST,19.00998,72.898345,
MANKHURD STATION (NORTH),Bus,BEST,19.049196,72.931696,
VASANTRAO NAIK CHOWK (TARDEO),Bus,BEST,18.968529,72.81515,
STATE BANK (GOREGAON-W),Bus,BEST,19.17402,72.841915,
KAPILVASTU BUDDHA VIHAR (KALINA),Bus,BEST,19.074855,72.860647,
JASLOK HOSPITAL,Bus,BEST,18.973041,72.809363,
"KHAR, LINKING ROAD",Bus,BEST,19.072852,72.834148,
LOKMANYA TILAK HOSPITAL (SION),Bus,BEST,19.037969,72.861229,
SHIVAJI CHOWK (MULUND-W),Bus,BEST,19.175963,72.937683,
JOHN BAPTIST ROAD,Bus,BEST,19.047948,72.825854,
SHANTARAM PATIL CHOWK (VASHI),Bus,BEST,19.072113,73.002251,
SHREYAS CINEMA,Bus,BEST,19.092872,72.912284,
ERLA MASJID,Bus,BEST,19.111691,72.83734,
"DR.DATTA SAMANT CHOWK,SAKI NAKA",Bus,BEST,19.102683,72.885614,
ISMAIL YUSUF COLLEGE,Bus,BEST,19.135426,72.855021,
SHIVAJI NAGAR BUS STATION,Bus,BEST,19.06618,72.929299,
ATMARAM NAGAR (SRUSHTI),Bus,BEST,19.263717,72.871749,
N.M.JOSHI MARG POLICE STATION,Bus,BEST,18.991,72.831636,
KACHPADA,Bus,BEST,19.188064,72.835819,
SHREE KRISHNA NAGAR (BORIVALI -E),Bus,BEST,19.23305,72.8643,
PARSI GENERAL HOSPITAL,Bus,BEST,18.96823,72.803451,
TOLANI NAKA,Bus,BEST,19.129668,72.865537,
SANT JAGNADE CHOWK (LALBAUG),Bus,BEST,18.991952,72.83645,
GORAI CREEK,Bus,BEST,19.232731,72.826247,
NAV SOCIETY,Bus,BEST,19.102252,72.853199,
"KRISHNA BAUG, FINE ARTS SOCIETY (CHEMBUR)",Bus,BEST,19.060064,72.896731,
ANAND NAGAR (OSHIWARA),Bus,BEST,19.15023,72.836142,
CUFFE PARADE POLICE STATION,Bus,BEST,18.91195,72.818189,
RAMADA HOTEL (POWAI),Bus,BEST,19.136494,72.899382,
GURUDWAR (MALAD-W),Bus,BEST,19.182342,72.817844,
SANT RAJINDER SINGH ASHRAM,Bus,BEST,19.112857,73.002471,
BANDRA (E) BUS STATION,Bus,BEST,19.056037,72.844858,
KISAN NAGAR JUNCTION,Bus,BEST,19.193463,72.95394,
GATE WAY PLAZA (POWAI),Bus,BEST,19.122784,72.913036,
COCACOLA COMPANY,Bus,BEST,19.280728,72.926728,
BIRLA KRIDA KENDRA,Bus,BEST,18.954616,72.814687,
"GULAL WADI, YADNIK CHOWK",Bus,BEST,18.956071,72.827723,
SHETHIYA NAGAR,Bus,BEST,19.097995,72.887935,
CHHATRAPATI SHIVAJI MAHARAJ TERMINUS(CSMT),Bus,BEST,18.940934,72.833165,
HINDUSTAN PETROLEUM (REAY ROAD),Bus,BEST,18.98125,72.85585,
ANJEERWADI,Bus,BEST,18.973281,72.840272,
MAXUS MALL (BHAYANDER-W),Bus,BEST,19.295008,72.850411,
"MAROL NAKA, MATA RAMABAI AMBEDKAR CHOWK",Bus,BEST,19.108733,72.877334,
MHADA COLONY (KANDIVALI-E),Bus,BEST,19.196018,72.872574,
MANDLI TALAO,Bus,BEST,19.299344,72.850018,
CHARKOP SECTOR 2,Bus,BEST,19.215429,72.824463,
KASTURI VIDYALAYA,Bus,BEST,19.152077,72.939274,
KURLA BUS STATION (E),Bus,BEST,19.064403,72.880187,
BAIL BAZAR,Bus,BEST,19.085499,72.881584,
AHILYABAI HOLKAR CHOWK (CHURCHGATE),Bus,BEST,18.936042,72.827454,
"SAMATA NAGAR, BONKODE",Bus,BEST,19.094752,73.005631,
EKTA VIVEK BUILDING,Bus,BEST,19.258124,72.851919,
RAM GANESH GADKARI CHOWK (DADAR-W),Bus,BEST,19.024117,72.841081,
ANKUR PALACE,Bus,BEST,19.222682,72.849574,
TAGORE NAGAR JUNCTION (KANJURMARG-E),Bus,BEST,19.124288,72.932757,
WADALA MONORAIL STATION ROAD,Bus,BEST,19.03662,72.873475,
DHARAVI FLYOVER,Bus,BEST,19.046265,72.850204,
SURUCHI,Bus,BEST,19.207694,72.864466,
TADWADI (MAZGAON),Bus,BEST,18.965267,72.838996,
BAHAR CINEMA,Bus,BEST,19.112271,72.854627,
INDIRA NAGAR (SEWREE),Bus,BEST,18.99265,72.854646,
SARDAR NAGAR NO.4 (GTB NAGAR),Bus,BEST,19.035714,72.867576,
COMMUNITY HALL (BANDRA-E),Bus,BEST,19.064432,72.849052,
MARSHAL WADI,Bus,BEST,19.179967,72.797851,
CEAT COMPANY,Bus,BEST,19.155023,72.943399,
SHOPPING PLAZA,Bus,BEST,19.111306,72.897462,
CHHATRAPATI SHIVAJI MAHARAJ TERMINUS(CSMT),Bus,BEST,18.940646,72.83477,
ABHYUDAYA BANK,Bus,BEST,19.226002,72.857437,
SHANTI ASHRAM JUNCTION,Bus,BEST,19.242442,72.844847,
DR.K.B.HEDGEWAR CHOWK BHANDUP SONAPUR,Bus,BEST,19.161428,72.93758,
KOLBAD,Bus,BEST,19.204123,72.977294,
KOKANIPADA (EXTENSION) (BORIVALI -E),Bus,BEST,19.245831,72.8725,
ASHIRWAD SOCIETY,Bus,BEST,19.112661,72.896511,
SEWREE STATION (W),Bus,BEST,18.998558,72.853389,
SANT GADGE MAHARAJ CHOWK (SAATRASTA),Bus,BEST,18.981882,72.827588,
VIDYA NAGARI (KALINA),Bus,BEST,19.073076,72.860885,
ODEON CINEMA,Bus,BEST,19.078995,72.908829,
ERLA,Bus,BEST,19.107393,72.840251,
KALBADEVI,Bus,BEST,18.9472,72.828812,
STATE BANK (KAMANI),Bus,BEST,19.08409,72.883618,
MAHARASHTRA WEIGHT BRIDGE (SION),Bus,BEST,19.054081,72.868098,
LODHA COMPLEX,Bus,BEST,19.292519,72.856682,
SIDDHIVINAYAK MANDIR (PRABHADEVI),Bus,BEST,19.017759,72.831302,
SHYAM NAGAR (MAJAS),Bus,BEST,19.138882,72.863574,
KURLA (W) LEVEL CROSSING,Bus,BEST,19.058943,72.871582,
JIJAMATA BHOSLE MARG JUNCTION (CHEMBUR),Bus,BEST,19.070321,72.906295,
NANA CHOWK,Bus,BEST,18.962113,72.812468,
"RAJA SHIVAJI HIGH SCHOOL, HINDU COLONY (DADAR-E)",Bus,BEST,19.021483,72.847371,
BHARATIYA AROGYA NIDHI HOSPITAL,Bus,BEST,19.111414,72.828416,
SHREE SWAMI SAMARTH NAGAR,Bus,BEST,19.139924,72.826055,
KHINDIPADA,Bus,BEST,19.1667333,72.9297833,
M.M.R.D.A.COLONY BUILDING NO.31 (MAHUL),Bus,BEST,19.017519,72.888046,
SEWREE PHATAK,Bus,BEST,18.99291,72.850809,
BHARANI NAKA (ANTOP HILL),Bus,BEST,19.025652,72.871021,
DEEPAK CINEMA,Bus,BEST,19.005997,72.831615,
DHARKHADI,Bus,BEST,19.25269,72.873533,
SEEPZ BUS STATION (NEW),Bus,BEST,19.130847,72.87508,
DEONAR BEST STAFF QUARTERS,Bus,BEST,19.047467,72.914254,
MODEL TOWN (MULUND-W),Bus,BEST,19.1843,72.9447833,
DARYA MAHAL,Bus,BEST,18.952966,72.797436,
ANTOP HILL CHURCH,Bus,BEST,19.032741,72.866657,
SANSKRITI APARTMENT,Bus,BEST,19.213241,72.863683,
KHODADAD CIRCLE (DADAR TT),Bus,BEST,19.01881,72.848693,
STRAND CINEMA,Bus,BEST,18.919366,72.829508,
GHATKOPAR STATION (E),Bus,BEST,19.085111,72.907991,
"NERUL SECTOR 46, 48",Bus,BEST,19.009367,73.015694,
BORIVALI (E) STATION,Bus,BEST,19.228315,72.857502,
PASSPORT OFFICE (WORLI),Bus,BEST,19.011283,72.82102,
KORA KENDRA,Bus,BEST,19.221682,72.853065,
GANDHI MARKET (KINGS CIRCLE),Bus,BEST,19.032701,72.859048,
SHAHU NAGAR (DHARAVI),Bus,BEST,19.039816,72.8515,
MULUND STATION (E),Bus,BEST,19.171402,72.958343,
DHARIVALI VILLAGE,Bus,BEST,19.169685,72.795931,
RUTU TOWER,Bus,BEST,19.247926,72.978934,
SHANTI DHAM,Bus,BEST,19.270701,72.873106,
SHIVAJI NAGAR JUNCTION (GOVANDI),Bus,BEST,19.062763,72.918497,
GODREJ CHOWK (KEMPS CORNER),Bus,BEST,18.964032,72.807045,
DR.M.IQBAL CHOWK (J J HOSPITAL),Bus,BEST,18.963483,72.832198,
DR.AMBEDKAR BHAVAN (VIDYA NAGARI),Bus,BEST,19.071871,72.854881,
NEW YELLOW GATE,Bus,BEST,18.949414,72.842995,
"SIKKA NAGAR, GANPATI MANDIR",Bus,BEST,18.956077,72.823412,
DON BOSCO SCHOOL (BORIVALI ),Bus,BEST,19.229706,72.842255,
MAROL MAROSHI BUS STATION,Bus,BEST,19.116503,72.879915,
BHANDUP POLICE STATION,Bus,BEST,19.152005,72.936118,
RAVIKIRAN SOCIETY,Bus,BEST,19.180607,72.816857,
"KHAR, S.V. ROAD",Bus,BEST,19.071363,72.836933,
BANDRA (W) BUS STATION,Bus,BEST,19.0547667,72.8400833,
GOREGAON STATION (E),Bus,BEST,19.165326,72.850392,
HANUMAN SOCIETY BUILDING NO.5,Bus,BEST,19.103679,72.852846,
JIJAMATA UDYAN (BYCULLA),Bus,BEST,18.980396,72.83475,
HANUMAN ROAD (VILE PARLE -E),Bus,BEST,19.105305,72.853577,
HELAN KELLAR INSTITUTE (MAHAPE),Bus,BEST,19.11355,73.012307,
BABASAHEB WORLIKAR CHOWK (CENTURY BAZAAR),Bus,BEST,19.014032,72.823668,
"KANNAMWAR NAGAR, BUILDING NO.124",Bus,BEST,19.122383,72.940295,
KORA KENDRA,Bus,BEST,19.220091,72.852581,
KANE NAGAR,Bus,BEST,19.029697,72.866269,
"SASOON DOCK, COLABA FIRE STATION",Bus,BEST,18.91604,72.82633,
S.K.PATIL AROGYADHAM (MALAD-E),Bus,BEST,19.188636,72.854084,
CONTAINER CORPORATION OF INDIA,Bus,BEST,19.155593,72.952887,
"VANITA SAMAJ, CHAITYABHOOMI",Bus,BEST,19.026788,72.836472,
GOLDEN NEST(BHAYANDER),Bus,BEST,19.29466,72.857223,
HABALEPADA,Bus,BEST,19.163816,72.884541,
SHALIMAR INDUSTRIES LIMITED,Bus,BEST,19.034503,72.853419,
AVDHUT NAGAR,Bus,BEST,19.2564167,72.8590333,
GOLDEN TOBACCO (VILE PARLE-W),Bus,BEST,19.104348,72.83937,
THAKKAR BAPPA COLONY (KURLA-E),Bus,BEST,19.058941,72.887306,
RIDDHI SIDDHI SOCIETY,Bus,BEST,19.169424,72.954959,
"SIKKA NAGAR, GANPATI MANDIR",Bus,BEST,18.956339,72.822899,
SHASTRI NAGAR (GOREGAON-W),Bus,BEST,19.159274,72.837457,
STATE BANK (MAROL),Bus,BEST,19.115229,72.879697,
"SHIV DARSHAN, TERESA ROAD (BHANDUP-W)",Bus,BEST,19.149365,72.92724,
EMPIRE MILL,Bus,BEST,19.000837,72.828903,
DNYANESHWAR NAGAR,Bus,BEST,19.005496,72.854078,
RAMKRISHNA MISSION (KHAR-W),Bus,BEST,19.074686,72.834241,
KINGSTON SEZ (POWAI),Bus,BEST,19.115963,72.911669,
HIRANANDANI COMPLEX JUNCTION (KHARGHAR),Bus,BEST,19.031786,73.065431,
CITYLIGHT CINEMA,Bus,BEST,19.029646,72.841666,
NANA-NANI PARK (VERSOVA),Bus,BEST,19.126783,72.818852,
VIKHROLI STATION ROAD (E),Bus,BEST,19.10968,72.932684,
"HEMGIRI SOCIETY, GANESH MANDIR",Bus,BEST,19.236485,72.864012,
GARDEN COURT CIRCLE,Bus,BEST,19.2583,72.977158,
AMBOLI NAKA,Bus,BEST,19.1287,72.847374,
VAZIRA NAKA,Bus,BEST,19.229102,72.844481,
BHARATMATA CINEMA,Bus,BEST,18.996352,72.836798,
JAY SHASTRI NAGAR,Bus,BEST,19.171419,72.933919,
DR. SHYAMAPRASAD MUKHERJEE CHOWK(MUSEUM),Bus,BEST,18.92627,72.831382,
JARIMARI (SAKINAKA),Bus,BEST,19.093784,72.883328,
SAIDHAM (GRANT ROAD),Bus,BEST,18.95796,72.81684,
JIJAMATA VIDYALAYA (MALAD-E),Bus,BEST,19.188055,72.865685,
CUMBALA HILL POST OFFICE,Bus,BEST,18.969437,72.809043,
THAKUR CINEMA (KANDIVALI-E),Bus,BEST,19.209984,72.872881,
KANTI NAGAR (ANDHERI-E),Bus,BEST,19.108429,72.866053,
DR.AMBEDKAR CHOWK (GOREGAON-E),Bus,BEST,19.173614,72.856823,
VALLABH PARK,Bus,BEST,19.077894,72.912374,
SHASTRI NAGAR (BORIVALI -W),Bus,BEST,19.218103,72.851641,
SHANTI BAUG (CHEMBUR),Bus,BEST,19.0572,72.895231,
GOREGAON-MULUND LINK ROAD (MULUND-W),Bus,BEST,19.160191,72.946812,
"PODDAR HOSPITAL (WORLI), SIDDHARTH NAGAR",Bus,BEST,19.000963,72.816081,
DADLANI PARK (THANE-W),Bus,BEST,19.22226,72.995965,
CUFFE PARADE MACCHIMAR NAGAR,Bus,BEST,18.917863,72.824782,
HINDMATA CINEMA (PAREL),Bus,BEST,19.008804,72.841738,
SHANKESHWAR BUILDING,Bus,BEST,19.074279,72.910873,
SEEPZ VILLAGE,Bus,BEST,19.129827,72.877371,
ASSISI NAGAR (CHEMBUR-W),Bus,BEST,19.060647,72.912303,
ST.TERESA CONVENT SCHOOL (SANTACRUZ-W),Bus,BEST,19.076712,72.837775,
DAULAT NAGAR (DAHISAR),Bus,BEST,19.236429,72.859294,
"MUKUND COMPANY, P.W.D.OFFICE (KAMANI)",Bus,BEST,19.084752,72.890317,
ASMITA SUPER MARKET,Bus,BEST,19.273028,72.864485,
INSPECTOR KAKLIS CHOWK,Bus,BEST,18.964032,72.843906,
AMBOLI NAKA,Bus,BEST,19.128565,72.847355,
B.S.E.S SUB-STATION (SWAMI SAMARTH NAGAR),Bus,BEST,19.134702,72.824976,
ANTOP HILL,Bus,BEST,19.02667,72.866413,
THANE STATION (E),Bus,BEST,19.18517,72.97561,
WADARPADA,Bus,BEST,19.16759,72.951137,
"CHECK POST NO.2, MAROL POLICE CAMP",Bus,BEST,19.123848,72.879874,
TARAPOREWALA AQUARIUM,Bus,BEST,18.949353,72.819468,
FOUR BUNGALOWS,Bus,BEST,19.129183,72.826501,
KALAMBOLI BUS STATION,Bus,BEST,19.027426,73.101192,
WORLI SEA FACE (S),Bus,BEST,19.005424,72.813769,
KANDIVALI BUS STATION (E),Bus,BEST,19.201807,72.853677,
SHIVAJIRAJE COMPLEX (KANDIVALI-W),Bus,BEST,19.201039,72.825112,
KURLA STATION (W),Bus,BEST,19.067213,72.879065,
CHANDAN CINEMA,Bus,BEST,19.114352,72.826294,
NITIN COMPANY JUNCTION,Bus,BEST,19.198667,72.963335,
PRAVASI INDUSTRIAL ESTATE,Bus,BEST,19.172637,72.854599,
JIJAMATA NAGAR (MAHUL),Bus,BEST,19.029788,72.887737,
LOKMANYA TILAK HOSPITAL (SION),Bus,BEST,19.036099,72.860147,
DR.COOPER HOSPITAL,Bus,BEST,19.107093,72.836536,
VILE PARLE STATION (E),Bus,BEST,19.098633,72.844629,
SARIPUT NAGAR,Bus,BEST,19.133322,72.874613,
SANGHARSH NAGAR (CHANDIVALI),Bus,BEST,19.108073,72.901151,
GANGA BHAVAN,Bus,BEST,19.135349,72.809938,
KAMALA MILL,Bus,BEST,19.002906,72.829984,
GENERAL ARUN KUMAR VAIDYA MARG JUNCTION (GOREGAON-E),Bus,BEST,19.17572,72.859483,
BANDONGRI,Bus,BEST,19.199173,72.860962,
E.S.I.S.HOSPITAL (MULUND),Bus,BEST,19.179162,72.945355,
BORIVALI (W) STATION,Bus,BEST,19.230808,72.855769,
"POLICHEM LIMITED, PEPSICO",Bus,BEST,19.022115,72.905532,
MULUND STATION (E),Bus,BEST,19.171737,72.958153,
MAHESHWARI UDYAN (KINGS CIRCLE),Bus,BEST,19.027478,72.856153,
MADH JETTY,Bus,BEST,19.144594,72.801859,
N.L.VIDYALAYA (MALAD-W),Bus,BEST,19.192833,72.847131,
E.S.I.S.HOSPITAL (KANDIVALI- E),Bus,BEST,19.201872,72.856444,
"PUNCHKUTIR, GANESH MANDIR (POWAI)",Bus,BEST,19.124012,72.909556,
OSWAL PARK,Bus,BEST,19.2145167,72.97645,
CHEMBUR COLONY,Bus,BEST,19.04672,72.893249,
THANE BELAPUR JUNCTION,Bus,BEST,19.067223,73.013395,
RAJHANS SOCIETY (BORIVALI -W),Bus,BEST,19.236681,72.857868,
AGARKAR CHOWK (ANDHERI-E),Bus,BEST,19.118338,72.847989,
VIDYA VIHAR BUS STATION (W),Bus,BEST,19.080075,72.89639,
SHASTRI NAGAR (GOREGAON-W),Bus,BEST,19.160158,72.834928,
TATA MOTORS,Bus,BEST,19.197727,72.949243,
MALBAR HILL POLICE STATION,Bus,BEST,18.94986,72.799386,
MAHALAXMI STATION,Bus,BEST,18.982982,72.824187,
GANDHI MARKET (KINGS CIRCLE),Bus,BEST,19.032728,72.859076,
TANK ROAD (BHANDUP-W),Bus,BEST,19.147135,72.936147,
MINI NAGAR,Bus,BEST,19.249667,72.867162,
PETIT HALL,Bus,BEST,18.95444,72.798223,
MATUNGA POST OFFICE,Bus,BEST,19.027603,72.85338,
WORLD TRADE CENTRE,Bus,BEST,18.91532,72.818139,
VAKOLA POLICE STATION,Bus,BEST,19.080098,72.849488,
L & T GATE NO.6 (POWAI),Bus,BEST,19.123925,72.892714,
SU PUMPS (MULUND-WEST),Bus,BEST,19.1845333,72.9432,
AZAD NAGAR (KALINA),Bus,BEST,19.078725,72.866583,
CHHATRAPATI SHIVAJI MAHARAJ TERMINUS(CSMT),Bus,BEST,18.940899,72.834646,
S.I.E.S COLLEGE (NERUL),Bus,BEST,19.042602,73.02226,
BHANDUP PUMPING CENTRE,Bus,BEST,19.154491,72.958134,
MHADA COLONY (MAJAS),Bus,BEST,19.134167,72.866324,
BALKANJI BARI SCHOOL,Bus,BEST,19.084712,72.832713,
DIAMOND BOURSE (BKC),Bus,BEST,19.066618,72.864709,
DHOBI GHAT (TROMBAY),Bus,BEST,19.035457,72.947021,
NAIR HOSPITAL,Bus,BEST,18.973368,72.822628,
SANTACRUZ STATION (E),Bus,BEST,19.081403,72.842399,
"ASHOK NAGAR (THANE), VILO S SOCIETY",Bus,BEST,19.222252,72.994358,
MANGATRAM PETROLPUMP,Bus,BEST,19.139158,72.930835,
KASTURI VIDYALAYA,Bus,BEST,19.152086,72.939245,
KANDIVALI STATION (E),Bus,BEST,19.202313,72.853277,
DAULAT NAGAR (DAHISAR),Bus,BEST,19.236438,72.859199,
SHANTI ASHRAM (BORIVALI-W),Bus,BEST,19.242131,72.846841,
KURLA STATION (W),Bus,BEST,19.067691,72.878742,
CHHATRAPATI SHIVAJI MAHARAJ TERMINUS(CSMT),Bus,BEST,18.939409,72.835977,
"CHEMBUR NAKA, SWAMI VIVEKANAND CHOWK",Bus,BEST,19.054037,72.893189,
THANE BELAPUR JUNCTION,Bus,BEST,19.06753,73.013348,
CHITRA CINEMA,Bus,BEST,19.01382,72.844717,
CHEMBUR COLONY,Bus,BEST,19.044497,72.89345,
NAAGRI NIWARA 1 & 2,Bus,BEST,19.172714,72.881286,
VATSALABAI DESAI CHOWK (HAJI ALI),Bus,BEST,18.978565,72.813963,
SUNDERVAN (ANDHERI-W),Bus,BEST,19.137747,72.825781,
"MODERN BAKERY, RESERVIOR",Bus,BEST,19.145041,72.877544,
SUNDAR NAGAR (BHAYANDER-E),Bus,BEST,19.283899,72.871396,
S.N.D.T. (JUHU),Bus,BEST,19.085325,72.83066,
SONA UDYOG INDUSTRIAL ESTATE,Bus,BEST,19.125949,72.854039,
MOHITE PATIL NAGAR (MANKHURD),Bus,BEST,19.053081,72.9358,
SHEETAL CINEMA (KURLA-W),Bus,BEST,19.081957,72.881899,
MAHESHWARI UDYAN (KINGS CIRCLE),Bus,BEST,19.026999,72.855935,
SANT GADGE MAHARAJ CHOWK (SAATRASTA),Bus,BEST,18.981168,72.827171,
A.H.ANSARI CHOWK (NAGPADA),Bus,BEST,18.973881,72.832352,
MHADA COLONY (FOUR BUNGALOWS),Bus,BEST,19.13844,72.822121,
E.S.I.S. LOCAL OFFICE POWAI,Bus,BEST,19.117266,72.889695,
TOLANI COLLEGE,Bus,BEST,19.128547,72.864968,
VIJAY VALLABH CHOWK (PYDHONIE),Bus,BEST,18.954087,72.831617,
ST.MARY SCHOOL (KALINA),Bus,BEST,19.078238,72.868436,
KAALA HANUMAN MANDIR,Bus,BEST,19.204821,72.846866,
CHARKOP POLICE STATION,Bus,BEST,19.214803,72.820955,
PALI HILL NAKA (GURU NANAK ROAD),Bus,BEST,19.059452,72.831051,
KANDIVALI VILLAGE,Bus,BEST,19.205377,72.841788,
P.M.G.P COLONY (MAJAS),Bus,BEST,19.134069,72.86927,
BHARAT NAGAR (BANDRA-E),Bus,BEST,19.065176,72.854619,
SAMRAT ASHOK NAGAR,Bus,BEST,19.054468,72.913083,
SAIBABA MANDIR (KANDIVALI-W),Bus,BEST,19.218061,72.828712,
RAILWAY CROSSING (MANDVI),Bus,BEST,18.95911,72.846093,
CHUIM VILLAGE,Bus,BEST,19.072105,72.825825,
WADALA STATION (W),Bus,BEST,19.016331,72.858279,
ANAND NAGAR (OSHIWARA),Bus,BEST,19.150329,72.836009,
HEMA PARK (BHANDUP-E),Bus,BEST,19.147985,72.942354,
JUI NAGAR RAILWAY STATION,Bus,BEST,19.056335,73.019577,
DAMU NAGAR BUS STATION,Bus,BEST,19.200085,72.878087,
UMA MAHESHWARI MANDIR,Bus,BEST,19.093604,72.886407,
CROSS GARDEN,Bus,BEST,19.302904,72.849872,
GANESHMURTI NAGAR POLICE CHOWKY,Bus,BEST,18.91013,72.813217,
RAM GANESH GADKARI CHOWK (DADAR-W),Bus,BEST,19.026131,72.840842,
NATIONAL COLLEGE (BANDRA-W),Bus,BEST,19.063204,72.834716,
PUMP HOUSE (ANDHERI-E),Bus,BEST,19.125833,72.856881,
AMBAWADI,Bus,BEST,19.241135,72.859625,
"ACHARYA GARDEN, DIAMOND GARDEN",Bus,BEST,19.052414,72.899745,
DIVINE CHILD HIGH SCHOOL,Bus,BEST,19.113306,72.86395,
MIRA GAONTHAN,Bus,BEST,19.267126,72.877245,
JEEVAN NAGAR,Bus,BEST,19.132069,72.833095,
"LOKSHAHIR SATHE UDYAN, SUMAN NAGAR",Bus,BEST,19.054188,72.884287,
KHAR STATION (W) ROAD,Bus,BEST,19.070812,72.837446,
MANSI PLAZA,Bus,BEST,19.244669,72.846306,
KINNARI HALL (KANNAMWAR NAGAR),Bus,BEST,19.11127,72.934346,
MADINA MANZIL (MALAD-W),Bus,BEST,19.17302,72.845252,
MOTILAL NAGAR POST OFFICE,Bus,BEST,19.159186,72.840851,
WILSON COLLEGE,Bus,BEST,18.956086,72.811135,
BUDDHAVIHAR (MALVANI),Bus,BEST,19.1950667,72.8259167,
YASHWANTRAO CHAVAN PRATISHTHAN (MANTRALAYA),Bus,BEST,18.925588,72.825886,
R.C.F.(CHEMBUR)OFFICE,Bus,BEST,19.035065,72.89199,
SUBHASH TOWER,Bus,BEST,19.2081,73.011738,
RUIA COLLEGE (MATUNGA-E),Bus,BEST,19.022335,72.85135,
SEWREE RAILWAY PHATAK,Bus,BEST,18.992684,72.85079,
"HANUMAN MANDIR (DADAR-W), D SILVA SCHOOL",Bus,BEST,19.020133,72.840998,
JUHU KOLIWADA,Bus,BEST,19.085992,72.828104,
MUNICIPAL DISPENSARY (VAKOLA),Bus,BEST,19.0824333,72.8504167,
S.K.PATIL GARDEN (CHARNI ROAD),Bus,BEST,18.949119,72.821471,
R.K.STUDIO,Bus,BEST,19.047447,72.90767,
"GANESH NAGAR (DAHISAR), GOKUL ANAND HOTEL",Bus,BEST,19.244029,72.864987,
RANI LAXMIBAI CHOWK (SION),Bus,BEST,19.045487,72.86435,
MALAD STATION (W),Bus,BEST,19.187981,72.846469,
KRISHNA LEELA CO-OPERATIVE HOUSING SOCIETY,Bus,BEST,19.168522,72.833685,
SHIVAJI NAGAR (PAREL),Bus,BEST,19.001277,72.853643,
M.M.R.D.A. PAY & PARK (BKC),Bus,BEST,19.061991,72.861177,
GOPAL BHAVAN (GHATKOPAR-W),Bus,BEST,19.09045,72.909738,
NANA CHOWK,Bus,BEST,18.962015,72.814396,
"JAMBHULPADA, SHIVSENA OFFICE",Bus,BEST,19.093401,72.90011,
JAI MAHARASHTRA NAGAR (BORIVALI -E),Bus,BEST,19.221446,72.868671,
"DUMPING GROUND, NIRANKARI BHAVAN",Bus,BEST,19.067146,72.925907,
POST OFFICE (SION),Bus,BEST,19.028081,72.853104,
ALLAHABAD BANK,Bus,BEST,19.112948,72.85303,
DON BOSCO SCHOOL (BORIVALI ),Bus,BEST,19.230952,72.840837,
SHITALADEVI TEMPLE (MAHIM),Bus,BEST,19.032854,72.842214,
"BHARATMATA CINEMA, MAHADEO PALAV MARG",Bus,BEST,18.99533,72.835432,
"KIRTI COLLEGE, INDIA UNITED MILL",Bus,BEST,19.021691,72.833844,
PANCHAVATI HOUSING SOCIETY,Bus,BEST,19.177868,72.855917,
NATIONAL COLLEGE (BANDRA-W),Bus,BEST,19.064044,72.834914,
KAPADIA NAGAR,Bus,BEST,19.075304,72.872752,
PLAY HOUSE,Bus,BEST,18.96175,72.822401,
KAMGAR STADIUM (PRABHADEVI),Bus,BEST,19.011203,72.83542,
MAHATMA GANDHI SWIMMING POOL (KANDIVALI-W),Bus,BEST,19.205479,72.84485,
GAIWADI,Bus,BEST,18.954286,72.819919,
WORLI VILLAGE,Bus,BEST,19.016785,72.820085,
LOKMANYA TILAK HOSPITAL (SION),Bus,BEST,19.037698,72.861115,
COLABA BUS STATION,Bus,BEST,18.914104,72.822867,
MHADA COLONY (SHIVAJI NAGAR),Bus,BEST,19.062744,72.915703,
KRISHNA VATIKA (DAHISAR-E),Bus,BEST,19.2628167,72.8617833,
PUSHPA PARK (MALAD-E),Bus,BEST,19.189677,72.858172,
GANDHI NAGAR (KANJURMARG),Bus,BEST,19.125253,72.926161,
SARDAR PATEL NAGAR (PARK STREET),Bus,BEST,19.141392,72.819562,
GLAXO COMPANY,Bus,BEST,19.219228,72.967177,
MADH SONAPUR,Bus,BEST,19.141996,72.79632,
BIMBISAR NAGAR,Bus,BEST,19.146403,72.855737,
PANDURANG WADI,Bus,BEST,19.173583,72.850757,
MAHATMA PHULE MARKET (CRAWFORD MARKET),Bus,BEST,18.948207,72.834555,
BARVE NAGAR,Bus,BEST,19.097774,72.901496,
UMARSHI BAPPA CHOWK,Bus,BEST,19.053809,72.887498,
GANDHI NAGAR (KANJURMARG),Bus,BEST,19.125271,72.923804,
CENTRAL DAIRY TABELA (AAREY COLONY),Bus,BEST,19.157103,72.882966,
AGRA ROAD NAKA (MULUND-W),Bus,BEST,19.178015,72.943559,
BKC TELEPHONE EXCHANGE,Bus,BEST,19.070723,72.871177,
MANGATRAM PETROLPUMP,Bus,BEST,19.139149,72.930939,
E.S.I.S.HOSPITAL (MULUND),Bus,BEST,19.179171,72.94546,
JOHAR CHOWK (BHENDI BAZAAR),Bus,BEST,18.958115,72.831016,
SEEPZ BUS STATION,Bus,BEST,19.125742,72.873476,
SHIVNERI BUILDING (BORIVALI -W),Bus,BEST,19.227101,72.823988,
GHODAPDEV,Bus,BEST,18.972028,72.845211,
SHANTI NAGAR,Bus,BEST,19.079858,72.874507,
WORLI DAIRY,Bus,BEST,18.997653,72.811829,
GAWANPADA (MULUND-E),Bus,BEST,19.173471,72.96187,
PRINCESS DOCK,Bus,BEST,18.955241,72.842222,
NOORANI MASJID (PATHANWADI),Bus,BEST,19.179272,72.862429,
SHIMPAVALI TELEPHONE EXCHANGE,Bus,BEST,19.223309,72.84091,
KHAR DANDA,Bus,BEST,19.074849,72.823048,
DWARKADHISH SOCIETY,Bus,BEST,19.166616,72.833097,
MUMBAI GYMKHANA,Bus,BEST,18.938863,72.830062,
MHADA COLONY (CHANDIVALI),Bus,BEST,19.111234,72.896806,
SHASTRI NAGAR (GOREGAON-W),Bus,BEST,19.1599333,72.8359667,
"GAUTAM NAGAR, DEONAR ABATTOIR",Bus,BEST,19.059392,72.914944,
SUMATI SCHOOL,Bus,BEST,19.113236,72.824399,
SUKHMANI SOCIETY,Bus,BEST,19.113331,72.829964,
POLICE COLONY (WORLI),Bus,BEST,19.004396,72.816838,
NAV SOCIETY,Bus,BEST,19.100517,72.8532,
SHANTI ASHRAM (BORIVALI-W),Bus,BEST,19.242402,72.846812,
KALYAN NAGAR,Bus,BEST,19.114835,72.887301,
600 TENAMENT GATE,Bus,BEST,19.053295,72.919383,
MIRA ROAD STATION (E),Bus,BEST,19.253044,72.862404,
HIRA NAGAR (MULUND-W),Bus,BEST,19.161654,72.945614,
MADHUR COLONY (MALAD-W),Bus,BEST,19.179249,72.838783,
BORIVALI PHATAK (W),Bus,BEST,19.234196,72.857194,
JOHAR CHOWK (BHENDI BAZAAR),Bus,BEST,18.958252,72.832468,
NARSIPADA,Bus,BEST,19.201344,72.86486,
DOORDARSHAN (WORLI),Bus,BEST,19.007198,72.818592,
AAKASHGANGA SOCIETY,Bus,BEST,19.046931,72.860264,
"PADMASHREE MOHAMMED RAFI CHOWK, BANDRA (W)",Bus,BEST,19.055075,72.837629,
C-CROSS ROAD (SEEPZ) JUNCTION,Bus,BEST,19.123528,72.87188,
"K.E.M HOSPITAL, NURSES QUARTERS",Bus,BEST,19.001099,72.843158,
RANI SATI MARG JUNCTION (MALAD-E),Bus,BEST,19.180065,72.858178,
MILITARY CAMP (KALINA),Bus,BEST,19.081792,72.858372,
RIZVI COMPLEX (CARTER ROAD),Bus,BEST,19.066204,72.823131,
"CHINCHWADI, GARTEN PADA NO.1",Bus,BEST,19.254185,72.870218,
AKSHAY,Bus,BEST,19.052271,72.832529,
"VASHI SECTOR 10,15",Bus,BEST,19.08094,72.999146,
MERIND COMPANY,Bus,BEST,19.161735,72.943997,
HUMA CINEMA (KANJURMARG-W),Bus,BEST,19.129337,72.925751,
OSWAL PARK,Bus,BEST,19.2147,72.9759833,
NEIGHBOUR HOOD SOCIETY,Bus,BEST,19.195577,72.878023,
SIDDHARTH NAGAR (GOREGAON-W) NO.2,Bus,BEST,19.155041,72.843573,
KHETWADI (GIRGAON),Bus,BEST,18.958164,72.823249,
DR.AMBEDKAR CHOWK (GOREGAON-E),Bus,BEST,19.173629,72.856807,
GADI ADDA,Bus,BEST,18.9948,72.853914,
BLOSSOM COMPANY,Bus,BEST,19.117082,72.880846,
DOCKYARD COLONY (KANJURMARG-W),Bus,BEST,19.130837,72.926644,
AIROLI SECTOR 17,Bus,BEST,19.152238,72.992955,
MODERN USHA COLONY,Bus,BEST,19.190132,72.83422,
SHANTIVAN ROAD JUNCTION (OSHIWARA),Bus,BEST,19.150742,72.831541,
SUDHINDRA NAGAR,Bus,BEST,19.2593,72.8604,
BANDRA COLONY BUS STATION,Bus,BEST,19.061669,72.850469,
JACKERIA BUNDER,Bus,BEST,18.989799,72.846424,
"NAVSENA GATE, KIROL VILLAGE",Bus,BEST,19.082342,72.895753,
DAHANUKAR WADI,Bus,BEST,19.207173,72.83765,
CHAKALA MARKET,Bus,BEST,18.949102,72.834754,
MEHRABAD BAUG,Bus,BEST,19.143917,72.839075,
CHAKALA CIGARETTE FACTORY,Bus,BEST,19.106682,72.859459,
FOREST CLUB (POWAI),Bus,BEST,19.114399,72.907145,
NIRMAN BHAVAN,Bus,BEST,18.964034,72.846622,
DR.M.IQBAL CHOWK (J J HOSPITAL),Bus,BEST,18.963284,72.832161,
VASANTRAO NAIK CHOWK (TARDEO),Bus,BEST,18.969821,72.815016,
BHARAT NAGAR (VESAVE),Bus,BEST,19.125404,72.822351,
VIJAY PRINTING PRESS (SAKI NAKA),Bus,BEST,19.101626,72.884674,
NAVAPADA UNIT NO.5 (AAREY COLONY),Bus,BEST,19.157697,72.875998,
CHITRA CINEMA,Bus,BEST,19.013549,72.844783,
C.K.P.COLONY,Bus,BEST,19.232022,72.846809,
VERSOVA VIEW (ANDHERI-W),Bus,BEST,19.124221,72.824119,
NENSEY COLONY,Bus,BEST,19.237678,72.863735,
POWAI VIHAR COMPLEX,Bus,BEST,19.119186,72.90377,
ESIC NAGAR,Bus,BEST,19.12166,72.829986,
SANTOSHI MATA MANDIR (MULUND-W),Bus,BEST,19.183246,72.948322,
"MAROL NAKA, MATA RAMABAI AMBEDKAR CHOWK",Bus,BEST,19.108733,72.877515,
DOCKYARD ROAD RAILWAY STATION,Bus,BEST,18.968116,72.844065,
JIJAMATA BHOSLE MARG JUNCTION (CHEMBUR),Bus,BEST,19.069707,72.905905,
"MADH BEACH, MADH CHURCH",Bus,BEST,19.144213,72.790225,
VIJAY PRINTING PRESS (SAKI NAKA),Bus,BEST,19.101852,72.884807,
J.J.HOSPITAL NURSING SOCIETY (MADH),Bus,BEST,19.184972,72.797742,
SATPUDA SOCIETY,Bus,BEST,19.169949,72.881411,
KAVERI MAHIMA SOCIETY (GOREGAON-W),Bus,BEST,19.167736,72.833496,
BALAJI NAGAR,Bus,BEST,19.310203,72.850486,
J.V.P.D.BUS STATION,Bus,BEST,19.116112,72.829011,
KASTURBA GANDHI CHOWK (C.P.TANK),Bus,BEST,18.954381,72.825863,
SURYA SHOPPING CENTRE,Bus,BEST,19.274277,72.869327,
DON BOSCO SCHOOL (BORIVALI ),Bus,BEST,19.231087,72.840742,
GHATKOPAR BUS STATION,Bus,BEST,19.088094,72.918196,
VIDHAN BHAVAN,Bus,BEST,18.925903,72.823266,
DOORDARSHAN (WORLI),Bus,BEST,19.007306,72.818469,
BASANT TALKIES,Bus,BEST,19.045711,72.903776,
C.G.S.DISPENSARY,Bus,BEST,19.029542,72.863666,
PRARTHANALAYA,Bus,BEST,19.051829,72.821642,
TUMNI PADA,Bus,BEST,19.221734,72.886198,
GURU TEG BAHADUR NAGAR STATION,Bus,BEST,19.037537,72.863538,
"HARI BHAKTI, DOVEL COMPANY",Bus,BEST,19.281766,72.889834,
PAREL WORKSHOP,Bus,BEST,18.999569,72.837812,
TEEN BATTI (WALKESHWAR),Bus,BEST,18.947446,72.796749,
VAISHALI NAGAR (MULUND-W),Bus,BEST,19.187166,72.945745,
AMAR NAGAR,Bus,BEST,19.167687,72.931885,
"PUNCHKUTIR, GANESH MANDIR (POWAI)",Bus,BEST,19.12375,72.909718,
"BANDRA TALKIES, SHROFF EYE HOSPITAL",Bus,BEST,19.061082,72.837159,
VIJAY GARDEN,Bus,BEST,19.259411,72.969995,
RAHEJA COLLEGE (SANTACRUZ-W),Bus,BEST,19.085679,72.832437,
KHODADAD CIRCLE (DADAR TT),Bus,BEST,19.017853,72.849795,
"TARDEO BUS STATION, RUSI MEHTA CHOWK",Bus,BEST,18.964116,72.820699,
ANAND HOSPITAL (DAHISAR),Bus,BEST,19.2577667,72.85945,
DADASAHEB SARFARE CHOWK,Bus,BEST,19.012802,72.848877,
KAMAL AMROHI STUDIO,Bus,BEST,19.134569,72.874317,
"CHINCHWADI, GARTEN PADA NO.1",Bus,BEST,19.254337,72.870109,
SANTACRUZ STATION (W) ROAD,Bus,BEST,19.083198,72.838036,
THAKURDWAR (GIRGAON),Bus,BEST,18.953329,72.821002,
JEEVAN BIMA NAGAR (BORIVALI -W),Bus,BEST,19.244139,72.850463,
WADALA STATION (W),Bus,BEST,19.018039,72.859598,
PODDAR HOSPITAL (WORLI),Bus,BEST,19.003257,72.815955,
"CIPLA COMPANY, MILITARY CANTEEN",Bus,BEST,19.113536,72.92623,
DOCKYARD ROAD RAILWAY STATION,Bus,BEST,18.966147,72.844332,
"INDIRA NAGAR (KAMANI), KHALAI VILLAGE",Bus,BEST,19.08198,72.893995,
COLLECTOR BUNGALOW (AAREY COLONY),Bus,BEST,19.1524,72.87069,
ANDHERI STATION (W),Bus,BEST,19.119231,72.845328,
IMAX CINEMA,Bus,BEST,19.0302,72.88008,
OSHIWARA BRIDGE,Bus,BEST,19.148401,72.843178,
SAIBABA NAGAR (BORIVALI -W),Bus,BEST,19.217097,72.845174,
KENDRIYA VIDYALAYA (MALAD-W),Bus,BEST,19.188342,72.798005,
GOREGAON (W) BUS STATION,Bus,BEST,19.1632667,72.84905,
DADAR STATION (W),Bus,BEST,19.016907,72.840687,
BALBHARATI (KANDIVALI-W),Bus,BEST,19.199916,72.848733,
HANUMAN MANDIR (KANDIVALI-W),Bus,BEST,19.093638,72.903864,
SHREE RAM MILL,Bus,BEST,18.997814,72.822029,
ANDHERI STATION (W),Bus,BEST,19.120867,72.845859,
JIJAMATA UDYAN (BYCULLA),Bus,BEST,18.980803,72.834531,
"COLABA BUS STATION, POST OFFICE",Bus,BEST,18.910931,72.820649,
MALAD STATION (W),Bus,BEST,19.18865,72.8472,
RAJKUMAR (ANDHERI-W),Bus,BEST,19.126689,72.838831,
MAHARSHI ARVIND CHOWK (MULUND-W),Bus,BEST,19.175413,72.952848,
VASANT VIHAR,Bus,BEST,19.221929,72.969764,
MALBAR HILL POLICE STATION,Bus,BEST,18.950104,72.799718,
KALINA VILLAGE,Bus,BEST,19.077712,72.864816,
VEER HUTATMA BHAI KOTWAL UDYAN (PLAZA),Bus,BEST,19.020947,72.842251,
JOGESHWARI (E) POLICE STATION,Bus,BEST,19.139446,72.855085,
MODERN USHA COLONY,Bus,BEST,19.190421,72.834154,
OMKARESHWAR MANDIR,Bus,BEST,19.229836,72.863502,
"DAMU NAGAR, MAYUR MARKET",Bus,BEST,19.2009833,72.87885,
JIJAMATA BHOSLE MARG JUNCTION (CHEMBUR),Bus,BEST,19.069726,72.908537,
AIROLI BUS STATION,Bus,BEST,19.156935,72.998194,
MAHARASHTRA NAGAR (BORIVALI -W),Bus,BEST,19.228637,72.85151,
STATE BANK (MAROL),Bus,BEST,19.114967,72.879802,
INSPECTOR KAKLIS CHOWK,Bus,BEST,18.964394,72.843716,
NEW HIND MILL MHADA COLONY,Bus,BEST,18.983951,72.841015,
GOVIND NAGAR,Bus,BEST,19.234292,72.851421,
MULUND STATION (E),Bus,BEST,19.171601,72.956765,
BORIVALI PHATAK (E),Bus,BEST,19.233781,72.858231,
SHIVAJI NAGAR BUS STATION,Bus,BEST,19.066234,72.929175,
ZAKERIA MASJID,Bus,BEST,18.952498,72.83403,
KHODADAD CIRCLE (DADAR TT),Bus,BEST,19.018999,72.848484,
GOKUL HEAVEN (KANDIVALI-E),Bus,BEST,19.209774,72.86747,
AMULAKH HIGH SCHOOL,Bus,BEST,19.025032,72.859736,
"MASINA HOSPITAL, RUSTOM BAUG",Bus,BEST,18.975872,72.837621,
BRAHMAND PHASE-5,Bus,BEST,19.244974,72.983548,
B.A.P.MARKET,Bus,BEST,19.073503,73.008466,
EVERARD NAGAR,Bus,BEST,19.051293,72.876755,
BHAYANDER MARKET,Bus,BEST,19.307731,72.855331,
VINAY INDUSTRY (SUBKUCH MARKET),Bus,BEST,19.175174,72.837179,
BUDDHAVIHAR (MALVANI),Bus,BEST,19.1952167,72.8261333,
PARSI PANCHAYAT (ANDHERI-E),Bus,BEST,19.1248,72.851473,
REAY ROAD BRIDGE,Bus,BEST,18.977493,72.84383,
PLAY HOUSE,Bus,BEST,18.961885,72.821888,
MADHUR COLONY (MALAD-W),Bus,BEST,19.179231,72.839296,
YOGI HILLS (MULUND-W),Bus,BEST,19.1842333,72.9385833,
SANT GADGE MAHARAJ CHOWK (SAATRASTA),Bus,BEST,18.980635,72.82663,
MAHAPE NAKA,Bus,BEST,19.113777,73.008801,
BAHAR CINEMA,Bus,BEST,19.108233,72.853756,
DANA BAZAR,Bus,BEST,19.083729,73.008535,
WAGHBIL,Bus,BEST,19.252663,72.972268,
ACHARYA ATRE CHOWK (WORLI NAKA),Bus,BEST,18.997205,72.816739,
SHIVAJIRAJE COMPLEX (KANDIVALI-W),Bus,BEST,19.201174,72.824988,
MARINE LINES RAILWAY STATION,Bus,BEST,18.945788,72.824047,
NAVJEEVAN NAGAR (GOREGAON-E),Bus,BEST,19.1528167,72.8805,
REAY ROAD STATION,Bus,BEST,18.97613,72.845398,
AGARWAL MUNICIPAL HOSPITAL,Bus,BEST,19.17853,72.946382,
"VASHI SECTOR 10,15",Bus,BEST,19.081067,72.999089,
MALAD STATION (W),Bus,BEST,19.18828,72.847381,
CARNAC BUNDER,Bus,BEST,18.949919,72.840783,
KOKANI PADA (MALAD-E),Bus,BEST,19.18426,72.86388,
BANDRA (W) BUS STATION,Bus,BEST,19.05504,72.839814,
MONGINIS (ANDHERI-W),Bus,BEST,19.138718,72.831855,
"OM SHIVDARSHAN SOCIETY, HANUMAN NAGAR",Bus,BEST,19.171843,72.874517,
PATKAR COLLEGE (GOREGAON-W),Bus,BEST,19.168024,72.845503,
MOUNT POINSUR CHURCH,Bus,BEST,19.24461,72.852489,
"SHIVAJI MAIDAN, MADINA MASJID",Bus,BEST,19.104111,72.914523,
MORARJI NAGAR (POWAI),Bus,BEST,19.133629,72.897406,
GANDHI MARKET (KINGS CIRCLE),Bus,BEST,19.033614,72.859427,
"MACCHIMAR NAGAR, RAHEJA HOSPITAL (MAHIM)",Bus,BEST,19.045764,72.842775,
JOGESHWARI (W) BUS STATION,Bus,BEST,19.134103,72.847599,
VASHI NAKA (CHEMBUR),Bus,BEST,19.034561,72.895657,
HAKOBA,Bus,BEST,18.988241,72.839245,
CHEMBUR COLONY,Bus,BEST,19.046467,72.893249,
HOLY CROSS ROAD (BORIVALI -W),Bus,BEST,19.248529,72.850061,
MAKHAMALI TALAO,Bus,BEST,19.198378,72.971826,
LOWER PAREL STATION,Bus,BEST,18.9982,72.830937,
VEER HUTATMA BHAI KOTWAL UDYAN (PLAZA),Bus,BEST,19.021118,72.841833,
DNYANSAGAR VIDAYALAYA,Bus,BEST,19.145973,72.833389,
TAGORE NAGAR POST OFFICE (VIKHROLI-E),Bus,BEST,19.115154,72.932455,
C.B.I.QUARTERS (GHATKOPAR-E),Bus,BEST,19.081769,72.910833,
DIAMOND PARK (VAKOLA),Bus,BEST,19.0834667,72.8519167,
THANE STATION (E),Bus,BEST,19.184971,72.976513,
BHANDUP POLICE STATION,Bus,BEST,19.150641,72.937753,
INDIAN OIL NAGAR (ANDHERI-W),Bus,BEST,19.12747,72.831131,
DAHISAR CHECK NAKA,Bus,BEST,19.258379,72.872399,
ORKAY MILL,Bus,BEST,19.120736,72.870713,
MAHARAJ BHAVAN,Bus,BEST,19.137785,72.856398,
KAMANI OIL INDUSTRIES (CHANDIVLI),Bus,BEST,19.113282,72.890552,
M.M.R.D.A.COLONY BUILDING NO.31,Bus,BEST,19.017393,72.889319,
"VISHAL HALL, PRAKASH STUDIO",Bus,BEST,19.118837,72.851715,
AMRUT NAGAR (VIKHROLI-W),Bus,BEST,19.101147,72.911863,
CHANDAN CINEMA,Bus,BEST,19.114829,72.827691,
M-EAST WARD OFFICE (GOVANDI-WEST),Bus,BEST,19.05615,72.921159,
SHIVAJI NAGAR (SEWREE),Bus,BEST,19.001277,72.853919,
SAHAR P & T COLONY NO.2,Bus,BEST,19.10148,72.863406,
"GUJRAT SOCIETY, DAYALDAS ROAD",Bus,BEST,19.096947,72.850836,
SAI SHRADDHA SHOPPING COMPLEX (MALVANI),Bus,BEST,19.178655,72.816478,
KURLA BUS STATION (E),Bus,BEST,19.064449,72.880216,
MIRA ROAD SECTOR 8,Bus,BEST,19.277346,72.865082,
PRABODHANKAR THACKERAY NAGAR BUS STATION (CHARKOP),Bus,BEST,19.219841,72.828711,
PRABHADEVI,Bus,BEST,19.016059,72.828492,
AAREY UNIT NO.8,Bus,BEST,19.169425,72.862035,
AMBIKA NAGAR,Bus,BEST,19.197664,72.955728,
KALA NAGAR (BANDRA-E),Bus,BEST,19.056399,72.846264,
PETROLEUM HOUSE (CHURCHGATE),Bus,BEST,18.929165,72.825076,
KHERANI BAUG,Bus,BEST,19.102526,72.898948,
"MUNICIPAL MARKET, SAIBABA MANDIR-(BORIVALI -E)",Bus,BEST,19.240833,72.86827,
KURLA STATION (W),Bus,BEST,19.067258,72.879169,
SHASTRI NAGAR (THANE),Bus,BEST,19.213862,72.95878,
ST.PETER S CHURCH (BANDRA-W),Bus,BEST,19.054961,72.829563,
BHATI VILLAGE,Bus,BEST,19.15898,72.78615,
"GOVERDHAN NAGAR, BORSAPADA",Bus,BEST,19.212165,72.846814,
SEAWOOD DARAVE RAILWAY PHATAK,Bus,BEST,19.023425,73.014986,
JACKERIA BUNDER,Bus,BEST,18.990596,72.848142,
"C.B.D.BELAPUR, KONKAN BHAVAN",Bus,BEST,19.023505,73.041612,
BHAVISHYA NIDHI BHAVAN (CHARKOP),Bus,BEST,19.215235,72.830968,
KHAMBATA LANE,Bus,BEST,18.960396,72.824187,
HEMA INDUSTRIAL ESTATE,Bus,BEST,19.131997,72.862846,
VISHWA PRAGATI MANDAL SPORTS COMPLEX,Bus,BEST,19.259227,72.853297,
AGHADI NAGAR,Bus,BEST,19.126449,72.859504,
WADALA STATION (W),Bus,BEST,19.017415,72.859019,
LOKHANDWALA COMPLEX JUNCTION (JOGESHWARI-W),Bus,BEST,19.141283,72.831624,
JAIBHIM NAGAR (GOREGAON-E),Bus,BEST,19.170262,72.874831,
MITTAL ESTATE (MAROL),Bus,BEST,19.107532,72.880642,
VINAY INDUSTRY (SUBKUCH MARKET),Bus,BEST,19.174225,72.83679,
KAMANI,Bus,BEST,19.08522,72.885081,
SAHYADRI SCHOOL,Bus,BEST,19.198041,72.99382,
PODDAR & RUIA COLLEGE (MATUNGA),Bus,BEST,19.024285,72.849867,
ST.XAVIERS HIGH SCHOOL (THANE),Bus,BEST,19.240729,72.977213,
"WESTERN HOTEL, LAXMI BAUG",Bus,BEST,19.276129,72.889066,
"TATA OIL MILL, HINDUSTAN LEVER LIMITED",Bus,BEST,18.980835,72.857351,
PRABHADEVI,Bus,BEST,19.013322,72.829197,
GENERAL ARUN KUMAR VAIDYA MARG JUNCTION (GOREGAON-E),Bus,BEST,19.174619,72.86072,
NERUL SECTOR 2,Bus,BEST,19.044148,73.01772,
CHHATRAPATI SHIVAJI MAHARAJ TERMINUS (GPO),Bus,BEST,18.938398,72.836765,
SHANTI SUDHA PARK (JAIN MANDIR),Bus,BEST,19.075671,72.912555,
ST.ANTHONY SCHOOL,Bus,BEST,19.055062,72.903934,
TATA POWER CENTRE (MAHUL),Bus,BEST,19.004308,72.905157,
CHIRAG NAGAR,Bus,BEST,19.086553,72.897348,
YASHWANTRAO CHAVAN PRATISHTHAN (MANTRALAYA),Bus,BEST,18.924478,72.826827,
BORIVALI (E) STATION,Bus,BEST,19.230665,72.858727,
KALAKILLA,Bus,BEST,19.04805,72.859171,
DAHANUKAR WADI,Bus,BEST,19.207236,72.837336,
VASANTRAO NAIK CHOWK (TARDEO),Bus,BEST,18.968683,72.816109,
SUBHASH NAGAR (CHEMBUR-E),Bus,BEST,19.060311,72.904778,
"MAHARASHTRA COLLEGE, ALEXANDRA CINEMA",Bus,BEST,18.967418,72.827163,
GORAI BRIDGE,Bus,BEST,19.226065,72.828002,
KHODADAD CIRCLE (DADAR TT),Bus,BEST,19.016965,72.845446,
KAPUR BAWDI,Bus,BEST,19.220682,72.977667,
SEVEN BUNGALOWS GARDEN,Bus,BEST,19.12857,72.816588,
RAJKUMAR (ANDHERI-W),Bus,BEST,19.126517,72.838954,
SHASTRI NAGAR (JUHU),Bus,BEST,19.089917,72.834629,
"BHAGATSINGH NAGAR, SEJAL PARK",Bus,BEST,19.155371,72.836585,
"GOVANDI STATION (E), PATWARDHAN SCHOOL",Bus,BEST,19.053737,72.913806,
CHRIST CHURCH SCHOOL,Bus,BEST,18.969615,72.829696,
MAFCO MARKET (SANPADA),Bus,BEST,19.070467,73.009139,
AMBEDKAR NAGAR (BHANDUP-W),Bus,BEST,19.160053,72.93065,
WHITE HOUSE,Bus,BEST,18.950829,72.80192,
GOKUL GARDEN (KANDIVALI-E),Bus,BEST,19.211217,72.863114,
GORAI BRIDGE,Bus,BEST,19.225984,72.82805,
VATSALABAI DESAI CHOWK (HAJI ALI),Bus,BEST,18.979865,72.812832,
WESTERN PARK,Bus,BEST,19.2735,72.8906833,
VIKAS NAGAR SOCIETY (ANDHERI-E),Bus,BEST,19.129078,72.860396,
S.K.PATIL GARDEN (CHARNI ROAD),Bus,BEST,18.95107,72.819817,
Churchgate,Local Train,Western,,,Code: CCG | Platforms: 4.0
Marine Lines,Local Train,Western,,,Code: MEL | Platforms: 4.0
Charni Road,Local Train,Western,,,Code: CYR | Platforms: 4.0
Grant Road,Local Train,Western,,,Code: GTR | Platforms: 4.0
Mumbai Central,Local Train,Western,,,Code: MMCT | Platforms: 9.0
Mahalakshmi,Local Train,Western,,,Code: MX | Platforms: 3.0
Lower Parel,Local Train,Western,,,Code: PL | Platforms: 3.0
Prabhadevi,Local Train,Western,,,Code: PBHD | Platforms: 2.0
Dadar,Local Train,Western,,,Code: D/DR/DDR | Platforms: 15.0
Matunga Road,Local Train,Western,,,Code: MRU | Platforms: 2.0
Mahim Jn,Local Train,Western,,,Code: MM | Platforms: 6.0
Bandra,Local Train,Western,,,Code: B/BA | Platforms: 7.0
Khar Road,Local Train,Western,,,Code: KHAR | Platforms: 6.0
Santacruz,Local Train,Western,,,Code: STC | Platforms: 6.0
Vile Parle,Local Train,Western,,,Code: VLP | Platforms: 6.0
Andheri,Local Train,Western,,,Code: A/AD/ADH | Platforms: 9.0
Jogeshwari,Local Train,Western,,,Code: JOS | Platforms: 6.0
Ram Mandir,Local Train,Western,,,Code: RMAR | Platforms: 4.0
Goregaon,Local Train,Western,,,Code: GMN | Platforms: 7.0
Malad,Local Train,Western,,,Code: MDD | Platforms: 4.0
Kandivali,Local Train,Western,,,Code: KLE | Platforms: 4.0
Borivali,Local Train,Western,,,Code: BO/BVI | Platforms: 10.0
Dahisar,Local Train,Western,,,Code: DIC | Platforms: 4.0
Mira Road,Local Train,Western,,,Code: MIRA | Platforms: 4.0
Bhayander,Local Train,Western,,,Code: BY | Platforms: 6.0
Naigaon,Local Train,Western,,,Code: NIG | Platforms: 3.0
Vasai Road,Local Train,Western,,,Code: BSR/BS | Platforms: 8.0
Nalla Sopara,Local Train,Western,,,Code: NSP | Platforms: 4.0
Virar,Local Train,Western,,,Code: VR | Platforms: 8.0
Vaitarna,Local Train,Western,,,Code: VTN | Platforms: 2.0
Saphale,Local Train,Western,,,Code: SAH | Platforms: 2.0
Kelve Road,Local Train,Western,,,Code: KLV | Platforms: 3.0
Palghar,Local Train,Western,,,Code: PLG | Platforms: 3.0
Umroli Road,Local Train,Western,,,Code: UOI | Platforms: 2.0
Boisar,Local Train,Western,,,Code: BOR | Platforms: 3.0
Vangaon,Local Train,Western,,,Code: VGN | Platforms: 3.0
Dahanu Road,Local Train,Western,,,Code: DRD | Platforms: 5.0
CSMT,Local Train,Central 1,,,Code: CSMT/ST | Platforms: 7.0
Masjid,Local Train,Central 1,,,Code: MSD | Platforms: 4.0
Sandhurst Road,Local Train,Central 1,,,Code: SNRD | Platforms: 4.0
Byculla,Local Train,Central 1,,,Code: BY | Platforms: 4.0
Chinchpokli,Local Train,Central 1,,,Code: CHG | Platforms: 2.0
Currey Road,Local Train,Central 1,,,Code: CRD | Platforms: 2.0
Parel,Local Train,Central 1,,,Code: PR | Platforms: 3.0
Dadar,Local Train,Central 1,,,Code: D/DR/DDR | Platforms: 15.0
Matunga,Local Train,Central 1,,,Code: MTN | Platforms: 4.0
Sion,Local Train,Central 1,,,Code: SIN | Platforms: 4.0
Kurla,Local Train,Central 1,,,Code: C/CH | Platforms: 8.0
Vidhyavihar,Local Train,Central 1,,,Code: VVH | Platforms: 2.0
Ghatkopar,Local Train,Central 1,,,Code: G | Platforms: 4.0
Vikhroli,Local Train,Central 1,,,Code: VK | Platforms: 4.0
Kanjur Marg,Local Train,Central 1,,,Code: KJMG | Platforms: 3.0
Bhandup,Local Train,Central 1,,,Code: BND | Platforms: 4.0
Nahur,Local Train,Central 1,,,Code: NHU | Platforms: 2.0
Mulund,Local Train,Central 1,,,Code: MLND | Platforms: 4.0
Thane,Local Train,Central 1,,,Code: TNA | Platforms: 10.0
Kalva,Local Train,Central 1,,,Code: KLVA | Platforms: 4.0
Mumbra,Local Train,Central 1,,,Code: MBQ | Platforms: 4.0
Diva Jn,Local Train,Central 1,,,Code: DIVA | Platforms: 8.0
Kopar,Local Train,Central 1,,,Code: KOPR | Platforms: 2.0
Dombivli,Local Train,Central 1,,,Code: DI | Platforms: 5.0
Thakurli,Local Train,Central 1,,,Code: THK | Platforms: 2.0
Kalyan,Local Train,Central 1,,,Code: KYN | Platforms: 8.0
Vithalwadi,Local Train,Central 1,,,Code: VLDI | Platforms: 2.0
Ulhas Nagar,Local Train,Central 1,,,Code: ULNR | Platforms: 2.0
Ambernath,Local Train,Central 1,,,Code: ABH | Platforms: 3.0
Badalpur,Local Train,Central 1,,,Code: BUD | Platforms: 3.0
Vangani,Local Train,Central 1,,,Code: VGI | Platforms: 2.0
Shelu,Local Train,Central 1,,,Code: SHLU | Platforms: 2.0
Neral,Local Train,Central 1,,,Code: NRL | Platforms: 2.0
Bhivpuri Road,Local Train,Central 1,,,Code: BVS | Platforms: 2.0
Karjat,Local Train,Central 1,,,Code: KJT/S | Platforms: 3.0
Palasdhari,Local Train,Central 1,,,Code: PDI | Platforms: 1.0
Kelavli,Local Train,Central 1,,,Code: KLY | Platforms: 1.0
Dolavli,Local Train,Central 1,,,Code: DLV | Platforms: 1.0
Lowjee,Local Train,Central 1,,,Code: LWJ | Platforms: 1.0
Khopoli,Local Train,Central 1,,,Code: KP | Platforms: 2.0
CSMT,Local Train,Central 2,,,Code: CSMT/ST | Platforms: 7.0
Masjid,Local Train,Central 2,,,Code: MSD | Platforms: 4.0
Sandhurst Road,Local Train,Central 2,,,Code: SNRD | Platforms: 4.0
Byculla,Local Train,Central 2,,,Code: BY | Platforms: 4.0
Chinchpokli,Local Train,Central 2,,,Code: CHG | Platforms: 2.0
Currey Road,Local Train,Central 2,,,Code: CRD | Platforms: 2.0
Parel,Local Train,Central 2,,,Code: PR | Platforms: 3.0
Dadar,Local Train,Central 2,,,Code: D/DR/DDR | Platforms: 15.0
Matunga,Local Train,Central 2,,,Code: MTN | Platforms: 4.0
Sion,Local Train,Central 2,,,Code: SIN | Platforms: 4.0
Kurla,Local Train,Central 2,,,Code: C/CH | Platforms: 8.0
Vidhyavihar,Local Train,Central 2,,,Code: VVH | Platforms: 2.0
Ghatkopar,Local Train,Central 2,,,Code: G | Platforms: 4.0
Vikhroli,Local Train,Central 2,,,Code: VK | Platforms: 4.0
Kanjur Marg,Local Train,Central 2,,,Code: KJMG | Platforms: 3.0
Bhandup,Local Train,Central 2,,,Code: BND | Platforms: 4.0
Nahur,Local Train,Central 2,,,Code: NHU | Platforms: 2.0
Mulund,Local Train,Central 2,,,Code: MLND | Platforms: 4.0
Thane,Local Train,Central 2,,,Code: TNA | Platforms: 10.0
Kalva,Local Train,Central 2,,,Code: KLVA | Platforms: 4.0
Mumbra,Local Train,Central 2,,,Code: MBQ | Platforms: 4.0
Diva Jn,Local Train,Central 2,,,Code: DIVA | Platforms: 8.0
Kopar,Local Train,Central 2,,,Code: KOPR | Platforms: 2.0
Dombivli,Local Train,Central 2,,,Code: DI | Platforms: 5.0
Thakurli,Local Train,Central 2,,,Code: THK | Platforms: 2.0
Kalyan,Local Train,Central 2,,,Code: KYN | Platforms: 8.0
Shahad,Local Train,Central 2,,,Code: SHAD | Platforms: 2.0
Ambivli,Local Train,Central 2,,,Code: ABY | Platforms: 2.0
Titwala,Local Train,Central 2,,,Code: TLA | Platforms: 3.0
Khadavli,Local Train,Central 2,,,Code: KDV | Platforms: 2.0
Vasind,Local Train,Central 2,,,Code: VSD | Platforms: 2.0
Asangaon,Local Train,Central 2,,,Code: ASO | Platforms: 2.0
Atagaon,Local Train,Central 2,,,Code: ATG | Platforms: 2.0
Thansit,Local Train,Central 2,,,Code: THS | Platforms: 2.0
Khardi,Local Train,Central 2,,,Code: KE | Platforms: 2.0
Umbermali,Local Train,Central 2,,,Code: OMB | Platforms: 2.0
Kasara,Local Train,Central 2,,,Code: KSRA | Platforms: 4.0
CSMT,Local Train,Harbour,,,Code: CSMT/ST | Platforms: 7.0
Masjid,Local Train,Harbour,,,Code: MSD | Platforms: 4.0
Sandhurst Road,Local Train,Harbour,,,Code: SNRD | Platforms: 4.0
Dockyarad Road,Local Train,Harbour,,,Code: DKRD | Platforms: 2.0
Reay Road,Local Train,Harbour,,,Code: RRD | Platforms: 2.0
Cotton Green,Local Train,Harbour,,,Code: CTGN | Platforms: 3.0
Sewri,Local Train,Harbour,,,Code: SVE | Platforms: 2.0
Vadala Road,Local Train,Harbour,,,Code: VDLR | Platforms: 4.0
GTB Nagar,Local Train,Harbour,,,Code: GTBN | Platforms: 1.0
Chunabhatti,Local Train,Harbour,,,Code: CHF | Platforms: 2.0
Kurla,Local Train,Harbour,,,Code: C/CH | Platforms: 8.0
Tilaknagar,Local Train,Harbour,,,Code: TKNG | Platforms: 2.0
Chembur,Local Train,Harbour,,,Code: CMBR | Platforms: 2.0
Govandi,Local Train,Harbour,,,Code: GV | Platforms: 2.0
Mankhurd,Local Train,Harbour,,,Code: MNKD | Platforms: 2.0
Vashi,Local Train,Harbour,,,Code: VSH | Platforms: 4.0
Sanpada,Local Train,Harbour,,,Code: SNCR | Platforms: 4.0
Juinagar,Local Train,Harbour,,,Code: JNJ | Platforms: 6.0
Nerul,Local Train,Harbour,,,Code: NEU | Platforms: 6.0
Seawood Darave,Local Train,Harbour,,,Code: SWDV | Platforms: 4.0
Belapur CBD,Local Train,Harbour,,,Code: BEPR | Platforms: 4.0
Kharghar,Local Train,Harbour,,,Code: KHAG | Platforms: 4.0
Mansarovar,Local Train,Harbour,,,Code: MANR | Platforms: 2.0
Khandeshwar,Local Train,Harbour,,,Code: KNDS | Platforms: 2.0
Panvel,Local Train,Harbour,,,Code: PNVL | Platforms: 7.0
Thane,Local Train,Trans Harbour,,,Code: TNA | Platforms: 10.0
Airoli,Local Train,Trans Harbour,,,Code: AIRL | Platforms: 2.0
Rabale,Local Train,Trans Harbour,,,Code: RABE | Platforms: 2.0
Ghansoli,Local Train,Trans Harbour,,,Code: GNSL | Platforms: 2.0
Koparkhairane,Local Train,Trans Harbour,,,Code: KPHN | Platforms: 2.0
Turbhe,Local Train,Trans Harbour,,,Code: TUH | Platforms: 4.0
Juinagar,Local Train,Trans Harbour,,,Code: JNJ | Platforms: 6.0
Nerul,Local Train,Trans Harbour,,,Code: NEU | Platforms: 6.0
Seawood Darave,Local Train,Trans Harbour,,,Code: SWDV | Platforms: 4.0
Belapur CBD,Local Train,Trans Harbour,,,Code: BEPR | Platforms: 4.0
Kharghar,Local Train,Trans Harbour,,,Code: KHAG | Platforms: 4.0
Mansarovar,Local Train,Trans Harbour,,,Code: MANR | Platforms: 2.0
Khandeshwar,Local Train,Trans Harbour,,,Code: KNDS | Platforms: 2.0
Panvel,Local Train,Trans Harbour,,,Code: PNVL | Platforms: 7.0
Nerul,Local Train,Uran,,,Code: NEU | Platforms: 6.0
Seawood Darave,Local Train,Uran,,,Code: SWDV | Platforms: 4.0
Belapur CBD,Local Train,Uran,,,Code: BEPR | Platforms: 4.0
Bamandongri,Local Train,Uran,,,Code: BMNDG | Platforms: 2.0
Kharkopar,Local Train,Uran,,,Code: KARP | Platforms: 2.0
Diva Jn,Local Train,Diva-Roha,,,Code: DIVA | Platforms: 8.0
Dativali,Local Train,Diva-Roha,,,Code: DTVL | Platforms: 3.0
Nilje,Local Train,Diva-Roha,,,Code: NIIJ | Platforms: 2.0
Taloja Panchanand,Local Train,Diva-Roha,,,Code: TPND | Platforms: 2.0
Navade Road,Local Train,Diva-Roha,,,Code: NVRD | Platforms: 3.0
Kalamboli,Local Train,Diva-Roha,,,Code: KLMG | Platforms: 2.0
Panvel,Local Train,Diva-Roha,,,Code: PNVL | Platforms: 7.0
Somtane,Local Train,Diva-Roha,,,Code: SMNE | Platforms: 2.0
Rasayani,Local Train,Diva-Roha,,,Code: RSYI | Platforms: 2.0
Apta,Local Train,Diva-Roha,,,Code: APTA | Platforms: 2.0
Jite,Local Train,Diva-Roha,,,Code: JITE | Platforms: 2.0
Hamarapur,Local Train,Diva-Roha,,,Code: HPUR | Platforms: 2.0
Pen,Local Train,Diva-Roha,,,Code: PEN | Platforms: 3.0
Kasu,Local Train,Diva-Roha,,,Code: KASU | Platforms: 2.0
Nagothane,Local Train,Diva-Roha,,,Code: NGTN | Platforms: 2.0
Nidi,Local Train,Diva-Roha,,,Code: NIDI | Platforms: 2.0
Roha,Local Train,Diva-Roha,,,Code: ROHA | Platforms: 3.0
Dahanu Road,Local Train,Dahanu-Virar-Panvel,,,Code: DRD | Platforms: 5.0
Vangaon,Local Train,Dahanu-Virar-Panvel,,,Code: VGN | Platforms: 3.0
Boisar,Local Train,Dahanu-Virar-Panvel,,,Code: BOR | Platforms: 3.0
Umroli Road,Local Train,Dahanu-Virar-Panvel,,,Code: UOI | Platforms: 2.0
Palghar,Local Train,Dahanu-Virar-Panvel,,,Code: PLG | Platforms: 3.0
Kelva Road,Local Train,Dahanu-Virar-Panvel,,,Code: KLV | Platforms: 3.0
Saphale,Local Train,Dahanu-Virar-Panvel,,,Code: SAH | Platforms: 2.0
Vaitarna,Local Train,Dahanu-Virar-Panvel,,,Code: VTN | Platforms: 2.0
Virar,Local Train,Dahanu-Virar-Panvel,,,Code: VR | Platforms: 8.0
Nalla Sopara,Local Train,Dahanu-Virar-Panvel,,,Code: NSP | Platforms: 4.0
Vasai Road,Local Train,Dahanu-Virar-Panvel,,,Code: BSR/BS | Platforms: 8.0
Juchandra Road,Local Train,Dahanu-Virar-Panvel,,,
Kaman Road,Local Train,Dahanu-Virar-Panvel,,,Code: KARD | Platforms: 3.0
Kharbao,Local Train,Dahanu-Virar-Panvel,,,Code: KHBV | Platforms: 4.0
Bhiwandi Road,Local Train,Dahanu-Virar-Panvel,,,Code: BIRD | Platforms: 5.0
Kopar,Local Train,Dahanu-Virar-Panvel,,,Code: KOPR | Platforms: 2.0
Dativali,Local Train,Dahanu-Virar-Panvel,,,Code: DTVL | Platforms: 3.0
Nilje,Local Train,Dahanu-Virar-Panvel,,,Code: NIIJ | Platforms: 2.0
Taloja Panchanand,Local Train,Dahanu-Virar-Panvel,,,Code: TPND | Platforms: 2.0
Navade Road,Local Train,Dahanu-Virar-Panvel,,,Code: NVRD | Platforms: 3.0
Kalamboli,Local Train,Dahanu-Virar-Panvel,,,Code: KLMG | Platforms: 2.0
Panvel,Local Train,Dahanu-Virar-Panvel,,,Code: PNVL | Platforms: 7.0
Neral,Local Train,Neral-Matheran,,,Code: NRL | Platforms: 2.0
Jumapatti,Local Train,Neral-Matheran,,,
Waterpipe,Local Train,Neral-Matheran,,,
Aman Lodge,Local Train,Neral-Matheran,,,
Matheran,Local Train,Neral-Matheran,,,
Versova,Metro,Line 1,,,Order: 1
D. N. Nagar,Metro,Line 1,,,Order: 2
Azad Nagar,Metro,Line 1,,,Order: 3
Andheri,Metro,Line 1,,,Order: 4
Western Express Highway,Metro,Line 1,,,Order: 5
Chakala (J B Nagar),Metro,Line 1,,,Order: 6
Airport Road,Metro,Line 1,,,Order: 7
Marol Naka,Metro,Line 1,,,Order: 8
Saki Naka,Metro,Line 1,,,Order: 9
Asalpha Road,Metro,Line 1,,,Order: 10
Jagruti Nagar,Metro,Line 1,,,Order: 11
Ghatkopar,Metro,Line 1,,,Order: 12
Dahisar East,Metro,Line 2A,,,Order: 1
Anand Nagar,Metro,Line 2A,,,Order: 2
Kandarpada,Metro,Line 2A,,,Order: 3
Mandapeshwar,Metro,Line 2A,,,Order: 4
Eksar,Metro,Line 2A,,,Order: 5
Borivali West,Metro,Line 2A,,,Order: 6
Shimpoli,Metro,Line 2A,,,Order: 7
Kandivli West,Metro,Line 2A,,,Order: 8
Dahanukarwadi,Metro,Line 2A,,,Order: 9
ValnaiâMeeth Chowky,Metro,Line 2A,,,Order: 10
Malad West,Metro,Line 2A,,,Order: 11
Lower Malad,Metro,Line 2A,,,Order: 12
Bangur Nagar,Metro,Line 2A,,,Order: 13
Goregaon West,Metro,Line 2A,,,Order: 14
Oshiwara,Metro,Line 2A,,,Order: 15
Lower Oshiwara,Metro,Line 2A,,,Order: 16
Andheri West,Metro,Line 2A,,,Order: 17
Cuffe Parade,Metro,Line 3,,,Order: 1
Vidhan Bhavan,Metro,Line 3,,,Order: 2
Churchgate,Metro,Line 3,,,Order: 3
Hutatma Chowk,Metro,Line 3,,,Order: 4
Chhatrapati Shivaji Maharaj Terminus,Metro,Line 3,,,Order: 5
Kalbadevi,Metro,Line 3,,,Order: 6
Girgaon,Metro,Line 3,,,Order: 7
Grant Road,Metro,Line 3,,,Order: 8
Jagannath Shankar Sheth,Metro,Line 3,,,Order: 9
Mahalaxmi,Metro,Line 3,,,Order: 10
Science Centre,Metro,Line 3,,,Order: 11
Acharya Atre Chowk,Metro,Line 3,,,Order: 12
Worli,Metro,Line 3,,,Order: 13
Siddhivinayak,Metro,Line 3,,,Order: 14
Dadar,Metro,Line 3,,,Order: 15
Shitala Devi Mandir,Metro,Line 3,,,Order: 16
Dharavi,Metro,Line 3,,,Order: 17
Bandra-Kurla Complex,Metro,Line 3,,,Order: 18
Bandra Colony,Metro,Line 3,,,Order: 19
Santacruz Metro,Metro,Line 3,,,Order: 20
Chhatrapati Shivaji Maharaj International Airport-T1,Metro,Line 3,,,Order: 21
Sahar Road,Metro,Line 3,,,Order: 22
Chhatrapati Shivaji Maharaj International Airport-T2,Metro,Line 3,,,Order: 23
Marol Naka,Metro,Line 3,,,Order: 24
MIDC-Andheri,Metro,Line 3,,,Order: 25
SEEPZ,Metro,Line 3,,,Order: 26
Aarey JVLR,Metro,Line 3,,,Order: 27
Dahisar East,Metro,Line 7,,,Order: 1
Ovaripada,Metro,Line 7,,,Order: 2
Rashtriya Udyan,Metro,Line 7,,,Order: 3
Devipada,Metro,Line 7,,,Order: 4
Magathane,Metro,Line 7,,,Order: 5
Poisar,Metro,Line 7,,,Order: 6
Akurli,Metro,Line 7,,,Order: 7
Kurar,Metro,Line 7,,,Order: 8
Dindoshi,Metro,Line 7,,,Order: 9
Aarey,Metro,Line 7,,,Order: 10
Goregaon East,Metro,Line 7,,,Order: 11
Jogeshwari East,Metro,Line 7,,,Order: 12
Mogra,Metro,Line 7,,,Order: 13
Gundavali,Metro,Line 7,,,Order: 14
Sant Gadge Maharaj Chowk,Monorail,Mumbai Monorail,,,Order: 1
Lower Parel,Monorail,Mumbai Monorail,,,Order: 2
Mint Colony,Monorail,Mumbai Monorail,,,Order: 3
Ambedkar Nagar,Monorail,Mumbai Monorail,,,Order: 4
Naigaon,Monorail,Mumbai Monorail,,,Order: 5
Dadar East,Monorail,Mumbai Monorail,,,Order: 6
Wadala Bridge,Monorail,Mumbai Monorail,,,Order: 7
Acharya Atre Nagar,Monorail,Mumbai Monorail,,,Order: 8
Antop Hill,Monorail,Mumbai Monorail,,,Order: 9
Guru Tegh Bahadur Nagar,Monorail,Mumbai Monorail,,,Order: 10
Wadala Depot,Monorail,Mumbai Monorail,,,Order: 11
Bhakti Park,Monorail,Mumbai Monorail,,,Order: 12
Mysore Colony,Monorail,Mumbai Monorail,,,Order: 13
Bharat Petroleum,Monorail,Mumbai Monorail,,,Order: 14
Fertilizer Township,Monorail,Mumbai Monorail,,,Order: 15
VNP & RC Marg Junction,Monorail,Mumbai Monorail,,,Order: 16
Chembur,Monorail,Mumbai Monorail,,,Order: 17
